50609.5,0x201,8,02 00 00 00 00 00 00 00
50614.6,0x2C1,8,B3 1A 98 00 00 00 00 00
50622.8,0x381,8,05 00 00 00 80 D9 64 08
50634.7,0x201,8,03 00 00 00 00 00 00 00
50635.2,0x2C1,8,04 00 00 00 00 00 00 00
50654.7,0x2C1,8,50 48 FE 00 50 8E 02 00
50657.1,0x281,6,1A 00 FF 1F 00 01
50659.5,0x201,8,00 32 51 1A 00 E4 FF 00
50660.2,0x224,8,04 08 00 A0 E3 00 10 08
50660.4,0x2B4,6,3D 05 0E 0F 01 01
50660.9,0x381,8,06 00 00 00 00 00 00 00
50662.5,0x29D,4,00 00 00 20
50669.1,0x333,5,84 0C 2F 07 00
50674.7,0x2C1,8,21 2B 0D 0A 02 00 00 00
50684.5,0x201,8,59 38 98 00 01 00 00 00
50694.5,0x2C1,8,02 19 06 00 00 D0 92 09
50698.8,0x381,8,07 00 00 00 00 00 00 00
50700.5,0x2F1,8,0A 85 01 00 00 00 00 00
50709.5,0x201,8,02 00 00 00 00 00 00 00
50714.8,0x2C1,8,B3 1A 98 00 00 00 00 00
50734.5,0x2C1,8,04 00 00 00 00 00 00 00
50734.8,0x201,8,03 00 00 00 00 00 00 00
50736.6,0x381,8,08 00 00 00 00 00 00 00
50754.6,0x2C1,8,50 48 FE 00 50 8E 02 00
50757.4,0x281,6,19 00 FF 1F 00 01
50759.7,0x201,8,00 33 51 1A 00 E4 FF 00
50760.4,0x224,8,04 08 00 A0 E3 00 10 08
50760.6,0x2B4,6,3B 05 0D 0F 03 01
50762.7,0x29D,4,00 00 00 20
50774.6,0x2C1,8,21 2B 0D 0A 02 00 00 00
50774.8,0x381,8,09 00 00 00 00 00 00 00
50784.5,0x201,8,59 38 98 00 01 00 00 00
50795.0,0x2C1,8,02 19 06 00 00 D0 92 09
50800.5,0x2F1,8,2B 74 00 00 00 00 00 00
50809.5,0x201,8,02 00 00 00 00 00 00 00
50812.5,0x381,8,0A 00 00 00 00 00 00 00
50814.6,0x2C1,8,B3 1A 98 00 00 00 00 00
50834.5,0x301,8,21 00 00 00 FF FF FF FF
50834.8,0x201,8,03 00 00 00 00 00 00 00
50835.1,0x2C1,8,04 00 00 00 00 00 00 00
50851.3,0x381,8,0B 00 00 00 00 00 00 00
50854.5,0x2C1,8,50 44 FE 00 50 8E 02 00
50857.2,0x281,6,1A 00 FF 1F 00 01
50859.6,0x201,8,00 30 4F 19 00 E4 FF 00
50860.4,0x224,8,04 08 00 A0 E3 00 10 08
50860.5,0x2B4,6,3D 05 0F 0F FB 00
50862.6,0x29D,4,00 00 00 20
50874.8,0x2C1,8,21 2B 0D 0A 02 00 00 00
50884.6,0x201,8,59 38 98 00 01 00 00 00
50888.7,0x381,8,0C 00 00 00 00 00 00 00
50894.5,0x2C1,8,02 19 06 00 00 D0 92 09
50900.5,0x2F1,8,0C 15 50 18 01 86 32 34
50909.5,0x201,8,02 00 00 00 00 00 00 00
50914.6,0x2C1,8,B3 1A 98 00 00 00 00 00
50926.6,0x381,8,0D 00 00 00 00 00 00 00
50934.8,0x201,8,03 00 00 00 00 00 00 00
50935.3,0x2C1,8,04 00 00 00 00 00 00 00
50954.8,0x2C1,8,50 44 FE 00 50 8E 02 00
50957.2,0x281,6,1B 00 FF 1F 00 01
50959.8,0x201,8,00 32 50 1A 00 E4 FF 00
50960.0,0x224,8,04 08 00 60 E3 00 10 08
50960.4,0x2B4,6,3B 05 0B 0F 00 01
50962.8,0x29D,4,00 00 00 20
50964.8,0x381,8,0E 00 00 00 00 E0 FF 00
50974.5,0x2C1,8,21 2B 0D 0A 02 00 00 00
50984.5,0x201,8,59 38 98 00 01 00 00 00
50994.5,0x2C1,8,02 19 06 00 00 D0 92 09
51000.5,0x2F1,8,0D C9 9B 40 21 C0 06 00
51002.8,0x381,8,EF FF FF CD 03 00 CF 0C
51009.5,0x201,8,02 00 00 00 00 00 00 00
51014.6,0x2C1,8,B3 1A 98 00 00 00 00 00
51034.7,0x201,8,03 00 00 00 00 00 00 00
51035.2,0x2C1,8,04 00 00 00 00 00 00 00
51040.5,0x381,8,10 00 00 00 00 00 00 00
51054.5,0x2C1,8,50 44 FE 00 50 8E 02 00
51057.1,0x281,6,1B 00 FF 1F 00 01
51059.7,0x201,8,00 32 4F 1A 00 E4 FF 00
51060.2,0x224,8,04 08 00 C0 E3 00 10 08
51060.4,0x2B4,6,3D 05 0D 0F F4 00
51063.1,0x29D,4,00 00 00 20
51074.5,0x2C1,8,21 2B 0D 0A 02 00 00 00
51078.8,0x381,8,11 00 00 00 00 00 00 00
51084.5,0x201,8,59 38 98 00 01 00 00 00
51094.5,0x2C1,8,02 19 06 00 00 D0 92 09
51100.9,0x2F1,8,0E 00 00 00 00 00 00 00
51109.5,0x201,8,02 00 00 00 00 00 00 00
51114.9,0x2C1,8,B3 1A 98 00 00 00 00 00
51117.6,0x381,8,B2 00 00 00 00 00 A8 00
51134.8,0x201,8,03 00 00 00 00 00 00 00
51135.3,0x2C1,8,04 00 00 00 00 00 00 00
51154.6,0x2C1,8,50 44 FE 00 50 8E 02 00
51154.8,0x381,8,13 00 00 00 00 04 FC FF
51157.1,0x281,6,1B 00 FF 1F 00 01
51159.7,0x201,8,00 31 4F 1A 00 E4 FF 00
51160.2,0x224,8,04 08 00 80 E3 00 10 08
51160.6,0x2B4,6,3A 05 0C 0F F4 00
51163.2,0x29D,4,00 00 00 20
51168.5,0x333,5,84 0C 2F 07 00
51174.6,0x2C1,8,21 2B 0D 0A 02 00 00 00
51184.5,0x201,8,59 38 98 00 01 00 00 00
51192.6,0x381,8,14 00 00 00 00 00 00 00
51194.8,0x2C1,8,02 19 06 00 00 D0 92 09
51200.5,0x2F1,8,0F 5E A9 96 99 B3 39 00
51209.5,0x201,8,02 00 00 00 00 00 00 00
51214.6,0x2C1,8,B3 1A 98 00 00 00 00 00
51230.5,0x381,8,15 60 58 32 50 00 1A 01
51234.6,0x321,8,37 DA A8 90 01 8A D0 C8
51234.8,0x201,8,03 00 00 00 00 00 00 00
51235.0,0x2C1,8,04 00 00 00 00 00 00 00
51254.6,0x2C1,8,50 44 FE 00 50 8E 02 00
51257.2,0x281,6,1B 00 FF 1F 00 01
51259.7,0x201,8,00 31 4F 1A 00 E4 FF 00
51260.2,0x224,8,04 08 00 C0 E3 00 10 08
51260.4,0x2B4,6,39 05 0D 0F EC 00
51263.0,0x29D,4,00 00 00 20
51268.6,0x381,8,16 10 00 00 00 7F 00 00
51274.8,0x2C1,8,21 2B 0D 0A 02 00 00 00
51284.8,0x201,8,59 38 98 00 01 00 00 00
51294.5,0x2C1,8,02 19 06 00 00 D0 92 09
51300.6,0x2F1,8,10 00 00 D6 13 00 00 00
51307.1,0x381,8,17 00 00 00 00 00 00 00
51309.5,0x201,8,02 00 00 00 00 00 00 00
51314.6,0x2C1,8,B3 1A 98 00 00 00 00 00
51334.6,0x2C1,8,04 00 00 00 00 00 00 00
51334.8,0x201,8,03 00 00 00 00 00 00 00
51344.6,0x381,8,18 00 00 00 00 00 00 00
51354.8,0x2C1,8,50 44 FE 00 50 8E 02 00
51357.3,0x281,6,1B 00 FF 1F 00 01
51359.7,0x201,8,00 33 4F 1A 00 E4 FF 00
51360.2,0x224,8,04 08 00 80 E3 00 10 08
51360.4,0x2B4,6,3C 05 0D 0F 02 01
51362.8,0x29D,4,00 00 00 20
51374.6,0x2C1,8,21 2B 0D 0A 02 00 00 00
51382.8,0x381,8,19 00 00 00 00 00 00 00
51384.7,0x201,8,59 38 98 00 01 00 00 00
51394.6,0x2C1,8,02 19 06 00 00 D0 92 09
51400.5,0x2F1,8,11 54 00 4B 00 6B 0C 00
51409.7,0x201,8,02 00 00 00 00 00 00 00
51414.6,0x2C1,8,B3 1A 98 00 00 00 00 00
51420.8,0x381,8,80 89 07 40 DE 00 A8 15
51434.8,0x201,8,03 00 00 00 00 00 00 00
51435.1,0x2C1,8,04 00 00 00 00 00 00 00
51454.6,0x2C1,8,50 44 FE 00 50 8E 02 00
51457.1,0x281,6,1B 00 FF 1F 00 01
51458.6,0x381,8,81 5D 00 0E 97 94 94 40
51459.7,0x201,8,00 30 4F 19 00 E4 FF 00
51460.1,0x224,8,04 08 00 80 E3 00 10 08
51460.4,0x2B4,6,3B 05 0D 0F FD 00
51463.3,0x29D,4,00 00 00 20
51474.6,0x2C1,8,21 2B 0D 0A 02 00 00 00
51484.6,0x201,8,59 38 98 00 01 00 00 00
51495.5,0x2C1,8,02 19 06 00 00 D0 92 09
51497.1,0x381,8,22 A0 F8 77 41 20 00 00
51500.6,0x2F1,8,32 11 00 00 00 01 00 00
51509.6,0x201,8,02 00 00 00 00 00 00 00
51514.8,0x2C1,8,B3 1A 98 00 00 00 00 00
51534.8,0x201,8,03 00 00 00 00 00 00 00
51535.2,0x2C1,8,04 00 00 00 00 00 00 00
51535.5,0x381,8,A3 30 3E 00 4C 29 04 00
51554.6,0x2C1,8,50 44 FE 00 50 8E 02 00
51557.2,0x281,6,1B 00 FF 1F 00 01
51559.7,0x201,8,00 32 4F 1A 00 E4 FF 00
51560.2,0x224,8,04 08 00 C0 E3 00 10 08
51560.4,0x2B4,6,3A 05 0C 0F FB 00
51563.0,0x29D,4,00 00 00 20
51572.6,0x381,8,04 00 00 00 00 00 00 00
51574.6,0x2C1,8,21 2B 0D 0A 02 00 00 00
51584.6,0x201,8,59 38 98 00 01 00 00 00
51595.2,0x2C1,8,02 19 06 00 00 D0 92 09
51600.6,0x2F1,8,00 91 33 01 43 00 11 00
51609.6,0x201,8,02 00 00 00 00 00 00 00
51610.8,0x381,8,05 00 00 00 80 D9 64 08
51614.6,0x2C1,8,B3 1A 98 00 00 00 00 00
51634.8,0x201,8,03 00 00 00 00 00 00 00
51635.0,0x2C1,8,04 00 00 00 00 00 00 00
51648.8,0x381,8,06 00 00 00 00 00 00 00
51654.6,0x2C1,8,50 44 FE 00 50 8E 02 00
51657.2,0x281,6,1C 00 FF 1F 00 01
51659.8,0x201,8,00 32 4F 1A 00 E4 FF 00
51660.2,0x224,8,04 08 00 80 E3 00 10 08
51660.4,0x2B4,6,3B 05 0D 0F 05 01
51662.7,0x29D,4,00 00 00 20
51669.3,0x333,5,84 0C 2F 07 00
51674.8,0x2C1,8,21 2B 0D 0A 02 00 00 00
51684.6,0x201,8,59 38 98 00 01 00 00 00
51687.4,0x381,8,07 00 00 00 00 00 00 00
51695.1,0x2C1,8,02 19 06 00 00 D0 92 09
51700.6,0x2F1,8,01 91 36 01 43 00 0A 00
51709.6,0x201,8,02 00 00 00 00 00 00 00
51714.6,0x2C1,8,B3 1A 98 00 00 00 00 00
51724.6,0x381,8,08 00 00 00 00 00 00 00
51734.6,0x2C1,8,04 00 00 00 00 00 00 00
51734.8,0x201,8,03 00 00 00 00 00 00 00
51754.9,0x2C1,8,50 44 FE 00 50 8E 02 00
51757.4,0x281,6,1C 00 FF 1F 00 01
51759.7,0x201,8,00 32 4F 1A 00 E4 FF 00
51760.4,0x224,8,04 08 00 A0 E3 00 10 08
51760.6,0x2B4,6,3A 05 0C 0F FA 00
51762.7,0x381,8,09 00 00 00 00 00 00 00
51762.8,0x29D,4,00 00 00 20
51774.6,0x2C1,8,21 2B 0D 0A 02 00 00 00
51784.6,0x201,8,59 38 98 00 01 00 00 00
51794.8,0x2C1,8,02 19 06 00 00 D0 92 09
51800.6,0x2F1,8,02 11 3A 81 42 00 00 00
51801.7,0x381,8,0A 00 00 00 00 00 00 00
51809.6,0x201,8,02 00 00 00 00 00 00 00
51814.6,0x2C1,8,B3 1A 98 00 00 00 00 00
51834.6,0x301,8,0A 01 05 00 04 00 86 00
51834.8,0x201,8,03 00 00 00 00 00 00 00
51835.3,0x2C1,8,04 00 00 00 00 00 00 00
51838.7,0x381,8,0B 00 00 00 00 00 00 00
51854.6,0x2C1,8,50 44 FE 00 50 8E 02 00
51857.2,0x281,6,1C 00 FF 1F 00 01
51859.8,0x201,8,00 32 50 1A 00 E4 FF 00
51860.2,0x2B4,6,3B 05 0C 0F FB 00
51862.3,0x224,8,04 08 00 E0 E3 00 10 08
51862.7,0x29D,4,00 00 00 20
51874.6,0x2C1,8,21 2B 0D 0A 02 00 00 00
51876.6,0x381,8,0C 00 00 00 00 00 00 00
51884.6,0x201,8,59 38 98 00 01 00 00 00
51894.9,0x2C1,8,02 19 06 00 00 D0 92 09
51900.6,0x2F1,8,03 11 35 81 42 00 01 00
51909.6,0x201,8,02 00 00 00 00 00 00 00
51915.1,0x2C1,8,B3 1A 98 00 00 00 00 00
51915.3,0x381,8,0D 00 00 00 00 00 00 00
51934.9,0x201,8,03 00 00 00 00 00 00 00
51935.4,0x2C1,8,04 00 00 00 00 00 00 00
51952.7,0x381,8,0E 00 00 00 00 E0 FF 00
51954.7,0x2C1,8,50 44 FE 00 50 8E 02 00
51957.3,0x281,6,1D 00 FF 1F 00 01
51959.7,0x201,8,00 33 4F 1A 00 E4 FF 00
51960.0,0x224,8,04 08 00 A0 E3 00 10 08
51960.4,0x2B4,6,3A 05 0D 0F FA 00
51963.1,0x29D,4,00 00 00 20
51974.6,0x2C1,8,21 2B 0D 0A 02 00 00 00
51984.9,0x201,8,59 38 98 00 01 00 00 00
51990.6,0x381,8,EF FF FF CD 03 00 CF 0C
51994.9,0x2C1,8,02 19 06 00 00 D0 92 09
52000.6,0x2F1,8,04 10 36 81 2F 00 01 00
52009.6,0x201,8,02 00 00 00 00 00 00 00
52014.8,0x2C1,8,B3 1A 98 00 00 00 00 00
52028.6,0x381,8,10 00 00 00 00 00 00 00
52034.8,0x201,8,03 00 00 00 00 00 00 00
52035.1,0x2C1,8,04 00 00 00 00 00 00 00
52054.8,0x2C1,8,58 44 FE 00 50 8E 02 00
52057.2,0x281,6,1D 00 FF 1F 00 01
52059.8,0x201,8,00 32 4F 19 00 E4 FF 00
52060.2,0x224,8,04 08 00 E0 E3 00 10 08
52060.4,0x2B4,6,3B 05 0D 0F FA 00
52063.1,0x29D,4,00 00 00 20
52066.7,0x381,8,11 00 00 00 00 00 00 00
52074.9,0x2C1,8,21 2B 0D 0A 02 00 00 00
52084.6,0x201,8,59 38 98 00 01 00 00 00
52095.0,0x2C1,8,02 19 06 00 00 D0 92 09
52100.6,0x2F1,8,05 90 35 01 2F 00 01 00
52104.8,0x381,8,B2 00 00 00 00 00 A8 00
52109.6,0x201,8,02 00 00 00 00 00 00 00
52114.6,0x2C1,8,B3 1A 98 00 00 00 00 00
52134.9,0x201,8,03 00 00 00 00 00 00 00
52135.4,0x2C1,8,04 00 00 00 00 00 00 00
52142.7,0x381,8,13 00 00 00 00 04 FC FF
52154.9,0x2C1,8,58 44 FE 00 50 8E 02 00
52157.2,0x281,6,1D 00 FF 1F 00 01
52159.7,0x201,8,00 33 50 1A 00 E4 FF 00
52160.2,0x224,8,04 08 00 A0 E3 00 10 08
52160.6,0x2B4,6,3B 05 0D 0F FE 00
52162.9,0x29D,4,00 00 00 20
52168.7,0x333,5,84 0C 2F 07 00
52174.7,0x2C1,8,21 2B 0D 0A 02 00 00 00
52180.9,0x381,8,14 00 00 00 00 00 00 00
52184.6,0x201,8,59 38 98 00 01 00 00 00
52194.9,0x2C1,8,02 19 06 00 00 D0 92 09
52200.9,0x2F1,8,06 10 33 01 08 00 01 00
52209.7,0x201,8,02 00 00 00 00 00 00 00
52214.6,0x2C1,8,B3 1A 98 00 00 00 00 00
52219.2,0x381,8,15 40 58 32 50 00 1A 01
52234.7,0x321,8,37 DA A8 90 01 8A E0 D8
52234.9,0x201,8,03 00 00 00 00 00 00 00
52235.4,0x2C1,8,04 00 00 00 00 00 00 00
52254.7,0x2C1,8,58 44 FE 00 50 8E 02 00
52257.3,0x281,6,1D 00 FF 1F 00 01
52258.1,0x381,8,16 10 00 00 00 7F 00 00
52259.7,0x201,8,00 33 4F 1A 00 E4 FF 00
52260.2,0x224,8,04 08 00 A0 E3 00 10 08
52260.4,0x2B4,6,37 05 0E 0F FA 00
52263.1,0x29D,4,00 00 00 20
52274.8,0x2C1,8,21 2B 0D 0A 02 00 00 00
52284.7,0x201,8,59 38 98 00 01 00 00 00
52294.8,0x2C1,8,02 19 06 00 00 D0 92 09
52295.0,0x381,8,17 00 00 00 00 00 00 00
52300.7,0x2F1,8,07 00 00 00 00 00 00 00
52309.8,0x201,8,02 00 00 00 00 00 00 00
52314.9,0x2C1,8,B3 1A 98 00 00 00 00 00
52332.8,0x381,8,18 00 00 00 00 00 00 00
52335.0,0x201,8,03 00 00 00 00 00 00 00
52335.4,0x2C1,8,04 00 00 00 00 00 00 00
52354.7,0x2C1,8,58 44 FE 00 50 8E 02 00
52357.4,0x281,6,1D 00 FF 1F 00 01
52359.7,0x201,8,00 32 50 1A 00 E4 FF 00
52360.1,0x224,8,04 08 00 A0 E3 00 10 08
52360.4,0x2B4,6,3B 05 0D 0F FC 00
52363.3,0x29D,4,00 00 00 20
52370.9,0x381,8,19 00 00 00 00 00 00 00
52374.7,0x2C1,8,21 2B 0D 0A 02 00 00 00
52384.7,0x201,8,59 38 98 00 01 00 00 00
52394.9,0x2C1,8,02 19 06 00 00 D0 92 09
52400.6,0x2F1,8,08 01 00 00 00 98 03 00
52408.7,0x381,8,80 89 07 40 DE 00 A8 15
52409.6,0x201,8,02 00 00 00 00 00 00 00
52414.7,0x2C1,8,B3 1A 98 00 00 00 00 00
52434.7,0x2C1,8,04 00 00 00 00 00 00 00
52434.9,0x201,8,03 00 00 00 00 00 00 00
52447.2,0x381,8,81 5D 00 0E 95 94 94 40
52454.7,0x2C1,8,58 44 FE 00 50 8E 02 00
52457.2,0x281,6,1C 00 FF 1F 00 01
52459.7,0x201,8,00 33 50 1A 00 E4 FF 00
52460.2,0x224,8,04 08 00 E0 E3 00 10 08
52460.4,0x2B4,6,39 05 0D 0F F9 00
52463.7,0x29D,4,00 00 00 20
52474.9,0x2C1,8,21 2B 0D 0A 02 00 00 00
52484.7,0x201,8,59 38 98 00 01 00 00 00
52484.9,0x381,8,22 A0 F8 77 41 20 00 00
52494.8,0x2C1,8,02 19 06 00 00 D0 92 09
52500.7,0x2F1,8,09 01 00 00 00 D8 02 00
52509.7,0x201,8,02 00 00 00 00 00 00 00
52514.7,0x2C1,8,B3 1A 98 00 00 00 00 00
52523.1,0x381,8,A3 30 3E 00 4C 29 04 00
52534.9,0x201,8,03 00 00 00 00 00 00 00
52535.3,0x2C1,8,04 00 00 00 00 00 00 00
52554.9,0x2C1,8,58 48 FE 00 50 8E 02 00
52557.2,0x281,6,1A 00 FF 1F 00 01
52559.7,0x201,8,00 34 50 1A 00 E4 FF 00
52560.1,0x224,8,04 08 00 A0 E3 00 10 08
52560.3,0x2B4,6,3A 05 0D 0F 00 01
52560.7,0x381,8,04 00 00 00 00 00 00 00
52562.9,0x29D,4,00 00 00 20
52574.7,0x2C1,8,21 2B 0D 0A 02 00 00 00
52584.7,0x201,8,59 38 98 00 01 00 00 00
52594.7,0x2C1,8,02 19 06 00 00 D0 92 09
52598.7,0x381,8,05 00 00 00 00 DA 64 08
52600.7,0x2F1,8,0A 85 01 00 00 00 00 00
52609.7,0x201,8,02 00 00 00 00 00 00 00
52614.9,0x2C1,8,B3 1A 98 00 00 00 00 00
52634.9,0x201,8,03 00 00 00 00 00 00 00
52635.4,0x2C1,8,04 00 00 00 00 00 00 00
52636.7,0x381,8,06 00 00 00 00 00 00 00
52654.7,0x2C1,8,50 48 FE 00 50 8E 02 00
52657.3,0x281,6,1A 00 FF 1F 00 01
52659.9,0x201,8,00 33 4F 19 00 E4 FF 00
52660.2,0x224,8,04 08 00 80 E3 00 10 08
52660.5,0x2B4,6,3D 05 0C 0F FB 00
52662.8,0x29D,4,00 00 00 20
52669.5,0x333,5,84 0C 2F 07 00
52674.7,0x2C1,8,21 2B 0D 0A 02 00 00 00
52675.0,0x381,8,07 00 00 00 00 00 00 00
52684.9,0x201,8,59 38 98 00 01 00 00 00
52694.8,0x2C1,8,02 19 06 00 00 D0 92 09
52700.7,0x2F1,8,2B 78 00 00 00 00 00 00
52709.7,0x201,8,02 00 00 00 00 00 00 00
52712.9,0x381,8,08 00 00 00 00 00 00 00
52714.9,0x2C1,8,B3 1A 98 00 00 00 00 00
52734.7,0x2C1,8,04 00 00 00 00 00 00 00
52734.9,0x201,8,03 00 00 00 00 00 00 00
52751.0,0x381,8,09 00 00 00 00 00 00 00
52754.7,0x2C1,8,58 48 FE 00 50 8E 02 00
52757.5,0x281,6,19 00 FF 1F 00 01
52759.8,0x201,8,00 32 50 1A 00 E4 FF 00
52760.3,0x224,8,04 08 00 A0 E3 00 10 08
52760.7,0x2B4,6,39 05 0D 0F 00 01
52763.0,0x29D,4,00 00 00 20
52774.7,0x2C1,8,21 2B 0D 0A 02 00 00 00
52784.7,0x201,8,59 38 98 00 01 00 00 00
52788.7,0x381,8,0A 00 00 00 00 00 00 00
52794.9,0x2C1,8,02 19 06 00 00 D0 92 09
52800.7,0x2F1,8,0C 19 40 D8 00 86 32 34
52809.8,0x201,8,02 00 00 00 00 00 00 00
52814.7,0x2C1,8,B3 1A 98 00 00 00 00 00
52827.0,0x381,8,0B 00 00 00 00 00 00 00
52834.9,0x201,8,03 00 00 00 00 00 00 00
52835.1,0x2C1,8,04 00 00 00 00 00 00 00
52835.4,0x301,8,0B 04 00 00 00 00 00 00
52854.7,0x2C1,8,58 48 FE 00 50 8E 02 00
52857.3,0x281,6,1A 00 FF 1F 00 01
52859.8,0x201,8,00 32 50 1A 00 E4 FF 00
52860.0,0x224,8,04 08 00 A0 E3 00 10 08
52860.4,0x2B4,6,3A 05 0B 0F F9 00
52862.8,0x29D,4,00 00 00 20
52865.2,0x381,8,0C 00 00 00 00 00 00 00
52874.9,0x2C1,8,21 2B 0D 0A 02 00 00 00
52884.7,0x201,8,59 38 98 00 01 00 00 00
52895.0,0x2C1,8,02 19 06 00 00 D0 92 09
52900.7,0x2F1,8,0D C9 9B 40 21 C0 07 00
52902.8,0x381,8,0D 00 00 00 00 00 00 00
52909.7,0x201,8,02 00 00 00 00 00 00 00
52914.8,0x2C1,8,B3 1A 98 00 00 00 00 00
52935.0,0x201,8,03 00 00 00 00 00 00 00
52935.5,0x2C1,8,04 00 00 00 00 00 00 00
52940.7,0x381,8,0E 00 00 00 00 E0 FF 00
52955.0,0x2C1,8,58 48 FE 00 50 8E 02 00
52957.1,0x281,6,1A 00 FF 1F 00 01
52959.9,0x201,8,00 32 50 1A 00 E4 FF 00
52960.1,0x224,8,04 08 00 A0 E3 00 10 08
52960.3,0x2B4,6,39 05 0D 0F FA 00
52962.9,0x29D,4,00 00 00 20
52974.8,0x2C1,8,21 2B 0D 0A 02 00 00 00
52979.2,0x381,8,EF FF FF CD 03 00 CF 0C
52984.7,0x201,8,59 38 98 00 01 00 00 00
52994.8,0x2C1,8,02 19 06 00 00 D0 92 09
53000.7,0x2F1,8,0E 00 00 00 00 00 00 00
53009.7,0x201,8,02 00 00 00 00 00 00 00
53014.7,0x2C1,8,B3 1A 98 00 00 00 00 00
53017.6,0x381,8,10 00 00 00 00 00 00 00
53034.9,0x201,8,03 00 00 00 00 00 00 00
53035.4,0x2C1,8,04 00 00 00 00 00 00 00
53054.7,0x2C1,8,58 48 FE 00 50 8E 02 00
53055.0,0x381,8,11 00 00 00 00 00 00 00
53057.2,0x281,6,1B 00 FF 1F 00 01
53059.8,0x201,8,00 33 51 1A 00 E4 FF 00
53060.1,0x224,8,04 08 00 80 E3 00 10 08
53060.5,0x2B4,6,39 05 0F 0F F9 00
53063.3,0x29D,4,00 00 00 20
53074.7,0x2C1,8,21 2B 0D 0A 02 00 00 00
53084.7,0x201,8,59 38 98 00 01 00 00 00
53092.8,0x381,8,B2 00 00 00 00 00 A8 00
53094.8,0x2C1,8,02 19 06 00 00 D0 92 09
53100.7,0x2F1,8,0F 5E 69 96 99 B3 39 00
53109.7,0x201,8,02 00 00 00 00 00 00 00
53115.1,0x2C1,8,B3 1A 98 00 00 00 00 00
53131.2,0x381,8,13 00 00 00 00 03 FC FF
53135.0,0x201,8,03 00 00 00 00 00 00 00
53135.5,0x2C1,8,04 00 00 00 00 00 00 00
53154.7,0x2C1,8,50 48 FE 00 50 8E 02 00
53157.3,0x281,6,1B 00 FF 1F 00 01
53159.9,0x201,8,00 33 51 1A 00 E4 FF 00
53160.1,0x224,8,04 08 00 C0 E3 00 10 08
53160.3,0x2B4,6,39 05 0C 0F F6 00
53163.0,0x29D,4,00 00 00 20
53168.8,0x381,8,14 00 00 00 00 00 00 00
53169.0,0x333,5,84 0C 2F 07 00
53174.7,0x2C1,8,21 2B 0D 0A 02 00 00 00
53184.7,0x201,8,59 38 98 00 01 00 00 00
53195.0,0x2C1,8,02 19 06 00 00 D0 92 09
53200.7,0x2F1,8,10 00 00 DD 13 00 00 00
53206.8,0x381,8,15 40 58 32 50 00 1A 01
53209.7,0x201,8,02 00 00 00 00 00 00 00
53214.8,0x2C1,8,B3 1A 98 00 00 00 00 00
53234.7,0x321,8,37 DE A8 90 01 8A F0 EC
53235.0,0x201,8,03 00 00 00 00 00 00 00
53235.3,0x2C1,8,04 00 00 00 00 00 00 00
53245.0,0x381,8,16 10 00 00 00 7F 00 00
53254.8,0x2C1,8,50 44 FE 00 50 8E 02 00
53257.2,0x281,6,1B 00 FF 1F 00 01
53259.7,0x201,8,00 32 4F 19 00 E4 FF 00
53260.2,0x224,8,04 08 00 A0 E3 00 10 08
53260.4,0x2B4,6,3C 05 0D 0F FE 00
53263.5,0x29D,4,00 00 00 20
53275.0,0x2C1,8,21 2B 0D 0A 02 00 00 00
53282.7,0x381,8,17 00 00 00 00 00 00 00
53284.8,0x201,8,59 38 98 00 01 00 00 00
53294.8,0x2C1,8,02 19 06 00 00 D0 92 09
53300.8,0x2F1,8,11 54 00 4B 00 6A 0C 00
53309.8,0x201,8,02 00 00 00 00 00 00 00
53315.0,0x2C1,8,B3 1A 98 00 00 00 00 00
53320.8,0x381,8,18 00 00 00 00 00 00 00
53334.8,0x2C1,8,04 00 00 00 00 00 00 00
53335.0,0x201,8,03 00 00 00 00 00 00 00
53355.0,0x2C1,8,50 44 FE 00 50 8E 02 00
53357.2,0x281,6,1A 00 FF 1F 00 01
53359.0,0x381,8,19 00 00 00 00 00 00 00
53359.9,0x201,8,00 32 50 1A 00 E4 FF 00
53360.2,0x224,8,04 08 00 A0 E3 00 10 08
53360.4,0x2B4,6,3A 05 0C 0F FC 00
53363.4,0x29D,4,00 00 00 20
53374.8,0x2C1,8,21 2B 0D 0A 02 00 00 00
53385.0,0x201,8,59 38 98 00 01 00 00 00
53394.8,0x2C1,8,02 19 06 00 00 D0 92 09
53397.1,0x381,8,80 89 07 40 DE 00 A8 15
53400.8,0x2F1,8,32 15 00 00 00 01 00 00
53409.7,0x201,8,02 00 00 00 00 00 00 00
53414.8,0x2C1,8,B3 1A 98 00 00 00 00 00
53434.9,0x201,8,03 00 00 00 00 00 00 00
53435.5,0x2C1,8,04 00 00 00 00 00 00 00
53435.7,0x381,8,81 5D 00 0E 97 94 94 40
53455.0,0x2C1,8,50 44 FE 00 50 8E 02 00
53457.3,0x281,6,1A 00 FF 1F 00 01
53459.9,0x201,8,00 32 4F 19 00 E4 FF 00
53460.1,0x224,8,04 08 00 C0 E3 00 10 08
53460.3,0x2B4,6,3B 05 0E 0F 02 01
53463.7,0x29D,4,00 00 00 20
53472.8,0x381,8,22 A0 F8 77 41 20 00 00
53474.8,0x2C1,8,21 2B 0D 0A 02 00 00 00
53484.7,0x201,8,59 38 98 00 01 00 00 00
53494.8,0x2C1,8,02 19 06 00 00 D0 92 09
53500.7,0x2F1,8,00 91 33 01 43 00 10 00
53509.7,0x201,8,02 00 00 00 00 00 00 00
53511.0,0x381,8,A3 30 3E 00 4C 29 04 00
53515.1,0x2C1,8,B3 1A 98 00 00 00 00 00
53535.0,0x201,8,03 00 00 00 00 00 00 00
53535.4,0x2C1,8,04 00 00 00 00 00 00 00
53548.7,0x381,8,04 00 00 00 00 00 00 00
53554.8,0x2C1,8,50 44 FE 00 50 8E 02 00
53557.3,0x281,6,1B 00 FF 1F 00 01
53559.8,0x201,8,00 32 4F 1A 00 E4 FF 00
53560.1,0x224,8,04 08 00 A0 E3 00 10 08
53560.3,0x2B4,6,3C 05 0D 0F FB 00
53563.1,0x29D,4,00 00 00 20
53574.8,0x2C1,8,21 2B 0D 0A 02 00 00 00
53584.8,0x201,8,59 38 98 00 01 00 00 00
53588.1,0x381,8,05 00 00 00 80 D9 64 08
53595.1,0x2C1,8,02 19 06 00 00 D0 92 09
53600.8,0x2F1,8,01 11 37 01 43 80 08 00
53609.8,0x201,8,02 00 00 00 00 00 00 00
53614.8,0x2C1,8,B3 1A 98 00 00 00 00 00
53624.8,0x381,8,06 00 00 00 00 00 00 00
53634.9,0x201,8,03 00 00 00 00 00 00 00
53635.1,0x2C1,8,04 00 00 00 00 00 00 00
53654.8,0x2C1,8,50 44 FE 00 50 8E 02 00
53657.3,0x281,6,1B 00 FF 1F 00 01
53659.9,0x201,8,00 32 4F 1A 00 E4 FF 00
53660.1,0x224,8,04 08 00 A0 E3 00 10 08
53660.3,0x2B4,6,3C 05 0F 0F FC 00
53663.2,0x381,8,07 00 00 00 00 00 00 00
53663.4,0x29D,4,00 00 00 20
53668.9,0x333,5,84 0C 2F 07 00
53675.0,0x2C1,8,21 2B 0D 0A 02 00 00 00
53684.8,0x201,8,59 38 98 00 01 00 00 00
53694.8,0x2C1,8,02 19 06 00 00 D0 92 09
53700.8,0x2F1,8,02 91 3A 81 42 00 00 00
53701.9,0x381,8,08 00 00 00 00 00 00 00
53709.8,0x201,8,02 00 00 00 00 00 00 00
53714.9,0x2C1,8,B3 1A 98 00 00 00 00 00
53735.0,0x201,8,03 00 00 00 00 00 00 00
53735.5,0x2C1,8,04 00 00 00 00 00 00 00
53739.0,0x381,8,09 00 00 00 00 00 00 00
53755.0,0x2C1,8,50 44 FE 00 50 8E 02 00
53757.6,0x281,6,1B 00 FF 1F 00 01
53759.9,0x201,8,00 33 4F 1A 00 E4 FF 00
53760.4,0x224,8,04 08 00 A0 E3 00 10 08
53760.8,0x2B4,6,3B 05 0F 0F FE 00
53763.1,0x29D,4,00 00 00 20
53774.8,0x2C1,8,21 2B 0D 0A 02 00 00 00
53777.2,0x381,8,0A 00 00 00 00 00 00 00
53784.8,0x201,8,59 38 98 00 01 00 00 00
53794.8,0x2C1,8,02 19 06 00 00 D0 92 09
53800.8,0x2F1,8,03 11 36 81 42 00 01 00
53809.8,0x201,8,02 00 00 00 00 00 00 00
53814.8,0x2C1,8,B3 1A 98 00 00 00 00 00
53815.0,0x381,8,0B 00 00 00 00 00 00 00
53834.8,0x301,8,0D 5F FE 36 6F 00 00 00
53835.1,0x201,8,03 00 00 00 00 00 00 00
53835.5,0x2C1,8,04 00 00 00 00 00 00 00
53852.8,0x381,8,0C 00 00 00 00 00 00 00
53854.8,0x2C1,8,50 44 FE 00 50 8E 02 00
53857.3,0x281,6,1B 00 FF 1F 00 01
53860.0,0x201,8,00 32 4F 19 00 E4 FF 00
53860.1,0x2B4,6,3B 05 0C 0F FB 00
53860.9,0x224,8,04 08 00 00 E4 00 10 08
53862.8,0x29D,4,00 00 00 20
53874.8,0x2C1,8,21 2B 0D 0A 02 00 00 00
53884.8,0x201,8,59 38 98 00 01 00 00 00
53890.8,0x381,8,0D 00 00 00 00 00 00 00
53894.8,0x2C1,8,02 19 06 00 00 D0 92 09
53900.8,0x2F1,8,04 10 37 81 2F 00 01 00
53909.9,0x201,8,02 00 00 00 00 00 00 00
53915.1,0x2C1,8,B3 1A 98 00 00 00 00 00
53928.8,0x381,8,0E 00 00 00 00 E0 FF 00
53935.0,0x201,8,03 00 00 00 00 00 00 00
53935.5,0x2C1,8,04 00 00 00 00 00 00 00
53955.0,0x2C1,8,50 44 FE 00 50 8E 02 00
53957.3,0x281,6,1A 00 FF 1F 00 01
53959.8,0x201,8,00 31 4E 1A 00 E4 FF 00
53960.1,0x224,8,04 08 00 A0 E3 00 10 08
53960.7,0x2B4,6,3A 05 0D 0F FC 00
53963.3,0x29D,4,00 00 00 20
53966.8,0x381,8,EF FF FF CD 03 00 CF 0C
53974.8,0x2C1,8,21 2B 0D 0A 02 00 00 00
53984.8,0x201,8,59 28 98 00 01 00 00 00
53995.0,0x2C1,8,02 19 06 00 00 D0 92 09
54000.8,0x2F1,8,05 10 36 01 2F 00 01 00
54004.8,0x381,8,10 00 00 00 00 00 00 00
54009.8,0x201,8,02 00 00 00 00 00 00 00
54015.1,0x2C1,8,B3 1A 98 00 00 00 00 00
54034.9,0x201,8,03 00 00 00 00 00 00 00
54035.2,0x2C1,8,04 00 00 00 00 00 00 00
54043.3,0x381,8,11 00 00 00 00 00 00 00
54054.8,0x2C1,8,50 44 FE 00 50 8E 02 00
54057.3,0x281,6,19 00 FF 1F 00 01
54059.8,0x201,8,00 31 50 1A 00 E4 FF 00
54060.3,0x224,8,04 08 00 C0 E3 00 10 08
54060.5,0x2B4,6,3B 05 0C 0F F8 00
54063.5,0x29D,4,00 00 00 20
54075.0,0x2C1,8,21 2B 0D 0A 02 00 00 00
54080.8,0x381,8,B2 00 00 00 00 00 A8 00
54084.9,0x201,8,59 28 98 00 01 00 00 00
54094.8,0x2C1,8,02 19 06 00 00 D0 92 09
54100.8,0x2F1,8,06 10 32 01 08 00 01 00
54109.8,0x201,8,02 00 00 00 00 00 00 00
54114.8,0x2C1,8,B3 1A 98 00 00 00 00 00
54118.8,0x381,8,13 00 00 00 00 04 FC FF
54135.1,0x201,8,03 00 00 00 00 00 00 00
54135.5,0x2C1,8,04 00 00 00 00 00 00 00
54155.3,0x2C1,8,50 44 FE 00 50 8E 02 00
54157.3,0x281,6,18 00 FF 1F 00 01
54158.1,0x381,8,14 00 00 00 00 00 00 00
54159.8,0x201,8,00 30 4F 1A 00 E4 FF 00
54160.3,0x224,8,04 08 00 80 E3 00 10 08
54160.7,0x2B4,6,3C 05 0B 0F FC 00
54163.0,0x29D,4,00 00 00 20
54169.0,0x333,5,84 0C 2F 07 00
54174.8,0x2C1,8,21 2B 0D 0A 02 00 00 00
54184.8,0x201,8,59 28 98 00 01 00 00 00
54194.8,0x2C1,8,02 19 06 00 00 D0 92 09
54195.0,0x381,8,15 40 58 32 50 00 1A 01
54200.8,0x2F1,8,07 00 00 00 00 00 00 00
54209.8,0x201,8,02 00 00 00 00 00 00 00
54214.8,0x2C1,8,B3 1A 98 00 00 00 00 00
54232.9,0x381,8,16 10 00 00 00 7F 00 00
54234.8,0x321,8,37 DA A8 90 01 8A 00 F8
54235.1,0x201,8,03 00 00 00 00 00 00 00
54235.5,0x2C1,8,04 00 00 00 00 00 00 00
54254.8,0x2C1,8,50 44 FE 00 50 8E 02 00
54257.3,0x281,6,17 00 FF 1F 00 01
54259.8,0x201,8,00 32 50 1A 00 E4 FF 00
54260.3,0x224,8,04 08 00 80 E3 00 10 08
54260.5,0x2B4,6,38 05 0B 0F F5 00
54263.3,0x29D,4,00 00 00 20
54270.8,0x381,8,17 00 00 00 00 00 00 00
54274.8,0x2C1,8,21 2B 0D 0A 02 00 00 00
54284.8,0x201,8,59 28 98 00 01 00 00 00
54295.0,0x2C1,8,02 19 06 00 00 D0 92 09
54300.8,0x2F1,8,08 01 00 00 00 38 03 00
54309.0,0x381,8,18 00 00 00 00 00 00 00
54309.8,0x201,8,02 00 00 00 00 00 00 00
54315.1,0x2C1,8,B3 1A 98 00 00 00 00 00
54334.9,0x2C1,8,04 00 00 00 00 00 00 00
54335.1,0x201,8,03 00 00 00 00 00 00 00
54347.1,0x381,8,19 00 00 00 00 00 00 00
54354.8,0x2C1,8,50 48 FE 00 50 8E 02 00
54357.5,0x281,6,16 00 FF 1F 00 01
54360.0,0x201,8,00 31 50 1A 00 E4 FF 00
54360.2,0x224,8,04 08 00 A0 E3 00 10 08
54360.4,0x2B4,6,3A 05 0C 0F 03 01
54363.4,0x29D,4,00 00 00 20
54374.8,0x2C1,8,21 2B 0D 0A 02 00 00 00
54384.8,0x201,8,59 28 98 00 01 00 00 00
54385.1,0x381,8,80 89 07 40 DE 00 A8 15
54395.1,0x2C1,8,02 19 06 00 00 D0 92 09
54400.8,0x2F1,8,09 01 00 00 00 10 03 00
54409.8,0x201,8,02 00 00 00 00 00 00 00
54414.8,0x2C1,8,B3 1A 98 00 00 00 00 00
54422.9,0x381,8,81 5D 00 0E 97 94 94 40
54435.1,0x201,8,03 00 00 00 00 00 00 00
54435.3,0x2C1,8,04 00 00 00 00 00 00 00
54454.8,0x2C1,8,50 44 FE 00 50 8E 02 00
54457.4,0x281,6,17 00 FF 1F 00 01
54460.0,0x201,8,00 32 4F 19 00 E4 FF 00
54460.3,0x224,8,04 08 00 A0 E3 00 10 08
54460.5,0x2B4,6,3A 05 0C 0F FD 00
54460.9,0x381,8,22 A0 F8 77 41 20 00 00
54464.7,0x29D,4,00 00 00 20
54475.1,0x2C1,8,21 2B 0D 0A 02 00 00 00
54484.8,0x201,8,59 28 98 00 01 00 00 00
54494.8,0x2C1,8,02 19 06 00 00 D0 92 09
54498.8,0x381,8,A3 32 3E 00 4C 29 04 00
54500.8,0x2F1,8,0A 85 01 00 00 00 00 00
54509.9,0x201,8,02 00 00 00 00 00 00 00
54514.8,0x2C1,8,B3 1A 98 00 00 00 00 00
54535.1,0x201,8,03 00 00 00 00 00 00 00
54535.5,0x2C1,8,04 00 00 00 00 00 00 00
54536.9,0x381,8,04 00 00 00 00 00 00 00
54555.1,0x2C1,8,50 48 FE 00 50 8E 02 00
54557.3,0x281,6,17 00 FF 1F 00 01
54559.9,0x201,8,00 32 50 1A 00 E4 FF 00
54560.1,0x224,8,04 08 00 A0 E3 00 10 08
54560.4,0x2B4,6,3E 05 0C 0F FC 00
54563.0,0x29D,4,00 00 00 20
54574.9,0x2C1,8,21 2B 0D 0A 02 00 00 00
54575.3,0x381,8,05 00 00 00 00 D9 64 08
54584.8,0x201,8,59 28 98 00 01 00 00 00
54594.8,0x2C1,8,02 19 06 00 00 D0 92 09
54600.8,0x2F1,8,2B 8A 00 00 00 00 00 00
54609.8,0x201,8,02 00 00 00 00 00 00 00
54612.8,0x381,8,06 00 00 00 00 00 00 00
54614.8,0x2C1,8,B3 1A 98 00 00 00 00 00
54635.1,0x201,8,03 00 00 00 00 00 00 00
54635.5,0x2C1,8,04 00 00 00 00 00 00 00
54651.8,0x381,8,07 00 00 00 00 00 00 00
54654.8,0x2C1,8,50 48 FE 00 50 8E 02 00
54657.6,0x281,6,16 00 FF 1F 00 01
54659.9,0x201,8,00 32 50 1A 00 E4 FF 00
54660.1,0x224,8,04 08 00 E0 E3 00 10 08
54660.5,0x2B4,6,3B 05 0A 0F FA 00
54663.0,0x29D,4,00 00 00 20
54668.9,0x333,5,84 0C 2F 07 00
54674.8,0x2C1,8,21 2B 0D 0A 02 00 00 00
54684.8,0x201,8,59 28 98 00 01 00 00 00
54689.0,0x381,8,08 00 00 00 00 00 00 00
54694.9,0x2C1,8,02 19 06 00 00 D0 92 09
54700.8,0x2F1,8,0C 1D 40 58 01 86 32 34
54709.8,0x201,8,02 00 00 00 00 00 00 00
54715.3,0x2C1,8,B3 1A 98 00 00 00 00 00
54727.2,0x381,8,09 00 00 00 00 00 00 00
54734.9,0x2C1,8,04 00 00 00 00 00 00 00
54735.1,0x201,8,03 00 00 00 00 00 00 00
54754.8,0x2C1,8,50 48 FE 00 50 8E 02 00
54757.9,0x281,6,15 00 FF 1F 00 01
54759.9,0x201,8,00 31 50 1A 00 E4 FF 00
54760.4,0x224,8,04 08 00 C0 E3 00 10 08
54760.6,0x2B4,6,39 05 0C 0F F0 00
54763.1,0x29D,4,00 00 00 20
54765.1,0x381,8,0A 00 00 00 00 00 00 00
54774.9,0x2C1,8,21 2B 0D 0A 02 00 00 00
54785.1,0x201,8,59 28 98 00 01 00 00 00
54795.1,0x2C1,8,02 19 06 00 00 D0 92 09
54800.8,0x2F1,8,0D 89 9B 40 21 C0 06 00
54802.9,0x381,8,0B 00 00 00 00 00 00 00
54809.8,0x201,8,02 00 00 00 00 00 00 00
54814.9,0x2C1,8,B3 1A 98 00 00 00 00 00
54834.9,0x301,8,11 00 00 00 00 00 00 00
54835.1,0x201,8,03 00 00 00 00 00 00 00
54835.4,0x2C1,8,04 00 00 00 00 00 00 00
54841.3,0x381,8,0C 00 00 00 00 00 00 00
54855.1,0x2C1,8,58 48 FE 00 50 8E 02 00
54857.6,0x281,6,15 00 FF 1F 00 01
54860.0,0x201,8,00 33 50 1A 00 E4 FF 00
54860.2,0x2B4,6,3A 05 0B 0F F6 00
54861.6,0x224,8,04 08 00 00 E4 00 10 08
54863.1,0x29D,4,00 00 00 20
54875.1,0x2C1,8,21 2B 0D 0A 02 00 00 00
54879.1,0x381,8,0D 00 00 00 00 00 00 00
54884.9,0x201,8,59 28 98 00 01 00 00 00
54894.8,0x2C1,8,02 19 06 00 00 D0 92 09
54900.9,0x2F1,8,0E 00 00 00 00 00 00 00
54909.9,0x201,8,02 00 00 00 00 00 00 00
54914.9,0x2C1,8,B3 1A 98 00 00 00 00 00
54917.6,0x381,8,0E 00 00 00 00 E0 FF 00
54935.2,0x201,8,03 00 00 00 00 00 00 00
54935.6,0x2C1,8,04 00 00 00 00 00 00 00
54955.3,0x2C1,8,50 48 FE 00 50 8E 02 00
54955.8,0x381,8,EF FF FF CD 03 00 CF 0C
54957.4,0x281,6,15 00 FF 1F 00 01
54959.9,0x201,8,00 33 51 1A 00 E4 FF 00
54960.1,0x224,8,04 08 00 A0 E3 00 10 08
54960.3,0x2B4,6,39 05 0B 0F F7 00
54963.1,0x29D,4,00 00 00 20
54974.9,0x2C1,8,21 2B 0D 0A 02 00 00 00
54984.9,0x201,8,59 28 98 00 01 00 00 00
54992.9,0x381,8,10 00 00 00 00 00 00 00
54995.1,0x2C1,8,02 19 06 00 00 D0 92 09
55000.8,0x2F1,8,0F 59 89 96 99 B3 39 00
55009.9,0x201,8,02 00 00 00 00 00 00 00
55014.9,0x2C1,8,B3 1A 98 00 00 00 00 00
55030.9,0x381,8,11 00 00 00 00 00 00 00
55035.1,0x201,8,03 00 00 00 00 00 00 00
55035.5,0x2C1,8,04 00 00 00 00 00 00 00
55054.9,0x2C1,8,50 48 FE 00 50 8E 02 00
55057.3,0x281,6,16 00 FF 1F 00 01
55059.9,0x224,8,04 08 00 A0 E3 00 10 08
55060.1,0x201,8,00 32 50 19 00 E4 FF 00
55060.3,0x2B4,6,3A 05 0B 0F 00 01
55063.3,0x29D,4,00 00 00 20
55068.9,0x381,8,B2 00 00 00 00 00 A8 00
55074.9,0x2C1,8,21 2B 0D 0A 02 00 00 00
55084.9,0x201,8,59 28 98 00 01 00 00 00
55094.9,0x2C1,8,02 19 06 00 00 D0 92 09
55100.9,0x2F1,8,10 00 00 D1 13 00 00 00
55107.2,0x381,8,13 00 00 00 00 04 FC FF
55109.9,0x201,8,02 00 00 00 00 00 00 00
55115.1,0x2C1,8,B3 1A 98 00 00 00 00 00
55135.2,0x201,8,03 00 00 00 00 00 00 00
55135.6,0x2C1,8,04 00 00 00 00 00 00 00
55144.9,0x381,8,14 00 00 00 00 00 00 00
55154.9,0x2C1,8,50 48 FE 00 50 8E 02 00
55157.4,0x281,6,17 00 FF 1F 00 01
55160.1,0x201,8,00 32 50 1A 00 E4 FF 00
55160.3,0x224,8,04 08 00 A0 E3 00 10 08
55160.5,0x2B4,6,3B 05 0C 0F FC 00
55163.5,0x29D,4,00 00 00 20
55168.9,0x333,5,84 0C 2F 07 00
55174.9,0x2C1,8,21 2B 0D 0A 02 00 00 00
55182.9,0x381,8,15 40 58 32 50 00 1A 01
55184.9,0x201,8,59 28 98 00 01 00 00 00
55195.1,0x2C1,8,02 19 06 00 00 D0 92 09
55200.9,0x2F1,8,11 54 00 4B 00 6B 0C 00
55209.9,0x201,8,02 00 00 00 00 00 00 00
55214.9,0x2C1,8,B3 1A 98 00 00 00 00 00
55221.3,0x381,8,16 10 00 00 00 7F 00 00
55234.9,0x321,8,37 DA A8 90 01 8A 10 08
55235.1,0x201,8,03 00 00 00 00 00 00 00
55235.4,0x2C1,8,04 00 00 00 00 00 00 00
55254.9,0x2C1,8,50 48 FE 00 50 8E 02 00
55257.4,0x281,6,17 00 FF 1F 00 01
55259.1,0x381,8,17 00 00 00 00 00 00 00
55260.0,0x201,8,00 32 51 1A 00 E4 FF 00
55260.3,0x224,8,04 08 00 A0 E3 00 10 08
55260.5,0x2B4,6,3A 05 0B 0F 00 01
55263.6,0x29D,4,00 00 00 20
55275.2,0x2C1,8,21 2B 0D 0A 02 00 00 00
55284.9,0x201,8,59 28 98 00 01 00 00 00
55294.9,0x2C1,8,02 19 06 00 00 D0 92 09
55296.9,0x381,8,18 00 00 00 00 00 00 00
55300.9,0x2F1,8,32 11 00 00 00 01 00 00
55309.9,0x201,8,02 00 00 00 00 00 00 00
55314.9,0x2C1,8,B3 1A 98 00 00 00 00 00
55334.9,0x2C1,8,04 00 00 00 00 00 00 00
55335.2,0x201,8,03 00 00 00 00 00 00 00
55335.7,0x381,8,19 00 00 00 00 00 00 00
55355.2,0x2C1,8,50 44 FE 00 50 8E 02 00
55357.5,0x281,6,18 00 FF 1F 00 01
55360.0,0x201,8,00 33 50 1A 00 E4 FF 00
55360.2,0x224,8,04 08 00 C0 E3 00 10 08
55360.4,0x2B4,6,3A 05 0B 0F FD 00
55363.1,0x29D,4,00 00 00 20
55373.1,0x381,8,80 89 07 40 DE 00 A8 15
55374.9,0x2C1,8,21 2B 0D 0A 02 00 00 00
55384.9,0x201,8,59 28 98 00 01 00 00 00
55394.9,0x2C1,8,02 19 06 00 00 D0 92 09
55400.9,0x2F1,8,00 11 33 01 43 00 11 00
55409.9,0x201,8,02 00 00 00 00 00 00 00
55411.4,0x381,8,81 5D 00 0E 95 94 94 40
55415.1,0x2C1,8,B3 1A 98 00 00 00 00 00
55435.2,0x201,8,03 00 00 00 00 00 00 00
55435.4,0x2C1,8,04 00 00 00 00 00 00 00
55448.9,0x381,8,22 A0 F8 77 41 20 00 00
55454.9,0x2C1,8,50 44 FE 00 50 8E 02 00
55457.4,0x281,6,18 00 FF 1F 00 01
55460.1,0x201,8,00 30 4F 19 00 E4 FF 00
55460.4,0x224,8,04 08 00 C0 E3 00 10 08
55460.5,0x2B4,6,3A 05 0D 0F F9 00
55463.5,0x29D,4,00 00 00 20
55474.9,0x2C1,8,21 2B 0D 0A 02 00 00 00
55485.1,0x201,8,59 28 98 00 01 00 00 00
55487.6,0x381,8,A3 32 3E 00 4C 29 04 00
55494.9,0x2C1,8,02 19 06 00 00 D0 92 09
55500.9,0x2F1,8,01 11 37 01 43 00 0A 00
55509.9,0x201,8,02 00 00 00 00 00 00 00
55515.2,0x2C1,8,B3 1A 98 00 00 00 00 00
55525.1,0x381,8,04 00 00 00 00 00 00 00
55535.1,0x201,8,03 00 00 00 00 00 00 00
55535.6,0x2C1,8,04 00 00 00 00 00 00 00
55555.1,0x2C1,8,50 48 FE 00 50 8E 02 00
55557.4,0x281,6,19 00 FF 1F 00 01
55559.9,0x201,8,00 33 50 1A 00 E4 FF 00
55560.1,0x224,8,04 08 00 C0 E3 00 10 08
55560.4,0x2B4,6,3A 05 0B 0F FE 00
55563.1,0x29D,4,00 00 00 20
55563.3,0x381,8,05 00 00 00 00 D9 64 08
55575.0,0x2C1,8,21 2B 0D 0A 02 00 00 00
55584.9,0x201,8,59 38 98 00 01 00 00 00
55595.1,0x2C1,8,02 19 06 00 00 D0 92 09
55600.9,0x2F1,8,02 11 3A 81 42 00 00 00
55602.0,0x381,8,06 00 00 00 00 00 00 00
55609.9,0x201,8,02 00 00 00 00 00 00 00
55614.9,0x2C1,8,B3 1A 98 00 00 00 00 00
55635.2,0x201,8,03 00 00 00 00 00 00 00
55635.4,0x2C1,8,04 00 00 00 00 00 00 00
55639.2,0x381,8,07 00 00 00 00 00 00 00
55654.9,0x2C1,8,50 48 FE 00 50 8E 02 00
55657.4,0x281,6,1A 00 FF 1F 00 01
55660.1,0x201,8,00 30 50 19 00 E4 FF 00
55660.4,0x224,8,04 08 00 A0 E3 00 10 08
55660.5,0x2B4,6,3B 05 0C 0F F4 00
55663.1,0x29D,4,00 00 00 20
55669.6,0x333,5,84 0C 2F 07 00
55675.2,0x2C1,8,21 2B 0D 0A 02 00 00 00
55677.0,0x381,8,08 00 00 00 00 00 00 00
55684.9,0x201,8,59 38 98 00 01 00 00 00
55695.1,0x2C1,8,02 19 06 00 00 D0 92 09
55700.9,0x2F1,8,03 11 36 81 42 00 01 00
55709.9,0x201,8,02 00 00 00 00 00 00 00
55714.9,0x2C1,8,B3 1A 98 00 00 00 00 00
55715.2,0x381,8,09 00 00 00 00 00 00 00
55735.0,0x2C1,8,04 00 00 00 00 00 00 00
55735.2,0x201,8,03 00 00 00 00 00 00 00
55753.0,0x381,8,0A 00 00 00 00 00 00 00
55755.2,0x2C1,8,50 48 FE 00 50 8E 02 00
55757.7,0x281,6,1A 00 FF 1F 00 01
55760.0,0x201,8,00 32 50 1A 00 E4 FF 00
55760.4,0x224,8,04 08 00 C0 E3 00 10 08
55760.6,0x2B4,6,39 05 0C 0F FD 00
55763.2,0x29D,4,00 00 00 20
55774.9,0x2C1,8,21 2B 0D 0A 02 00 00 00
55784.9,0x201,8,59 38 98 00 01 00 00 00
55791.6,0x381,8,0B 00 00 00 00 00 00 00
55794.9,0x2C1,8,02 19 06 00 00 D0 92 09
55800.9,0x2F1,8,04 10 36 81 2F 00 01 00
55809.9,0x201,8,02 00 00 00 00 00 00 00
55815.0,0x2C1,8,B3 1A 98 00 00 00 00 00
55829.1,0x381,8,0C 00 00 00 00 00 00 00
55834.9,0x301,8,12 5C 0A D0 26 6F 00 AE
55835.2,0x201,8,03 00 00 00 00 00 00 00
55835.7,0x2C1,8,04 00 00 00 00 00 00 00
55854.9,0x2C1,8,50 44 FE 00 50 8E 02 00
55857.4,0x281,6,19 00 FF 1F 00 01
55860.1,0x201,8,00 32 50 1A 00 E4 FF 00
55860.3,0x224,8,04 08 00 A0 E3 00 10 08
55860.5,0x2B4,6,3A 05 0E 0F F7 00
55863.1,0x29D,4,00 00 00 20
55867.7,0x381,8,0D 00 00 00 00 00 00 00
55875.0,0x2C1,8,21 2B 0D 0A 02 00 00 00
55884.9,0x201,8,59 28 98 00 01 00 00 00
55895.0,0x2C1,8,02 19 06 00 00 D0 92 09
55902.0,0x2F1,8,05 10 36 01 2F 00 01 00
55905.3,0x381,8,0E 00 00 00 00 E0 FF 00
55909.9,0x201,8,02 00 00 00 00 00 00 00
55915.2,0x2C1,8,B3 1A 98 00 00 00 00 00
55935.3,0x201,8,03 00 00 00 00 00 00 00
55935.7,0x2C1,8,04 00 00 00 00 00 00 00
55943.0,0x381,8,EF FF FF CD 03 00 CF 0C
55955.2,0x2C1,8,50 44 FE 00 50 8E 02 00
55957.4,0x281,6,18 00 FF 1F 00 01
55960.0,0x201,8,00 32 4F 1A 00 E4 FF 00
55960.2,0x224,8,04 08 00 C0 E3 00 10 08
55960.4,0x2B4,6,36 05 0C 0F FB 00
55963.3,0x29D,4,00 00 00 20
55975.0,0x2C1,8,21 2B 0D 0A 02 00 00 00
55981.3,0x381,8,10 00 00 00 00 00 00 00
55985.0,0x201,8,59 28 98 00 01 00 00 00
55995.2,0x2C1,8,02 19 06 00 00 D0 92 09
56002.1,0x2F1,8,06 10 33 01 08 00 01 00
56010.0,0x201,8,02 00 00 00 00 00 00 00
56015.0,0x2C1,8,B3 1A 98 00 00 00 00 00
56019.0,0x381,8,11 00 00 00 00 00 00 00
56035.2,0x201,8,03 00 00 00 00 00 00 00
56035.4,0x2C1,8,04 00 00 00 00 00 00 00
56055.0,0x2C1,8,50 44 FE 00 50 8E 02 00
56057.4,0x281,6,19 00 FF 1F 00 01
56058.2,0x381,8,B2 00 00 00 00 00 A8 00
56060.2,0x201,8,00 33 4F 1A 00 E4 FF 00
56060.4,0x224,8,04 08 00 A0 E3 00 10 08
56060.6,0x2B4,6,3B 05 09 0F F9 00
56063.7,0x29D,4,00 00 00 20
56075.2,0x2C1,8,21 2B 0D 0A 02 00 00 00
56085.0,0x201,8,59 28 98 00 01 00 00 00
56095.0,0x2C1,8,02 19 06 00 00 D0 92 09
56095.2,0x381,8,13 00 00 00 00 03 FC FF
56102.4,0x2F1,8,07 00 00 00 00 00 00 00
56110.0,0x201,8,02 00 00 00 00 00 00 00
56115.2,0x2C1,8,B3 1A 98 00 00 00 00 00
56133.1,0x381,8,14 00 00 00 00 00 00 00
56135.3,0x201,8,03 00 00 00 00 00 00 00
56135.7,0x2C1,8,04 00 00 00 00 00 00 00
56155.2,0x2C1,8,50 44 FE 00 50 8E 02 00
56157.4,0x281,6,19 00 FF 1F 00 01
56160.1,0x201,8,00 33 50 1A 00 E4 FF 00
56160.4,0x224,8,04 08 00 A0 E3 00 10 08
56160.6,0x2B4,6,39 05 0C 0F FE 00
56163.2,0x29D,4,00 00 00 20
56168.2,0x333,5,84 0C 2F 07 00
56171.8,0x381,8,15 40 58 32 50 00 1A 01
56175.0,0x2C1,8,21 2B 0D 0A 02 00 00 00
56185.2,0x201,8,59 28 98 00 01 00 00 00
56195.0,0x2C1,8,02 19 06 00 00 D0 92 09
56202.1,0x2F1,8,08 01 00 00 00 E8 03 00
56209.0,0x381,8,16 10 00 00 00 7F 00 00
56210.0,0x201,8,02 00 00 00 00 00 00 00
56215.0,0x2C1,8,B3 1A 98 00 00 00 00 00
56235.0,0x321,8,37 DA A8 90 01 8A 20 18
56235.3,0x201,8,03 00 00 00 00 00 00 00
56235.7,0x2C1,8,04 00 00 00 00 00 00 00
56247.1,0x381,8,17 00 00 00 00 00 00 00
56255.2,0x2C1,8,50 44 FE 00 50 8E 02 00
56257.5,0x281,6,18 00 FF 1F 00 01
56260.0,0x201,8,00 32 4F 19 00 E4 FF 00
56260.2,0x224,8,04 08 00 A0 E3 00 10 08
56260.5,0x2B4,6,3B 05 0C 0F 00 01
56263.7,0x29D,4,00 00 00 20
56275.0,0x2C1,8,21 2B 0D 0A 02 00 00 00
56285.0,0x201,8,59 28 98 00 01 00 00 00
56285.2,0x381,8,18 00 00 00 00 00 00 00
56295.0,0x2C1,8,02 19 06 00 00 D0 92 09
56302.1,0x2F1,8,09 01 00 00 00 D8 02 00
56310.0,0x201,8,02 00 00 00 00 00 00 00
56315.2,0x2C1,8,B3 1A 98 00 00 00 00 00
56323.1,0x381,8,19 00 00 00 00 00 00 00
56335.0,0x2C1,8,04 00 00 00 00 00 00 00
56335.3,0x201,8,03 00 00 00 00 00 00 00
56355.0,0x2C1,8,50 44 FE 00 50 8E 02 00
56357.6,0x281,6,18 00 FF 1F 00 01
56360.0,0x201,8,00 32 4F 1A 00 E4 FF 00
56360.3,0x224,8,04 08 00 C0 E3 00 10 08
56360.5,0x2B4,6,3B 05 0E 0F FB 00
56361.3,0x381,8,80 89 07 40 DE 00 A8 15
56363.7,0x29D,4,00 00 00 20
56375.3,0x2C1,8,21 2B 0D 0A 02 00 00 00
56385.0,0x201,8,59 28 98 00 01 00 00 00
56395.5,0x2C1,8,02 19 06 00 00 D0 92 09
56399.0,0x381,8,81 5D 00 0E 95 94 94 40
56401.0,0x2F1,8,0A 85 01 00 00 00 00 00
56410.0,0x201,8,02 00 00 00 00 00 00 00
56415.0,0x2C1,8,B3 1A 98 00 00 00 00 00
56435.1,0x2C1,8,04 00 00 00 00 00 00 00
56435.3,0x201,8,03 00 00 00 00 00 00 00
56437.3,0x381,8,22 A0 F8 77 41 20 00 00
56455.0,0x2C1,8,50 44 FE 00 50 8E 02 00
56457.5,0x281,6,18 00 FF 1F 00 01
56459.9,0x224,8,04 08 00 C0 E3 00 10 08
56460.2,0x201,8,00 32 4F 1A 00 E4 FF 00
56460.4,0x2B4,6,3A 05 09 0F F8 00
56463.9,0x29D,4,00 00 00 20
56475.3,0x2C1,8,21 2B 0D 0A 02 00 00 00
56475.5,0x381,8,A3 32 3E 00 4C 29 04 00
56485.0,0x201,8,59 28 98 00 01 00 00 00
56495.0,0x2C1,8,02 19 06 00 00 D0 92 09
56502.3,0x2F1,8,2B 80 00 00 00 00 00 00
56510.0,0x201,8,02 00 00 00 00 00 00 00
56513.1,0x381,8,04 00 00 00 00 00 00 00
56515.0,0x2C1,8,B3 1A 98 00 00 00 00 00
56535.2,0x201,8,03 00 00 00 00 00 00 00
56535.7,0x2C1,8,04 00 00 00 00 00 00 00
56551.7,0x381,8,05 00 00 00 80 D9 64 08
56555.3,0x2C1,8,50 44 FE 00 50 8E 02 00
56557.4,0x281,6,19 00 FF 1F 00 01
56559.9,0x224,8,04 08 00 E0 E3 00 10 08
56560.2,0x201,8,00 32 50 1A 00 E4 FF 00
56560.4,0x2B4,6,3A 05 0B 0F F3 00
56563.2,0x29D,4,00 00 00 20
56575.3,0x2C1,8,21 2B 0D 0A 02 00 00 00
56585.0,0x201,8,59 28 98 00 01 00 00 00
56589.2,0x381,8,06 00 00 00 00 00 00 00
56595.0,0x2C1,8,02 19 06 00 00 D0 92 09
56601.6,0x2F1,8,0C 19 40 58 01 86 32 34
56610.0,0x201,8,02 00 00 00 00 00 00 00
56615.0,0x2C1,8,B3 1A 98 00 00 00 00 00
56627.1,0x381,8,07 00 00 00 00 00 00 00
56635.3,0x201,8,03 00 00 00 00 00 00 00
56635.8,0x2C1,8,04 00 00 00 00 00 00 00
56655.1,0x2C1,8,50 44 FE 00 50 8E 02 00
56657.4,0x281,6,19 00 FF 1F 00 01
56660.1,0x201,8,00 32 4F 1A 00 E4 FF 00
56660.3,0x224,8,04 08 00 00 E4 00 10 08
56660.5,0x2B4,6,38 05 0B 0F F4 00
56663.5,0x29D,4,00 00 00 20
56665.1,0x381,8,08 00 00 00 00 00 00 00
56668.7,0x333,5,84 0C 2F 07 00
56675.1,0x2C1,8,21 2B 0D 0A 02 00 00 00
56685.0,0x201,8,59 28 98 00 01 00 00 00
56695.0,0x2C1,8,02 19 06 00 00 D0 92 09
56701.6,0x2F1,8,0D 09 9C 40 21 40 07 00
56703.4,0x381,8,09 00 00 00 00 00 00 00
56710.1,0x201,8,02 00 00 00 00 00 00 00
56715.3,0x2C1,8,B3 1A 98 00 00 00 00 00
56735.1,0x2C1,8,04 00 00 00 00 00 00 00
56735.3,0x201,8,03 00 00 00 00 00 00 00
56741.2,0x381,8,0A 00 00 00 00 00 00 00
56755.1,0x2C1,8,50 44 FE 00 50 8E 02 00
56757.8,0x281,6,18 00 FF 1F 00 01
56760.1,0x201,8,00 31 50 1A 00 E4 FF 00
56760.3,0x224,8,04 08 00 C0 E3 00 10 08
56760.7,0x2B4,6,3A 05 0D 0F F5 00
56763.4,0x29D,4,00 00 00 20
56775.0,0x2C1,8,21 2B 0D 0A 02 00 00 00
56779.5,0x381,8,0B 00 00 00 00 00 00 00
56785.0,0x201,8,59 28 98 00 01 00 00 00
56795.3,0x2C1,8,02 19 06 00 00 D0 92 09
56802.1,0x2F1,8,0E 00 00 00 00 00 00 00
56810.0,0x201,8,02 00 00 00 00 00 00 00
56815.3,0x2C1,8,B3 1A 98 00 00 00 00 00
56817.8,0x381,8,0C 00 00 00 00 00 00 00
56835.1,0x301,8,13 03 00 00 00 00 00 00
56835.3,0x201,8,03 00 00 00 00 00 00 00
56835.5,0x2C1,8,04 00 00 00 00 00 00 00
56855.0,0x2C1,8,50 44 FE 00 50 8E 02 00
56855.3,0x381,8,0D 00 00 00 00 00 00 00
56857.5,0x281,6,19 00 FF 1F 00 01
56860.1,0x201,8,00 32 4F 19 00 E4 FF 00
56860.3,0x2B4,6,3B 05 0C 0F FA 00
56861.6,0x224,8,04 08 00 C0 E3 00 10 08
56863.3,0x29D,4,00 00 00 20
56875.3,0x2C1,8,21 2B 0D 0A 02 00 00 00
56885.3,0x201,8,59 38 98 00 01 00 00 00
56893.1,0x381,8,0E 00 00 00 00 E0 FF 00
56895.1,0x2C1,8,02 19 06 00 00 D0 92 09
56901.6,0x2F1,8,0F 5F 79 96 99 C3 39 00
56910.0,0x201,8,02 00 00 00 00 00 00 00
56915.1,0x2C1,8,B3 1A 98 00 00 00 00 00
56931.5,0x381,8,EF FF FF CD 03 00 CF 0C
56935.3,0x201,8,03 00 00 00 00 00 00 00
56935.8,0x2C1,8,04 00 00 00 00 00 00 00
56955.6,0x2C1,8,50 48 FE 00 50 8E 02 00
56957.6,0x281,6,19 00 FF 1F 00 01
56960.0,0x224,8,04 08 00 A0 E3 00 10 08
56960.2,0x201,8,00 32 50 1A 00 E4 FF 00
56960.5,0x2B4,6,37 05 0C 0F F7 00
56963.3,0x29D,4,00 00 00 20
56969.6,0x381,8,10 00 00 00 00 00 00 00
56975.1,0x2C1,8,21 2B 0D 0A 02 00 00 00
56985.1,0x201,8,59 28 98 00 01 00 00 00
56995.1,0x2C1,8,02 19 06 00 00 D0 92 09
57001.7,0x2F1,8,10 00 00 CF 13 00 00 00
57007.4,0x381,8,11 00 00 00 00 00 00 00
57010.1,0x201,8,02 00 00 00 00 00 00 00
57015.1,0x2C1,8,B3 1A 98 00 00 00 00 00
57035.3,0x201,8,03 00 00 00 00 00 00 00
57035.7,0x2C1,8,04 00 00 00 00 00 00 00
57045.2,0x381,8,B2 00 00 00 00 00 A8 00
57055.1,0x2C1,8,50 48 FE 00 50 8E 02 00
57057.5,0x281,6,18 00 FF 1F 00 01
57060.1,0x201,8,00 32 50 1A 00 E4 FF 00
57060.3,0x224,8,04 08 00 A0 E3 00 10 08
57060.6,0x2B4,6,39 05 0C 0F FF 00
57063.8,0x29D,4,00 00 00 20
57075.1,0x2C1,8,21 2B 0D 0A 02 00 00 00
57083.3,0x381,8,13 00 00 00 00 03 FC FF
57085.1,0x201,8,59 28 98 00 01 00 00 00
57095.3,0x2C1,8,02 19 06 00 00 D0 92 09
57101.7,0x2F1,8,11 54 00 4B 00 6B 0C 00
57110.1,0x201,8,02 00 00 00 00 00 00 00
57115.3,0x2C1,8,B3 1A 98 00 00 00 00 00
57121.3,0x381,8,14 00 00 00 00 00 00 00
57135.4,0x201,8,03 00 00 00 00 00 00 00
57135.8,0x2C1,8,04 00 00 00 00 00 00 00
57155.1,0x2C1,8,50 48 FE 00 50 8E 02 00
57157.5,0x281,6,17 00 FF 1F 00 01
57159.5,0x381,8,15 20 58 32 50 00 1A 01
57160.2,0x201,8,00 32 50 1A 00 E4 FF 00
57160.4,0x224,8,04 08 00 A0 E3 00 10 08
57160.6,0x2B4,6,3A 05 0B 0F 00 01
57163.4,0x29D,4,00 00 00 20
57168.2,0x333,5,84 0C 2F 07 00
57175.1,0x2C1,8,21 2B 0D 0A 02 00 00 00
57185.1,0x201,8,59 28 98 00 01 00 00 00
57195.3,0x2C1,8,02 19 06 00 00 D0 92 09
57197.1,0x381,8,16 10 00 00 00 7F 00 00
57201.7,0x2F1,8,32 10 00 00 00 01 00 00
57210.1,0x201,8,02 00 00 00 00 00 00 00
57215.1,0x2C1,8,B3 1A 98 00 00 00 00 00
57235.1,0x321,8,37 DA A8 90 01 8A 30 28
57235.3,0x201,8,03 00 00 00 00 00 00 00
57235.6,0x2C1,8,04 00 00 00 00 00 00 00
57236.1,0x381,8,17 00 00 00 00 00 00 00
57255.1,0x2C1,8,50 48 FE 00 50 8E 02 00
57257.5,0x281,6,16 00 FF 1F 00 01
57260.3,0x201,8,00 32 50 1A 00 E4 FF 00
57260.5,0x224,8,04 08 00 C0 E3 00 10 08
57260.7,0x2B4,6,3C 05 0C 0F F8 00
57263.8,0x29D,4,00 00 00 20
57273.4,0x381,8,18 00 00 00 00 00 00 00
57275.4,0x2C1,8,21 2B 0D 0A 02 00 00 00
57285.1,0x201,8,59 28 98 00 01 00 00 00
57295.1,0x2C1,8,02 19 06 00 00 D0 92 09
57301.6,0x2F1,8,00 91 34 01 43 00 11 00
57310.1,0x201,8,02 00 00 00 00 00 00 00
57311.4,0x381,8,19 00 00 00 00 00 00 00
57315.1,0x2C1,8,B3 1A 98 00 00 00 00 00
57335.1,0x2C1,8,04 00 00 00 00 00 00 00
57335.4,0x201,8,03 00 00 00 00 00 00 00
57349.1,0x381,8,80 89 07 40 DE 00 A8 15
57355.4,0x2C1,8,50 48 FE 00 50 8E 02 00
57357.7,0x281,6,16 00 FF 1F 00 01
57360.1,0x201,8,00 33 50 1A 00 E4 FF 00
57360.4,0x224,8,04 08 00 A0 E3 00 10 08
57360.6,0x2B4,6,3B 05 0A 0F 05 01
57363.4,0x29D,4,00 00 00 20
57375.4,0x2C1,8,21 2B 0D 0A 02 00 00 00
57385.1,0x201,8,59 28 98 00 01 00 00 00
57388.2,0x381,8,81 5D 00 0E 95 94 94 40
57395.1,0x2C1,8,02 19 06 00 00 D0 92 09
57401.7,0x2F1,8,01 91 37 01 43 80 08 00
57410.1,0x201,8,02 00 00 00 00 00 00 00
57415.1,0x2C1,8,B3 1A 98 00 00 00 00 00
57425.4,0x381,8,22 A0 F8 77 41 20 00 00
57435.4,0x201,8,03 00 00 00 00 00 00 00
57435.7,0x2C1,8,04 00 00 00 00 00 00 00
57455.1,0x2C1,8,58 48 FE 00 50 8E 02 00
57457.6,0x281,6,16 00 FF 1F 00 01
57460.2,0x201,8,00 32 50 19 00 E4 FF 00
57460.4,0x224,8,04 08 00 C0 E3 00 10 08
57460.6,0x2B4,6,3B 05 0B 0F F4 00
57463.2,0x381,8,A3 32 3E 00 4C 29 04 00
57463.8,0x29D,4,00 00 00 20
57475.1,0x2C1,8,21 2B 0D 0A 02 00 00 00
57485.1,0x201,8,59 28 98 00 01 00 00 00
57495.1,0x2C1,8,02 19 06 00 00 D0 92 09
57502.3,0x2F1,8,02 11 3A 81 42 00 00 00
57502.5,0x381,8,04 00 00 00 00 00 00 00
57510.1,0x201,8,02 00 00 00 00 00 00 00
57515.6,0x2C1,8,B3 1A 98 00 00 00 00 00
57535.3,0x201,8,03 00 00 00 00 00 00 00
57535.8,0x2C1,8,04 00 00 00 00 00 00 00
57539.1,0x381,8,05 00 00 00 00 D9 64 08
57555.1,0x2C1,8,58 48 FE 00 50 8E 02 00
57557.5,0x281,6,17 00 FF 1F 00 01
57560.3,0x201,8,00 33 50 1A 00 E4 FF 00
57560.5,0x224,8,04 08 00 80 E3 00 10 08
57560.7,0x2B4,6,3A 05 09 0F FD 00
57563.3,0x29D,4,00 00 00 20
57575.2,0x2C1,8,21 2B 0D 0A 02 00 00 00
57577.2,0x381,8,06 00 00 00 00 00 00 00
57585.3,0x201,8,59 28 98 00 01 00 00 00
57595.4,0x2C1,8,02 19 06 00 00 D0 92 09
57601.7,0x2F1,8,03 91 35 81 42 00 01 00
57610.1,0x201,8,02 00 00 00 00 00 00 00
57615.1,0x2C1,8,B3 1A 98 00 00 00 00 00
57615.4,0x381,8,07 00 00 00 00 00 00 00
57635.4,0x201,8,03 00 00 00 00 00 00 00
57635.6,0x2C1,8,04 00 00 00 00 00 00 00
57653.1,0x381,8,08 00 00 00 00 00 00 00
57655.4,0x2C1,8,58 48 FE 00 50 8E 02 00
57657.5,0x281,6,18 00 FF 1F 00 01
57660.1,0x201,8,00 32 50 1A 00 E4 FF 00
57660.4,0x224,8,04 08 00 A0 E3 00 10 08
57660.8,0x2B4,6,3B 05 0A 0F FF 00
57663.3,0x29D,4,00 00 00 20
57670.0,0x333,5,84 0C 2F 07 00
57675.4,0x2C1,8,21 2B 0D 0A 02 00 00 00
57685.2,0x201,8,59 28 98 00 01 00 00 00
57691.6,0x381,8,09 00 00 00 00 00 00 00
57695.1,0x2C1,8,02 19 06 00 00 D0 92 09
57701.7,0x2F1,8,04 10 37 81 2F 00 01 00
57710.2,0x201,8,02 00 00 00 00 00 00 00
57715.1,0x2C1,8,B3 1A 98 00 00 00 00 00
57729.3,0x381,8,0A 00 00 00 00 00 00 00
57735.2,0x2C1,8,04 00 00 00 00 00 00 00
57735.4,0x201,8,03 00 00 00 00 00 00 00
57755.4,0x2C1,8,58 44 FE 00 50 8E 02 00
57757.9,0x281,6,18 00 FF 1F 00 01
57760.2,0x201,8,00 33 50 1A 00 E4 FF 00
57760.4,0x224,8,04 08 00 C0 E3 00 10 08
57761.3,0x2B4,6,39 05 0B 0F F9 00
57763.3,0x29D,4,00 00 00 20
57767.7,0x381,8,0B 00 00 00 00 00 00 00
57775.1,0x2C1,8,21 2B 0D 0A 02 00 00 00
57785.2,0x201,8,59 28 98 00 01 00 00 00
57795.4,0x2C1,8,02 19 06 00 00 D0 92 09
57801.7,0x2F1,8,05 10 36 01 2F 00 01 00
57805.2,0x381,8,0C 00 00 00 00 00 00 00
57810.1,0x201,8,02 00 00 00 00 00 00 00
57815.2,0x2C1,8,B3 1A 98 00 00 00 00 00
57835.2,0x301,8,14 05 00 82 0A FC FD 00
57835.4,0x201,8,03 00 00 00 00 00 00 00
57835.9,0x2C1,8,04 00 00 00 00 00 00 00
57843.2,0x381,8,0D 00 00 00 00 00 00 00
57855.1,0x2C1,8,58 44 FE 00 50 8E 02 00
57857.5,0x281,6,19 00 FF 1F 00 01
57860.3,0x201,8,00 33 4F 1A 00 E4 FF 00
57860.4,0x2B4,6,3B 05 0B 0F FD 00
57861.5,0x224,8,04 08 00 E0 E3 00 10 08
57863.6,0x29D,4,00 00 00 20
57875.2,0x2C1,8,21 2B 0D 0A 02 00 00 00
57881.4,0x381,8,0E 00 00 00 00 E0 FF 00
57885.1,0x201,8,59 38 98 00 01 00 00 00
57895.2,0x2C1,8,02 19 06 00 00 D0 92 09
57901.7,0x2F1,8,06 10 33 01 08 00 01 00
57910.1,0x201,8,02 00 00 00 00 00 00 00
57915.4,0x2C1,8,B3 1A 98 00 00 00 00 00
57919.1,0x381,8,EF FF FF CD 03 00 CF 0C
57935.4,0x201,8,03 00 00 00 00 00 00 00
57935.9,0x2C1,8,04 00 00 00 00 00 00 00
57955.1,0x2C1,8,58 44 FE 00 50 8E 02 00
57957.6,0x281,6,1A 00 FF 1F 00 01
57958.4,0x381,8,10 00 00 00 00 00 00 00
57960.0,0x224,8,04 08 00 00 E4 00 10 08
57960.2,0x201,8,00 34 50 1A 00 E4 FF 00
57960.4,0x2B4,6,3A 05 0C 0F FA 00
57963.5,0x29D,4,00 00 00 20
57975.2,0x2C1,8,21 2B 0D 0A 02 00 00 00
57985.1,0x201,8,59 28 98 00 01 00 00 00
57995.4,0x2C1,8,02 19 06 00 00 D0 92 09
57995.6,0x381,8,11 00 00 00 00 00 00 00
58001.7,0x2F1,8,07 00 00 00 00 00 00 00
58010.1,0x201,8,02 00 00 00 00 00 00 00
58015.2,0x2C1,8,B3 1A 98 00 00 00 00 00
58033.4,0x381,8,B2 00 00 00 00 00 A8 00
58035.3,0x201,8,03 00 00 00 00 00 00 00
58035.6,0x2C1,8,04 00 00 00 00 00 00 00
58055.2,0x2C1,8,50 44 FE 00 50 8E 02 00
58057.5,0x281,6,19 00 FF 1F 00 01
58059.9,0x224,8,04 08 00 C0 E3 00 10 08
58060.1,0x2B4,6,39 05 0C 0F FA 00
58060.3,0x201,8,00 32 4E 19 00 E4 FF 00
58063.8,0x29D,4,00 00 00 20
58071.3,0x381,8,13 00 00 00 00 04 FC FF
58075.4,0x2C1,8,21 2B 0D 0A 02 00 00 00
58085.2,0x201,8,59 28 98 00 01 00 00 00
58095.1,0x2C1,8,02 19 06 00 00 D0 92 09
58101.7,0x2F1,8,08 01 00 00 00 68 02 00
58109.2,0x381,8,14 00 00 00 00 00 00 00
58110.4,0x201,8,02 00 00 00 00 00 00 00
58115.1,0x2C1,8,B3 1A 98 00 00 00 00 00
58135.4,0x201,8,03 00 00 00 00 00 00 00
58135.9,0x2C1,8,04 00 00 00 00 00 00 00
58147.4,0x381,8,15 20 58 32 50 00 1A 01
58155.4,0x2C1,8,50 44 FE 00 50 8E 02 00
58157.6,0x281,6,18 00 FF 1F 00 01
58160.1,0x224,8,04 08 00 C0 E3 00 10 08
58160.3,0x201,8,00 32 4F 1A 00 E4 FF 00
58160.5,0x2B4,6,39 05 0C 0F F3 00
58163.4,0x29D,4,00 00 00 20
58168.5,0x333,5,84 0C 2F 07 00
58175.2,0x2C1,8,21 2B 0D 0A 02 00 00 00
58185.2,0x201,8,59 28 98 00 01 00 00 00
58185.4,0x381,8,16 10 00 00 00 7F 00 00
58195.2,0x2C1,8,02 19 06 00 00 D0 92 09
58202.1,0x2F1,8,09 01 00 00 00 F0 02 00
58210.2,0x201,8,02 00 00 00 00 00 00 00
58215.2,0x2C1,8,B3 1A 98 00 00 00 00 00
58223.3,0x381,8,17 00 00 00 00 00 00 00
58235.2,0x321,8,37 DA A8 90 01 8A 40 38
58235.4,0x201,8,03 00 00 00 00 00 00 00
58235.9,0x2C1,8,04 00 00 00 00 00 00 00
58255.2,0x2C1,8,50 44 FE 00 50 8E 02 00
58257.6,0x281,6,17 00 FF 1F 00 01
58260.1,0x224,8,04 08 00 C0 E3 00 10 08
58260.3,0x201,8,00 33 4F 1A 00 E4 FF 00
58260.5,0x2B4,6,39 05 0B 0F FD 00
58261.3,0x381,8,18 00 00 00 00 00 00 00
58263.8,0x29D,4,00 00 00 20
58275.2,0x2C1,8,21 2B 0D 0A 02 00 00 00
58285.4,0x201,8,59 28 98 00 01 00 00 00
58295.2,0x2C1,8,02 19 06 00 00 D0 92 09
58299.6,0x381,8,19 00 00 00 00 00 00 00
58301.7,0x2F1,8,0A 85 01 00 00 00 00 00
58310.1,0x201,8,02 00 00 00 00 00 00 00
58315.4,0x2C1,8,B3 1A 98 00 00 00 00 00
58335.2,0x2C1,8,04 00 00 00 00 00 00 00
58335.4,0x201,8,03 00 00 00 00 00 00 00
58337.2,0x381,8,80 89 07 40 DE 00 A8 15
58355.4,0x2C1,8,50 44 FE 00 50 8E 02 00
58357.8,0x281,6,16 00 FF 1F 00 01
58360.2,0x201,8,00 32 4F 1A 00 E4 FF 00
58360.5,0x224,8,04 08 00 E0 E3 00 10 08
58360.7,0x2B4,6,3A 05 0B 0F FF 00
58363.8,0x29D,4,00 00 00 20
58375.2,0x2C1,8,21 2B 0D 0A 02 00 00 00
58375.4,0x381,8,81 5D 00 0E 97 94 94 40
58385.2,0x201,8,59 28 98 00 01 00 00 00
58395.4,0x2C1,8,02 19 06 00 00 D0 92 09
58401.7,0x2F1,8,2B 7F 00 00 00 00 00 00
58410.2,0x201,8,02 00 00 00 00 00 00 00
58413.2,0x381,8,22 A0 F8 77 41 20 00 00
58415.2,0x2C1,8,B3 1A 98 00 00 00 00 00
58435.2,0x2C1,8,04 00 00 00 00 00 00 00
58435.5,0x201,8,03 00 00 00 00 00 00 00
58451.8,0x381,8,A3 32 3E 00 4C 29 04 00
58455.2,0x2C1,8,50 44 FE 00 50 8E 02 00
58457.6,0x281,6,17 00 FF 1F 00 01
58460.1,0x224,8,04 08 00 C0 E3 00 10 08
58460.3,0x201,8,00 32 50 1A 00 E4 FF 00
58460.5,0x2B4,6,38 05 0C 0F FA 00
58464.1,0x29D,4,00 00 00 20
58475.4,0x2C1,8,21 2B 0D 0A 02 00 00 00
58485.2,0x201,8,59 28 98 00 01 00 00 00
58489.3,0x381,8,04 00 00 00 00 00 00 00
58495.4,0x2C1,8,02 19 06 00 00 D0 92 09
58501.8,0x2F1,8,0C 15 40 D8 00 86 32 34
58510.2,0x201,8,02 00 00 00 00 00 00 00
58515.2,0x2C1,8,B3 1A 98 00 00 00 00 00
58527.2,0x381,8,05 00 00 00 00 D9 64 08
58535.4,0x201,8,03 00 00 00 00 00 00 00
58535.9,0x2C1,8,04 00 00 00 00 00 00 00
58555.4,0x2C1,8,50 44 FE 00 50 8E 02 00
58557.6,0x281,6,18 00 FF 1F 00 01
58560.0,0x224,8,04 08 00 C0 E3 00 10 08
58560.1,0x2B4,6,3A 05 09 0F F9 00
58560.4,0x201,8,00 33 4F 1A 00 E4 FF 00
58563.3,0x29D,4,00 00 00 20
58565.5,0x381,8,06 00 00 00 00 00 00 00
58575.2,0x2C1,8,21 2B 0D 0A 02 00 00 00
58585.2,0x201,8,59 28 98 00 01 00 00 00
58595.2,0x2C1,8,02 19 06 00 00 D0 92 09
58601.7,0x2F1,8,0D C9 9B 40 21 C0 07 00
58603.5,0x381,8,07 00 00 00 00 00 00 00
58610.2,0x201,8,02 00 00 00 00 00 00 00
58615.3,0x2C1,8,B3 1A 98 00 00 00 00 00
58635.5,0x201,8,03 00 00 00 00 00 00 00
58635.9,0x2C1,8,04 00 00 00 00 00 00 00
58641.3,0x381,8,08 00 00 00 00 00 00 00
58655.2,0x2C1,8,50 44 FE 00 50 8E 02 00
58657.6,0x281,6,17 00 FF 1F 00 01
58660.2,0x201,8,00 33 4F 19 00 E4 FF 00
58660.5,0x224,8,04 08 00 A0 E3 00 10 08
58660.7,0x2B4,6,3B 05 0B 0F F7 00
58663.4,0x29D,4,00 00 00 20
58669.2,0x333,5,84 0C 2F 07 00
58675.2,0x2C1,8,21 2B 0D 0A 02 00 00 00
58679.4,0x381,8,09 00 00 00 00 00 00 00
58685.2,0x201,8,59 28 98 00 01 00 00 00
58695.2,0x2C1,8,02 19 06 00 00 D0 92 09
58701.7,0x2F1,8,0E 00 00 00 00 00 00 00
58710.2,0x201,8,02 00 00 00 00 00 00 00
58715.5,0x2C1,8,B3 1A 98 00 00 00 00 00
58717.7,0x381,8,0A 00 00 00 00 00 00 00
58735.2,0x2C1,8,04 00 00 00 00 00 00 00
58735.5,0x201,8,03 00 00 00 00 00 00 00
58755.2,0x2C1,8,50 44 FE 00 50 8E 02 00
58755.5,0x381,8,0B 00 00 00 00 00 00 00
58757.9,0x281,6,16 00 FF 1F 00 01
58760.3,0x201,8,00 31 50 1A 00 E4 FF 00
58760.5,0x224,8,04 08 00 A0 E3 00 10 08
58761.3,0x2B4,6,38 05 0A 0F F4 00
58763.6,0x29D,4,00 00 00 20
58775.2,0x2C1,8,21 2B 0D 0A 02 00 00 00
58785.2,0x201,8,59 28 98 00 01 00 00 00
58793.3,0x381,8,0C 00 00 00 00 00 00 00
58795.5,0x2C1,8,02 19 06 00 00 D0 92 09
58801.7,0x2F1,8,0F 5B 79 96 99 C3 39 00
58810.2,0x201,8,02 00 00 00 00 00 00 00
58815.2,0x2C1,8,B3 1A 98 00 00 00 00 00
58831.8,0x381,8,0D 00 00 00 00 00 00 00
58835.2,0x301,8,10 00 00 00 07 33 36 73
58835.4,0x201,8,03 00 00 00 00 00 00 00
58835.7,0x2C1,8,04 00 00 00 00 00 00 00
58855.2,0x2C1,8,50 44 FE 00 50 8E 02 00
58857.6,0x281,6,16 00 FF 1F 00 01
58860.1,0x224,8,04 08 00 C0 E3 00 10 08
58860.3,0x201,8,00 31 4F 1A 00 E4 FF 00
58860.5,0x2B4,6,3B 05 0A 0F ED 00
58863.3,0x29D,4,00 00 00 20
58869.2,0x381,8,0E 00 00 00 00 E0 FF 00
58875.6,0x2C1,8,21 2B 0D 0A 02 00 00 00
58885.2,0x201,8,59 28 98 00 01 00 00 00
58895.2,0x2C1,8,02 19 06 00 00 D0 92 09
58902.2,0x2F1,8,10 00 00 D1 13 00 00 00
58907.5,0x381,8,EF FF FF CD 03 00 CF 0C
58910.2,0x201,8,02 00 00 00 00 00 00 00
58915.5,0x2C1,8,B3 1A 98 00 00 00 00 00
58935.5,0x201,8,03 00 00 00 00 00 00 00
58936.0,0x2C1,8,04 00 00 00 00 00 00 00
58945.3,0x381,8,10 00 00 00 00 00 00 00
58955.5,0x2C1,8,50 44 FE 00 50 8E 02 00
58957.7,0x281,6,16 00 FF 1F 00 01
58960.1,0x224,8,04 08 00 A0 E3 00 10 08
58960.4,0x201,8,00 32 50 1A 00 E4 FF 00
58960.6,0x2B4,6,3A 05 0B 0F 01 01
58963.5,0x29D,4,00 00 00 20
58975.2,0x2C1,8,21 2B 0D 0A 02 00 00 00
58983.2,0x381,8,11 00 00 00 00 00 00 00
58985.5,0x201,8,59 28 98 00 01 00 00 00
58995.2,0x2C1,8,02 19 06 00 00 D0 92 09
59001.7,0x2F1,8,11 54 00 4B 00 6D 0C 00
59010.2,0x201,8,02 00 00 00 00 00 00 00
59015.3,0x2C1,8,B3 1A 98 00 00 00 00 00
59021.7,0x381,8,B2 00 00 00 00 00 A8 00
59035.4,0x201,8,03 00 00 00 00 00 00 00
59035.9,0x2C1,8,04 00 00 00 00 00 00 00
59055.5,0x2C1,8,50 44 FE 00 50 8E 02 00
59057.6,0x281,6,15 00 FF 1F 00 01
59059.4,0x381,8,13 00 00 00 00 04 FC FF
59060.1,0x224,8,04 08 00 A0 E3 00 10 08
59060.3,0x201,8,00 31 50 1A 00 E4 FF 00
59060.5,0x2B4,6,38 05 0B 0F F5 00
59064.0,0x29D,4,00 00 00 20
59075.3,0x2C1,8,21 2B 0D 0A 02 00 00 00
59085.2,0x201,8,59 28 98 00 01 00 00 00
59095.3,0x2C1,8,02 19 06 00 00 D0 92 09
59097.7,0x381,8,14 00 00 00 00 00 00 00
59101.3,0x2F1,8,32 12 00 00 00 01 00 00
59110.2,0x201,8,02 00 00 00 00 00 00 00
59115.5,0x2C1,8,B3 1A 98 00 00 00 00 00
59135.5,0x201,8,03 00 00 00 00 00 00 00
59136.0,0x2C1,8,04 00 00 00 00 00 00 00
59136.4,0x381,8,15 20 58 32 50 00 1A 01
59155.3,0x2C1,8,50 48 FE 00 50 8E 02 00
59157.6,0x281,6,14 00 FF 1F 00 01
59160.2,0x224,8,04 08 00 E0 E3 00 10 08
59160.5,0x201,8,00 31 50 1A 00 E4 FF 00
59160.7,0x2B4,6,3A 05 0C 0F 00 01
59163.7,0x29D,4,00 00 00 20
59169.4,0x333,5,84 0C 2F 07 00
59173.5,0x381,8,16 10 00 00 00 7F 00 00
59175.3,0x2C1,8,21 2B 0D 0A 02 00 00 00
59185.3,0x201,8,59 28 98 00 01 00 00 00
59195.7,0x2C1,8,02 19 06 00 00 D0 92 09
59201.7,0x2F1,8,00 91 33 81 42 00 10 00
59210.3,0x201,8,02 00 00 00 00 00 00 00
59211.7,0x381,8,17 00 00 00 00 00 00 00
59215.2,0x2C1,8,B3 1A 98 00 00 00 00 00
59235.3,0x321,8,37 DA A8 90 01 8A 50 48
59235.5,0x201,8,03 00 00 00 00 00 00 00
59235.8,0x2C1,8,04 00 00 00 00 00 00 00
59249.3,0x381,8,18 00 00 00 00 00 00 00
59255.3,0x2C1,8,50 44 FE 00 50 8E 02 00
59257.7,0x281,6,14 00 FF 1F 00 01
59260.1,0x224,8,04 08 00 C0 E3 00 10 08
59260.3,0x201,8,00 32 4F 19 00 E4 FF 00
59260.5,0x2B4,6,3A 05 0B 0F 00 01
59263.8,0x29D,4,00 00 00 20
59275.5,0x2C1,8,21 2B 0D 0A 02 00 00 00
59285.3,0x201,8,59 28 98 00 01 00 00 00
59288.9,0x381,8,19 00 00 00 00 00 00 00
59295.3,0x2C1,8,02 19 06 00 00 D0 92 09
59301.7,0x2F1,8,01 91 36 01 43 00 0A 00
59310.3,0x201,8,02 00 00 00 00 00 00 00
59315.3,0x2C1,8,B3 1A 98 00 00 00 00 00
59325.4,0x381,8,80 89 07 40 DE 00 A8 15
59335.5,0x201,8,03 00 00 00 00 00 00 00
59336.2,0x2C1,8,04 00 00 00 00 00 00 00
59355.5,0x2C1,8,50 48 FE 00 50 8E 02 00
59357.8,0x281,6,14 00 FF 1F 00 01
59360.3,0x201,8,00 32 50 1A 00 E4 FF 00
59360.5,0x224,8,04 08 00 C0 E3 00 10 08
59360.7,0x2B4,6,39 05 0A 0F F9 00
59363.8,0x381,8,81 5D 00 0E 97 94 94 40
59363.9,0x29D,4,00 00 00 20
59375.3,0x2C1,8,21 2B 0D 0A 02 00 00 00
59385.3,0x201,8,59 28 98 00 01 00 00 00
59395.3,0x2C1,8,02 19 06 00 00 D0 92 09
59401.3,0x2F1,8,02 11 3A 81 42 00 00 00
59402.2,0x381,8,22 A0 F8 77 41 20 00 00
59410.2,0x201,8,02 00 00 00 00 00 00 00
59415.3,0x2C1,8,B3 1A 98 00 00 00 00 00
59435.5,0x201,8,03 00 00 00 00 00 00 00
59435.8,0x2C1,8,04 00 00 00 00 00 00 00
59439.5,0x381,8,A3 32 3E 00 4C B9 04 00
59455.3,0x2C1,8,50 48 FE 00 50 8E 02 00
59457.7,0x281,6,15 00 FF 1F 00 01
59460.0,0x224,8,04 08 00 E0 E3 00 10 08
59460.2,0x2B4,6,39 05 09 0F 00 01
59460.5,0x201,8,00 32 50 1A 00 E4 FF 00
59465.2,0x29D,4,00 00 00 20
59475.5,0x2C1,8,21 2B 0D 0A 02 00 00 00
59477.4,0x381,8,04 00 00 00 00 00 00 00
59485.3,0x201,8,59 28 98 00 01 00 00 00
59495.3,0x2C1,8,02 19 06 00 00 D0 92 09
59501.8,0x2F1,8,03 91 35 81 42 00 01 00
59510.3,0x201,8,02 00 00 00 00 00 00 00
59515.5,0x2C1,8,B3 1A 98 00 00 00 00 00
59515.8,0x381,8,05 00 00 00 80 D8 64 08
59535.5,0x201,8,03 00 00 00 00 00 00 00
59536.0,0x2C1,8,04 00 00 00 00 00 00 00
59553.3,0x381,8,06 00 00 00 00 00 00 00
59555.3,0x2C1,8,50 48 FE 00 50 8E 02 00
59557.7,0x281,6,15 00 FF 1F 00 01
59560.2,0x224,8,04 08 00 E0 E3 00 10 08
59560.5,0x201,8,00 32 50 1A 00 E4 FF 00
59560.7,0x2B4,6,3B 05 09 0F FD 00
59563.5,0x29D,4,00 00 00 20
59575.3,0x2C1,8,21 2B 0D 0A 02 00 00 00
59585.3,0x201,8,59 28 98 00 01 00 00 00
59591.5,0x381,8,07 00 00 00 00 00 00 00
59595.5,0x2C1,8,02 19 06 00 00 D0 92 09
59602.3,0x2F1,8,04 90 36 81 2F 00 01 00
59610.3,0x201,8,02 00 00 00 00 00 00 00
59615.5,0x2C1,8,B3 1A 98 00 00 00 00 00
59629.6,0x381,8,08 00 00 00 00 00 00 00
59635.5,0x201,8,03 00 00 00 00 00 00 00
59635.8,0x2C1,8,04 00 00 00 00 00 00 00
59655.3,0x2C1,8,50 48 FE 00 50 8E 02 00
59657.7,0x281,6,15 00 FF 1F 00 01
59660.2,0x224,8,04 08 00 C0 E3 00 10 08
59660.5,0x201,8,00 32 51 1A 00 E4 FF 00
59660.7,0x2B4,6,39 05 0A 0F FC 00
59663.4,0x29D,4,00 00 00 20
59667.5,0x381,8,09 00 00 00 00 00 00 00
59669.5,0x333,5,84 0C 2F 07 00
59675.8,0x2C1,8,21 2B 0D 0A 02 00 00 00
59685.5,0x201,8,59 28 98 00 01 00 00 00
59695.3,0x2C1,8,02 19 06 00 00 D0 92 09
59701.3,0x2F1,8,05 10 36 01 2F 00 01 00
59705.3,0x381,8,0A 00 00 00 00 00 00 00
59710.3,0x201,8,02 00 00 00 00 00 00 00
59715.3,0x2C1,8,B3 1A 98 00 00 00 00 00
59735.3,0x2C1,8,04 00 00 00 00 00 00 00
59735.6,0x201,8,03 00 00 00 00 00 00 00
59743.3,0x381,8,0B 00 00 00 00 00 00 00
59755.8,0x2C1,8,50 48 FE 00 50 8E 02 00
59758.0,0x281,6,14 00 FF 1F 00 01
59760.4,0x201,8,00 33 51 1A 00 E4 FF 00
59760.6,0x224,8,04 08 00 E0 E3 00 10 08
59761.5,0x2B4,6,3B 05 0B 0F F7 00
59763.4,0x29D,4,00 00 00 20
59775.3,0x2C1,8,21 2B 0D 0A 02 00 00 00
59781.3,0x381,8,0C 00 00 00 00 00 00 00
59785.3,0x201,8,59 28 98 00 01 00 00 00
59795.3,0x2C1,8,02 19 06 00 00 D0 92 09
59801.3,0x2F1,8,06 10 33 01 08 00 01 00
59810.3,0x201,8,02 00 00 00 00 00 00 00
59815.3,0x2C1,8,B3 1A 98 00 00 00 00 00
59819.5,0x381,8,0D 00 00 00 00 00 00 00
59835.3,0x301,8,17 00 00 00 07 33 36 73
59835.6,0x201,8,03 00 00 00 00 00 00 00
59836.5,0x2C1,8,04 00 00 00 00 00 00 00
59855.3,0x2C1,8,58 44 FE 00 50 8E 02 00
59857.7,0x281,6,15 00 FF 1F 00 01
59858.8,0x381,8,0E 00 00 00 00 E0 FF 00
59860.4,0x201,8,00 32 4F 19 00 E4 FF 00
59860.6,0x2B4,6,3B 05 09 0F F7 00
59861.3,0x224,8,04 08 00 A0 E3 00 10 08
59863.6,0x29D,4,00 00 00 20
59875.3,0x2C1,8,21 2B 0D 0A 02 00 00 00
59885.4,0x201,8,59 28 98 00 01 00 00 00
59895.6,0x2C1,8,02 19 06 00 00 D0 92 09
59895.8,0x381,8,EF FF FF CD 03 00 CF 0C
59901.3,0x2F1,8,07 00 00 00 00 00 00 00
59910.3,0x201,8,02 00 00 00 00 00 00 00
59915.6,0x2C1,8,B3 1A 98 00 00 00 00 00
59933.4,0x381,8,10 00 00 00 00 00 00 00
59935.6,0x201,8,03 00 00 00 00 00 00 00
59936.0,0x2C1,8,04 00 00 00 00 00 00 00
59955.3,0x2C1,8,58 44 FE 00 50 8E 02 00
59957.7,0x281,6,16 00 FF 1F 00 01
59960.1,0x224,8,04 08 00 A0 E3 00 10 08
59960.4,0x201,8,00 33 4F 1A 00 E4 FF 00
59960.8,0x2B4,6,39 05 09 0F F8 00
59963.7,0x29D,4,00 00 00 20
59971.3,0x381,8,11 00 00 00 00 00 00 00
59975.3,0x2C1,8,21 2B 0D 0A 02 00 00 00
59985.3,0x201,8,59 28 98 00 01 00 00 00
59995.5,0x2C1,8,02 19 06 00 00 D0 92 09
60001.7,0x2F1,8,08 01 00 00 00 58 02 00
60009.3,0x381,8,B2 00 00 00 00 00 A8 00
60010.2,0x201,8,02 00 00 00 00 00 00 00
60015.3,0x2C1,8,B3 1A 98 00 00 00 00 00
60035.4,0x201,8,03 00 00 00 00 00 00 00
60035.7,0x2C1,8,04 00 00 00 00 00 00 00
60047.3,0x381,8,13 00 00 00 00 04 FC FF
60055.3,0x2C1,8,58 44 FE 00 50 8E 02 00
60057.6,0x281,6,16 00 FF 1F 00 01
60060.2,0x224,8,04 08 00 C0 E3 00 10 08
60060.5,0x201,8,00 32 50 1A 00 E4 FF 00
60060.7,0x2B4,6,38 05 09 0F FA 00
60064.0,0x29D,4,00 00 00 20
60075.5,0x2C1,8,21 2B 0D 0A 02 00 00 00
60085.3,0x201,8,59 28 98 00 01 00 00 00
60085.5,0x381,8,14 00 00 00 00 00 00 00
60095.3,0x2C1,8,02 19 06 00 00 D0 92 09
60101.3,0x2F1,8,09 01 00 00 00 50 03 00
60110.4,0x201,8,02 00 00 00 00 00 00 00
60115.3,0x2C1,8,B3 1A 98 00 00 00 00 00
60123.6,0x381,8,15 20 58 32 50 00 1A 01
60135.6,0x201,8,03 00 00 00 00 00 00 00
60136.2,0x2C1,8,04 00 00 00 00 00 00 00
60155.5,0x2C1,8,58 44 FE 00 50 8E 02 00
60157.6,0x281,6,17 00 FF 1F 00 01
60160.2,0x224,8,04 08 00 A0 E3 00 10 08
60160.4,0x201,8,00 33 4F 1A 00 E4 FF 00
60160.6,0x2B4,6,3A 05 09 0F FF 00
60161.8,0x381,8,16 10 00 00 00 7F 00 00
60163.8,0x29D,4,00 00 00 20
60168.5,0x333,5,84 0C 2F 07 00
60175.5,0x2C1,8,21 2B 0D 0A 02 00 00 00
60185.3,0x201,8,59 28 98 00 01 00 00 00
60195.3,0x2C1,8,02 19 06 00 00 D0 92 09
60199.3,0x381,8,17 00 00 00 00 00 00 00
60201.9,0x2F1,8,0A 85 01 00 00 00 00 00
60210.3,0x201,8,02 00 00 00 00 00 00 00
60215.3,0x2C1,8,B3 1A 98 00 00 00 00 00
60235.3,0x321,8,37 DA A8 90 01 8A 60 58
60235.5,0x201,8,03 00 00 00 00 00 00 00
60236.0,0x2C1,8,04 00 00 00 00 00 00 00
60237.3,0x381,8,18 00 00 00 00 00 00 00
60255.3,0x2C1,8,58 44 FE 00 50 8E 02 00
60257.7,0x281,6,17 00 FF 1F 00 01
60260.2,0x224,8,04 08 00 C0 E3 00 10 08
60260.4,0x201,8,00 33 4F 1A 00 E4 FF 00
60260.6,0x2B4,6,3B 05 09 0F FB 00
60263.8,0x29D,4,00 00 00 20
60275.3,0x2C1,8,21 2B 0D 0A 02 00 00 00
60275.6,0x381,8,19 00 00 00 00 00 00 00
60285.3,0x201,8,59 28 98 00 01 00 00 00
60295.3,0x2C1,8,02 19 06 00 00 D0 92 09
60302.4,0x2F1,8,2B 88 00 00 00 00 00 00
60310.3,0x201,8,02 00 00 00 00 00 00 00
60313.3,0x381,8,80 89 07 40 DE 00 A8 15
60315.8,0x2C1,8,B3 1A 98 00 00 00 00 00
60335.3,0x2C1,8,04 00 00 00 00 00 00 00
60335.5,0x201,8,03 00 00 00 00 00 00 00
60351.8,0x381,8,81 5D 00 0E 95 94 94 40
60355.3,0x2C1,8,58 44 FE 00 50 8E 02 00
60357.8,0x281,6,17 00 FF 1F 00 01
60360.0,0x224,8,04 08 00 C0 E3 00 10 08
60360.3,0x2B4,6,3B 05 0B 0F FB 00
60360.5,0x201,8,00 34 50 19 00 E4 FF 00
60364.0,0x29D,4,00 00 00 20
60375.3,0x2C1,8,21 2B 0D 0A 02 00 00 00
60385.6,0x201,8,59 28 98 00 01 00 00 00
60389.3,0x381,8,22 A0 F8 77 41 20 00 00
60395.5,0x2C1,8,02 19 06 00 00 D0 92 09
60401.9,0x2F1,8,0C 11 40 18 01 86 32 34
60410.3,0x201,8,02 00 00 00 00 00 00 00
60415.3,0x2C1,8,B3 1A 98 00 00 00 00 00
60428.1,0x381,8,A3 32 3E 00 4C 29 04 00
60435.3,0x2C1,8,04 00 00 00 00 00 00 00
60435.6,0x201,8,03 00 00 00 00 00 00 00
60455.5,0x2C1,8,50 44 FE 00 50 8E 02 00
60457.7,0x281,6,16 00 FF 1F 00 01
60460.1,0x224,8,04 08 00 00 E4 00 10 08
60460.4,0x201,8,00 32 4E 1A 00 E4 FF 00
60460.8,0x2B4,6,3C 05 09 0F F1 00
60464.9,0x29D,4,00 00 00 20
60465.6,0x381,8,04 00 00 00 00 00 00 00
60475.5,0x2C1,8,21 2B 0D 0A 02 00 00 00
60485.3,0x201,8,59 28 98 00 01 00 00 00
60495.3,0x2C1,8,02 19 06 00 00 D0 92 09
60502.3,0x2F1,8,0D C9 9B 40 21 00 07 00
60503.5,0x381,8,05 00 00 00 00 D9 64 08
60510.3,0x201,8,02 00 00 00 00 00 00 00
60515.3,0x2C1,8,B3 1A 98 00 00 00 00 00
60535.5,0x201,8,03 00 00 00 00 00 00 00
60536.0,0x2C1,8,04 00 00 00 00 00 00 00
60541.4,0x381,8,06 00 00 00 00 00 00 00
60555.5,0x2C1,8,50 44 FE 00 50 8E 02 00
60557.7,0x281,6,16 00 FF 1F 00 01
60560.2,0x224,8,04 08 00 E0 E3 00 10 08
60560.4,0x201,8,00 33 50 1A 00 E4 FF 00
60560.6,0x2B4,6,3A 05 0A 0F F4 00
60563.5,0x29D,4,00 00 00 20
60575.3,0x2C1,8,21 2B 0D 0A 02 00 00 00
60579.6,0x381,8,07 00 00 00 00 00 00 00
60585.3,0x201,8,59 28 98 00 01 00 00 00
60595.5,0x2C1,8,02 19 06 00 00 D0 92 09
60601.7,0x2F1,8,0E 00 00 00 00 00 00 00
60610.3,0x201,8,02 00 00 00 00 00 00 00
60615.3,0x2C1,8,B3 1A 98 00 00 00 00 00
60617.8,0x381,8,08 00 00 00 00 00 00 00
60635.6,0x201,8,03 00 00 00 00 00 00 00
60636.2,0x2C1,8,04 00 00 00 00 00 00 00
60655.3,0x2C1,8,50 44 FE 00 50 8E 02 00
60655.6,0x381,8,09 00 00 00 00 00 00 00
60657.7,0x281,6,16 00 FF 1F 00 01
60660.1,0x224,8,04 08 00 C0 E3 00 10 08
60660.4,0x201,8,00 32 4F 1A 00 E4 FF 00
60660.6,0x2B4,6,3B 05 09 0F F7 00
60663.4,0x29D,4,00 00 00 20
60669.0,0x333,5,84 0C 2F 07 00
60675.3,0x2C1,8,21 2B 0D 0A 02 00 00 00
60685.3,0x201,8,59 28 98 00 01 00 00 00
60693.6,0x381,8,0A 00 00 00 00 00 00 00
60695.3,0x2C1,8,02 19 06 00 00 D0 92 09
60701.6,0x2F1,8,0F 60 89 96 99 C3 39 00
60710.3,0x201,8,02 00 00 00 00 00 00 00
60715.6,0x2C1,8,B3 1A 98 00 00 00 00 00
60731.8,0x381,8,0B 00 00 00 00 00 00 00
60735.6,0x201,8,03 00 00 00 00 00 00 00
60736.1,0x2C1,8,04 00 00 00 00 00 00 00
60755.3,0x2C1,8,50 44 FE 00 50 8E 02 00
60758.0,0x281,6,17 00 FF 1F 00 01
60760.4,0x224,8,04 08 00 A0 E3 00 10 08
60760.6,0x201,8,00 32 50 1A 00 E4 FF 00
60760.8,0x2B4,6,39 05 0B 0F F6 00
60763.7,0x29D,4,00 00 00 20
60769.4,0x381,8,0C 00 00 00 00 00 00 00
60775.3,0x2C1,8,21 2B 0D 0A 02 00 00 00
60785.3,0x201,8,59 28 98 00 01 00 00 00
60795.6,0x2C1,8,02 19 06 00 00 D0 92 09
60801.9,0x2F1,8,10 00 00 D8 13 00 00 00
60807.4,0x381,8,0D 00 00 00 00 00 00 00
60810.6,0x201,8,02 00 00 00 00 00 00 00
60815.3,0x2C1,8,B3 1A 98 00 00 00 00 00
60835.3,0x301,8,18 00 00 00 FF FF FF FF
60835.6,0x201,8,03 00 00 00 00 00 00 00
60835.8,0x2C1,8,04 00 00 00 00 00 00 00
60845.4,0x381,8,0E 00 00 00 00 E0 FF 00
60855.3,0x2C1,8,50 44 FE 00 50 8E 02 00
60857.7,0x281,6,17 00 FF 1F 00 01
60860.4,0x201,8,00 32 4F 1A 00 E4 FF 00
60860.6,0x2B4,6,3A 05 09 0F FD 00
60863.6,0x29D,4,00 00 00 20
60863.8,0x224,8,04 08 00 C0 E3 00 10 08
60875.8,0x2C1,8,21 2B 0D 0A 02 00 00 00
60883.3,0x381,8,EF FF FF CD 03 00 CF 0C
60885.3,0x201,8,59 28 98 00 01 00 00 00
60895.3,0x2C1,8,02 19 06 00 00 D0 92 09
60901.9,0x2F1,8,11 54 00 4B 00 6D 0C 00
60910.3,0x201,8,02 00 00 00 00 00 00 00
60915.3,0x2C1,8,B3 1A 98 00 00 00 00 00
60921.7,0x381,8,10 00 00 00 00 00 00 00
60935.6,0x201,8,03 00 00 00 00 00 00 00
60936.1,0x2C1,8,04 00 00 00 00 00 00 00
60955.6,0x2C1,8,50 44 FE 00 50 8E 02 00
60957.8,0x281,6,18 00 FF 1F 00 01
60960.3,0x224,8,04 08 00 C0 E3 00 10 08
60960.5,0x201,8,00 31 50 19 00 E4 FF 00
60960.7,0x2B4,6,3A 05 0A 0F FD 00
60961.0,0x381,8,11 00 00 00 00 00 00 00
60963.6,0x29D,4,00 00 00 20
60975.3,0x2C1,8,21 2B 0D 0A 02 00 00 00
60985.4,0x201,8,59 28 98 00 01 00 00 00
60995.3,0x2C1,8,02 19 06 00 00 D0 92 09
60997.4,0x381,8,B2 00 00 00 00 00 A8 00
61002.6,0x2F1,8,32 12 00 00 00 01 00 00
61010.3,0x201,8,02 00 00 00 00 00 00 00
61015.6,0x2C1,8,B3 1A 98 00 00 00 00 00
61035.5,0x201,8,03 00 00 00 00 00 00 00
61036.2,0x2C1,8,04 00 00 00 00 00 00 00
61036.4,0x381,8,13 00 00 00 00 04 FC FF
61055.3,0x2C1,8,50 44 FE 00 50 8E 02 00
61057.6,0x281,6,18 00 FF 1F 00 01
61060.3,0x224,8,04 08 00 E0 E3 00 10 08
61060.5,0x201,8,00 32 4F 1A 00 E4 FF 00
61060.7,0x2B4,6,3A 05 0A 0F FB 00
61063.6,0x29D,4,00 00 00 20
61073.6,0x381,8,14 00 00 00 00 00 00 00
61075.3,0x2C1,8,21 2B 0D 0A 02 00 00 00
61085.6,0x201,8,59 28 98 00 01 00 00 00
61095.4,0x2C1,8,02 19 06 00 00 D0 92 09
61101.7,0x2F1,8,00 91 33 01 43 00 10 00
61110.3,0x201,8,02 00 00 00 00 00 00 00
61111.5,0x381,8,15 00 58 32 50 00 1A 01
61115.6,0x2C1,8,B3 1A 98 00 00 00 00 00
61135.6,0x201,8,03 00 00 00 00 00 00 00
61136.1,0x2C1,8,04 00 00 00 00 00 00 00
61149.3,0x381,8,16 10 00 00 00 7F 00 00
61155.8,0x2C1,8,50 48 FE 00 50 8E 02 00
61157.8,0x281,6,19 00 FF 1F 00 01
61160.3,0x224,8,04 08 00 E0 E3 00 10 08
61160.5,0x201,8,00 32 50 19 00 E4 FF 00
61160.7,0x2B4,6,3B 05 09 0F F9 00
61163.8,0x29D,4,00 00 00 20
61168.6,0x333,5,84 0C 2F 07 00
61175.4,0x2C1,8,21 2B 0D 0A 02 00 00 00
61185.3,0x201,8,59 28 98 00 01 00 00 00
61188.1,0x381,8,17 00 00 00 00 00 00 00
61195.6,0x2C1,8,02 19 06 00 00 D0 92 09
61201.9,0x2F1,8,01 11 37 01 43 80 08 00
61210.6,0x201,8,02 00 00 00 00 00 00 00
61215.4,0x2C1,8,B3 1A 98 00 00 00 00 00
61225.9,0x381,8,18 00 00 00 00 00 00 00
61235.4,0x321,8,37 DA A8 90 01 8A 70 68
61235.6,0x201,8,03 00 00 00 00 00 00 00
61235.9,0x2C1,8,04 00 00 00 00 00 00 00
61255.4,0x2C1,8,50 48 FE 00 50 8E 02 00
61257.8,0x281,6,19 00 FF 1F 00 01
61260.0,0x224,8,04 08 00 C0 E3 00 10 08
61260.2,0x2B4,6,39 05 08 0F FC 00
61260.4,0x201,8,00 32 50 1A 00 E4 FF 00
61263.6,0x381,8,19 00 00 00 00 00 00 00
61264.0,0x29D,4,00 00 00 20
61275.6,0x2C1,8,21 2B 0D 0A 02 00 00 00
61285.4,0x201,8,59 38 98 00 01 00 00 00
61295.6,0x2C1,8,02 19 06 00 00 D0 92 09
61301.9,0x2F1,8,02 91 3A 81 42 00 00 00
61302.3,0x381,8,80 89 07 40 DE 00 A8 15
61310.4,0x201,8,02 00 00 00 00 00 00 00
61315.4,0x2C1,8,B3 1A 98 00 00 00 00 00
61335.4,0x2C1,8,04 00 00 00 00 00 00 00
61335.6,0x201,8,03 00 00 00 00 00 00 00
61339.8,0x381,8,81 5D 00 0E 95 94 94 40
61355.8,0x2C1,8,50 48 FE 00 50 8E 02 00
61357.9,0x281,6,19 00 FF 1F 00 01
61360.2,0x224,8,04 08 00 E0 E3 00 10 08
61360.4,0x201,8,00 32 50 1A 00 E4 FF 00
61360.6,0x2B4,6,39 05 08 0F F2 00
61364.0,0x29D,4,00 00 00 20
61375.4,0x2C1,8,21 2B 0D 0A 02 00 00 00
61377.4,0x381,8,22 A0 F8 77 41 20 00 00
61385.4,0x201,8,59 38 98 00 01 00 00 00
61395.4,0x2C1,8,02 19 06 00 00 D0 92 09
61401.9,0x2F1,8,03 91 35 81 42 00 01 00
61410.4,0x201,8,02 00 00 00 00 00 00 00
61415.4,0x2C1,8,B3 1A 98 00 00 00 00 00
61415.6,0x381,8,A3 32 3E 00 4C B9 04 00
61435.6,0x201,8,03 00 00 00 00 00 00 00
61436.3,0x2C1,8,04 00 00 00 00 00 00 00
61453.4,0x381,8,04 00 00 00 00 00 00 00
61455.4,0x2C1,8,50 48 FE 00 50 8E 02 00
61457.7,0x281,6,1A 00 FF 1F 00 01
61460.0,0x224,8,04 08 00 C0 E3 00 10 08
61460.2,0x2B4,6,3B 05 08 0F 00 01
61460.4,0x201,8,00 32 50 1A 00 E4 FF 00
61465.1,0x29D,4,00 00 00 20
61475.4,0x2C1,8,21 2B 0D 0A 02 00 00 00
61485.4,0x201,8,59 38 98 00 01 00 00 00
61491.7,0x381,8,05 00 00 00 00 D9 64 08
61495.4,0x2C1,8,02 19 06 00 00 D0 92 09
61501.9,0x2F1,8,04 10 37 81 2F 00 01 00
61510.4,0x201,8,02 00 00 00 00 00 00 00
61515.6,0x2C1,8,B3 1A 98 00 00 00 00 00
61529.6,0x381,8,06 00 00 00 00 00 00 00
61535.6,0x201,8,03 00 00 00 00 00 00 00
61536.2,0x2C1,8,04 00 00 00 00 00 00 00
61555.4,0x2C1,8,50 48 FE 00 50 8E 02 00
61557.7,0x281,6,1A 00 FF 1F 00 01
61560.0,0x224,8,04 08 00 A0 E3 00 10 08
61560.2,0x2B4,6,3A 05 09 0F F9 00
61560.4,0x201,8,00 33 51 1A 00 E4 FF 00
61563.8,0x29D,4,00 00 00 20
61567.7,0x381,8,07 00 00 00 00 00 00 00
61575.4,0x2C1,8,21 2B 0D 0A 02 00 00 00
61585.4,0x201,8,59 38 98 00 01 00 00 00
61595.6,0x2C1,8,02 19 06 00 00 D0 92 09
61601.7,0x2F1,8,05 90 36 01 2F 00 01 00
61605.4,0x381,8,08 00 00 00 00 00 00 00
61610.5,0x201,8,02 00 00 00 00 00 00 00
61615.4,0x2C1,8,B3 1A 98 00 00 00 00 00
61635.6,0x201,8,03 00 00 00 00 00 00 00
61635.9,0x2C1,8,04 00 00 00 00 00 00 00
61643.7,0x381,8,09 00 00 00 00 00 00 00
61655.5,0x2C1,8,58 48 FE 00 50 8E 02 00
61657.8,0x281,6,1B 00 FF 1F 00 01
61660.2,0x224,8,04 08 00 A0 E3 00 10 08
61660.5,0x201,8,00 32 50 19 00 E4 FF 00
61660.7,0x2B4,6,39 05 0C 0F F8 00
61663.6,0x29D,4,00 00 00 20
61669.0,0x333,5,84 0C 2F 07 00
61675.7,0x2C1,8,21 2B 0D 0A 02 00 00 00
61681.5,0x381,8,0A 00 00 00 00 00 00 00
61685.4,0x201,8,59 38 98 00 01 00 00 00
61695.4,0x2C1,8,02 19 06 00 00 D0 92 09
61702.4,0x2F1,8,06 90 31 01 08 00 00 00
61710.6,0x201,8,02 00 00 00 00 00 00 00
61715.6,0x2C1,8,B3 1A 98 00 00 00 00 00
61719.6,0x381,8,0B 00 00 00 00 00 00 00
61735.4,0x2C1,8,04 00 00 00 00 00 00 00
61735.6,0x201,8,03 00 00 00 00 00 00 00
61755.6,0x2C1,8,58 48 FE 00 50 8E 02 00
61757.8,0x281,6,1B 00 FF 1F 00 01
61759.8,0x381,8,0C 00 00 00 00 00 00 00
61760.2,0x224,8,04 08 00 C0 E3 00 10 08
61760.4,0x201,8,00 33 50 1A 00 E4 FF 00
61760.9,0x2B4,6,39 05 09 0F F7 00
61763.5,0x29D,4,00 00 00 20
61775.4,0x2C1,8,21 2B 0D 0A 02 00 00 00
61785.7,0x201,8,59 38 98 00 01 00 00 00
61795.4,0x2C1,8,02 19 06 00 00 D0 92 09
61795.6,0x381,8,0D 00 00 00 00 00 00 00
61801.9,0x2F1,8,07 00 00 00 00 00 00 00
61810.6,0x201,8,02 00 00 00 00 00 00 00
61815.4,0x2C1,8,B3 1A 98 00 00 00 00 00
61833.4,0x381,8,0E 00 00 00 00 E0 FF 00
61835.4,0x301,8,1F 00 00 00 FF FF FF FF
61835.7,0x201,8,03 00 00 00 00 00 00 00
61836.3,0x2C1,8,04 00 00 00 00 00 00 00
61855.6,0x2C1,8,58 48 FE 00 50 8E 02 00
61857.7,0x281,6,1B 00 FF 1F 00 01
61860.3,0x2B4,6,38 05 09 0F F8 00
61860.5,0x201,8,00 32 50 1A 00 E4 FF 00
61861.3,0x224,8,04 08 00 C0 E3 00 10 08
61863.5,0x29D,4,00 00 00 20
61871.4,0x381,8,EF FF FF CD 03 00 CF 0C
61875.4,0x2C1,8,21 2B 0D 0A 02 00 00 00
61885.4,0x201,8,59 38 98 00 01 00 00 00
61895.4,0x2C1,8,02 19 06 00 00 D0 92 09
61901.7,0x2F1,8,08 01 00 00 00 58 02 00
61909.4,0x381,8,10 00 00 00 00 00 00 00
61910.4,0x201,8,02 00 00 00 00 00 00 00
61915.9,0x2C1,8,B3 1A 98 00 00 00 00 00
61935.7,0x201,8,03 00 00 00 00 00 00 00
61936.2,0x2C1,8,04 00 00 00 00 00 00 00
61947.7,0x381,8,11 00 00 00 00 00 00 00
61955.4,0x2C1,8,58 44 FE 00 50 8E 02 00
61957.7,0x281,6,1B 00 FF 1F 00 01
61960.0,0x224,8,04 08 00 C0 E3 00 10 08
61960.2,0x2B4,6,39 05 08 0F FA 00
61960.5,0x201,8,00 33 50 1A 00 E4 FF 00
61963.8,0x29D,4,00 00 00 20
61975.4,0x2C1,8,21 2B 0D 0A 02 00 00 00
61985.4,0x201,8,59 38 98 00 01 00 00 00
61986.2,0x381,8,B2 00 00 00 00 00 A8 00
61995.9,0x2C1,8,02 19 06 00 00 D0 92 09
62001.7,0x2F1,8,09 01 00 00 00 90 02 00
62010.7,0x201,8,02 00 00 00 00 00 00 00
62015.4,0x2C1,8,B3 1A 98 00 00 00 00 00
62023.8,0x381,8,13 00 00 00 00 03 FC FF
62035.6,0x201,8,03 00 00 00 00 00 00 00
62035.8,0x2C1,8,04 00 00 00 00 00 00 00
62055.4,0x2C1,8,58 44 FE 00 50 8E 02 00
62057.9,0x281,6,1B 00 FF 1F 00 01
62060.1,0x224,8,04 08 00 A0 E3 00 10 08
62060.4,0x2B4,6,3B 05 09 0F F8 00
62060.6,0x201,8,00 33 50 1A 00 E4 FF 00
62061.5,0x381,8,14 00 00 00 00 00 00 00
62064.1,0x29D,4,00 00 00 20
62075.8,0x2C1,8,21 2B 0D 0A 02 00 00 00
62085.7,0x201,8,59 38 98 00 01 00 00 00
62095.4,0x2C1,8,02 19 06 00 00 D0 92 09
62099.4,0x381,8,15 00 58 32 50 00 1A 01
62101.9,0x2F1,8,0A 85 01 00 00 00 00 00
62110.4,0x201,8,02 00 00 00 00 00 00 00
62115.4,0x2C1,8,B3 1A 98 00 00 00 00 00
62135.7,0x201,8,03 00 00 00 00 00 00 00
62136.3,0x2C1,8,04 00 00 00 00 00 00 00
62137.5,0x381,8,16 10 00 00 00 7F 00 00
62155.7,0x2C1,8,58 44 FE 00 50 8E 02 00
62157.7,0x281,6,1B 00 FF 1F 00 01
62160.2,0x224,8,04 08 00 A0 E3 00 10 08
62160.4,0x2B4,6,3A 05 09 0F 04 01
62160.6,0x201,8,00 34 50 1A 00 E4 FF 00
62164.0,0x29D,4,00 00 00 20
62168.6,0x333,5,84 0C 2F 07 00
62175.6,0x2C1,8,21 2B 0D 0A 02 00 00 00
62175.8,0x381,8,17 00 00 00 00 00 00 00
62185.6,0x201,8,59 38 98 00 01 00 00 00
62195.4,0x2C1,8,02 19 06 00 00 D0 92 09
62201.9,0x2F1,8,2B 85 00 00 00 00 00 00
62210.4,0x201,8,02 00 00 00 00 00 00 00
62213.4,0x381,8,18 00 00 00 00 00 00 00
62215.5,0x2C1,8,B3 1A 98 00 00 00 00 00
62235.5,0x321,8,37 DA A8 90 01 8A 80 78
62235.7,0x201,8,03 00 00 00 00 00 00 00
62236.2,0x2C1,8,04 00 00 00 00 00 00 00
62252.5,0x381,8,19 00 00 00 00 00 00 00
62255.4,0x2C1,8,50 44 FE 00 50 8E 02 00
62257.7,0x281,6,1B 00 FF 1F 00 01
62260.0,0x224,8,04 08 00 A0 E3 00 10 08
62260.2,0x2B4,6,39 05 0A 0F F2 00
62260.5,0x201,8,00 32 4E 19 00 E4 FF 00
62264.0,0x29D,4,00 00 00 20
62275.7,0x2C1,8,21 2B 0D 0A 02 00 00 00
62285.5,0x201,8,59 38 98 00 01 00 00 00
62289.8,0x381,8,80 89 07 40 DE 00 A8 15
62295.5,0x2C1,8,02 19 06 00 00 D0 92 09
62301.9,0x2F1,8,0C 11 50 D8 00 86 32 34
62310.6,0x201,8,02 00 00 00 00 00 00 00
62315.7,0x2C1,8,B3 1A 98 00 00 00 00 00
62327.5,0x381,8,81 5D 00 0E 97 94 94 40
62335.5,0x2C1,8,04 00 00 00 00 00 00 00
62335.7,0x201,8,03 00 00 00 00 00 00 00
62355.5,0x2C1,8,50 44 FE 00 50 8E 02 00
62357.9,0x281,6,1B 00 FF 1F 00 01
62360.1,0x224,8,04 08 00 E0 E3 00 10 08
62360.3,0x2B4,6,3C 05 08 0F F7 00
62360.5,0x201,8,00 32 4F 1A 00 E4 FF 00
62363.9,0x29D,4,00 00 00 20
62365.6,0x381,8,22 A0 F8 77 41 20 00 00
62375.5,0x2C1,8,21 2B 0D 0A 02 00 00 00
62385.5,0x201,8,59 38 98 00 01 00 00 00
62395.7,0x2C1,8,02 19 06 00 00 D0 92 09
62402.4,0x2F1,8,0D C9 9B 40 21 80 06 00
62403.5,0x381,8,A3 32 3E 00 4C C1 04 00
62410.7,0x201,8,02 00 00 00 00 00 00 00
62415.7,0x2C1,8,B3 1A 98 00 00 00 00 00
62435.5,0x2C1,8,04 00 00 00 00 00 00 00
62435.7,0x201,8,03 00 00 00 00 00 00 00
62441.5,0x381,8,04 00 00 00 00 00 00 00
62455.5,0x2C1,8,50 44 FE 00 50 8E 02 00
62457.9,0x281,6,1B 00 FF 1F 00 01
62459.9,0x224,8,04 08 00 A0 E3 00 10 08
62460.2,0x2B4,6,3A 05 0A 0F F7 00
62460.5,0x201,8,00 32 4E 1A 00 E4 FF 00
62465.1,0x29D,4,00 00 00 20
62475.7,0x2C1,8,21 2B 0D 0A 02 00 00 00
62479.7,0x381,8,05 00 00 00 80 D9 64 08
62485.5,0x201,8,59 38 98 00 01 00 00 00
62495.4,0x2C1,8,02 19 06 00 00 D0 92 09
62502.0,0x2F1,8,0E 00 00 00 00 00 00 00
62510.5,0x201,8,02 00 00 00 00 00 00 00
62515.5,0x2C1,8,B3 1A 98 00 00 00 00 00
62518.0,0x381,8,06 00 00 00 00 00 00 00
62535.7,0x201,8,03 00 00 00 00 00 00 00
62536.3,0x2C1,8,04 00 00 00 00 00 00 00
62555.9,0x2C1,8,50 44 FE 00 50 8E 02 00
62556.4,0x381,8,07 00 00 00 00 00 00 00
62557.9,0x281,6,1B 00 FF 1F 00 01
62560.0,0x224,8,04 08 00 A0 E3 00 10 08
62560.2,0x2B4,6,3A 05 08 0F F7 00
62560.6,0x201,8,00 33 4F 1A 00 E4 FF 00
62563.7,0x29D,4,00 00 00 20
62575.5,0x2C1,8,21 2B 0D 0A 02 00 00 00
62585.5,0x201,8,59 38 98 00 01 00 00 00
62593.7,0x381,8,08 00 00 00 00 00 00 00
62595.5,0x2C1,8,02 19 06 00 00 D0 92 09
62601.9,0x2F1,8,0F 5D D9 96 99 D3 39 00
62610.7,0x201,8,02 00 00 00 00 00 00 00
62615.5,0x2C1,8,B3 1A 98 00 00 00 00 00
62631.7,0x381,8,09 00 00 00 00 00 00 00
62635.7,0x201,8,03 00 00 00 00 00 00 00
62636.3,0x2C1,8,04 00 00 00 00 00 00 00
62655.5,0x2C1,8,50 44 FE 00 50 8E 02 00
62657.8,0x281,6,1B 00 FF 1F 00 01
62659.9,0x224,8,04 08 00 A0 E3 00 10 08
62660.1,0x2B4,6,3A 05 09 0F F5 00
62660.6,0x201,8,00 32 4F 1A 00 E4 FF 00
62663.6,0x29D,4,00 00 00 20
62669.2,0x333,5,84 0C 2F 07 00
62669.9,0x381,8,0A 00 00 00 00 00 00 00
62675.5,0x2C1,8,21 2B 0D 0A 02 00 00 00
62685.5,0x201,8,59 38 98 00 01 00 00 00
62695.7,0x2C1,8,02 19 06 00 00 D0 92 09
62701.9,0x2F1,8,10 00 00 D8 13 00 00 00
62707.8,0x381,8,0B 00 00 00 00 00 00 00
62710.5,0x201,8,02 00 00 00 00 00 00 00
62715.7,0x2C1,8,B3 1A 98 00 00 00 00 00
62735.5,0x2C1,8,04 00 00 00 00 00 00 00
62735.8,0x201,8,03 00 00 00 00 00 00 00
62745.5,0x381,8,0C 00 00 00 00 00 00 00
62755.5,0x2C1,8,50 44 FE 00 50 8E 02 00
62758.2,0x281,6,1C 00 FF 1F 00 01
62760.7,0x201,8,00 33 50 1A 00 E4 FF 00
62760.9,0x224,8,04 08 00 A0 E3 00 10 08
62761.6,0x2B4,6,3B 05 09 0F FF 00
62763.8,0x29D,4,00 00 00 20
62775.5,0x2C1,8,21 2B 0D 0A 02 00 00 00
62783.5,0x381,8,0D 00 00 00 00 00 00 00
62785.5,0x201,8,59 38 98 00 01 00 00 00
62795.7,0x2C1,8,02 19 06 00 00 D0 92 09
62801.9,0x2F1,8,11 54 00 4B 00 6D 0C 00
62810.7,0x201,8,02 00 00 00 00 00 00 00
62815.5,0x2C1,8,B3 1A 98 00 00 00 00 00
62821.7,0x381,8,0E 00 00 00 00 E0 FF 00
62835.5,0x301,8,20 00 00 00 FF FF FF FF
62835.8,0x201,8,03 00 00 00 00 00 00 00
62836.0,0x2C1,8,04 00 00 00 00 00 00 00
62855.6,0x2C1,8,50 44 FE 00 50 8E 02 00
62858.0,0x281,6,1B 00 FF 1F 00 01
62860.2,0x224,8,04 08 00 A0 E3 00 10 08
62860.4,0x2B4,6,3A 05 0A 0F FE 00
62860.6,0x201,8,00 32 4E 19 00 E4 FF 00
62860.9,0x381,8,EF FF FF CD 03 00 CF 0C
62863.7,0x29D,4,00 00 00 20
62875.7,0x2C1,8,21 2B 0D 0A 02 00 00 00
62885.5,0x201,8,59 38 98 00 01 00 00 00
62895.5,0x2C1,8,02 19 06 00 00 D0 92 09
62897.5,0x381,8,10 00 00 00 00 00 00 00
62901.9,0x2F1,8,32 10 00 00 00 01 00 00
62910.7,0x201,8,02 00 00 00 00 00 00 00
62915.5,0x2C1,8,B3 1A 98 00 00 00 00 00
62935.8,0x201,8,03 00 00 00 00 00 00 00
62936.3,0x2C1,8,04 00 00 00 00 00 00 00
62936.7,0x381,8,11 00 00 00 00 00 00 00
62955.7,0x2C1,8,50 44 FE 00 50 8E 02 00
62957.8,0x281,6,1A 00 FF 1F 00 01
62960.2,0x224,8,04 08 00 80 E3 00 10 08
62960.4,0x2B4,6,3B 05 0C 0F F8 00
62960.7,0x201,8,00 31 4F 1A 00 E4 FF 00
62963.8,0x29D,4,00 00 00 20
62973.8,0x381,8,B2 00 00 00 00 00 A8 00
62975.8,0x2C1,8,21 2B 0D 0A 02 00 00 00
62985.6,0x201,8,59 38 98 00 01 00 00 00
62995.6,0x2C1,8,02 19 06 00 00 D0 92 09
63002.0,0x2F1,8,00 91 34 01 43 00 11 00
63010.7,0x201,8,02 00 00 00 00 00 00 00
63011.6,0x381,8,13 00 00 00 00 04 FC FF
63015.5,0x2C1,8,B3 1A 98 00 00 00 00 00
63035.7,0x201,8,03 00 00 00 00 00 00 00
63036.2,0x2C1,8,04 00 00 00 00 00 00 00
63049.5,0x381,8,14 00 00 00 00 00 00 00
63055.6,0x2C1,8,50 44 FE 00 50 8E 02 00
63058.0,0x281,6,19 00 FF 1F 00 01
63060.0,0x224,8,04 08 00 E0 E3 00 10 08
63060.2,0x2B4,6,3A 05 0A 0F 04 01
63060.6,0x201,8,00 32 50 1A 00 E4 FF 00
63064.1,0x29D,4,00 00 00 20
63075.5,0x2C1,8,21 2B 0D 0A 02 00 00 00
63085.5,0x201,8,59 28 98 00 01 00 00 00
63088.5,0x381,8,15 00 58 32 50 00 1A 01
63095.5,0x2C1,8,02 19 06 00 00 D0 92 09
63102.4,0x2F1,8,01 11 36 01 43 00 0A 00
63110.8,0x201,8,02 00 00 00 00 00 00 00
63116.0,0x2C1,8,B3 1A 98 00 00 00 00 00
63125.6,0x381,8,16 10 00 00 00 7F 00 00
63135.8,0x201,8,03 00 00 00 00 00 00 00
63136.5,0x2C1,8,04 00 00 00 00 00 00 00
63155.6,0x2C1,8,50 44 FE 00 50 8E 02 00
63158.0,0x281,6,19 00 FF 1F 00 01
63160.0,0x224,8,04 08 00 A0 E3 00 10 08
63160.2,0x2B4,6,38 05 09 0F FD 00
63160.6,0x201,8,00 31 50 1A 00 E4 FF 00
63164.0,0x29D,4,00 00 00 20
63164.4,0x381,8,17 00 00 00 00 00 00 00
63168.8,0x333,5,84 0C 2F 07 00
63175.5,0x2C1,8,21 2B 0D 0A 02 00 00 00
63185.8,0x201,8,59 38 98 00 01 00 00 00
63195.8,0x2C1,8,02 19 06 00 00 D0 92 09
63201.9,0x2F1,8,02 11 3A 81 42 00 00 00
63202.2,0x381,8,18 00 00 00 00 00 00 00
63210.8,0x201,8,02 00 00 00 00 00 00 00
63215.6,0x2C1,8,B3 1A 98 00 00 00 00 00
63235.5,0x321,8,37 DA A8 91 01 8A 90 89
63235.8,0x201,8,03 00 00 00 00 00 00 00
63236.0,0x2C1,8,04 00 00 00 00 00 00 00
63239.6,0x381,8,19 00 00 00 00 00 00 00
63255.8,0x2C1,8,50 44 FE 00 50 8E 02 00
63258.0,0x281,6,19 00 FF 1F 00 01
63260.0,0x224,8,04 08 00 C0 E3 00 10 08
63260.2,0x2B4,6,3C 05 0A 0F FD 00
63260.7,0x201,8,00 32 4F 19 00 E4 FF 00
63264.2,0x29D,4,00 00 00 20
63275.8,0x2C1,8,21 2B 0D 0A 02 00 00 00
63277.6,0x381,8,80 89 07 40 DE 00 A8 15
63285.6,0x201,8,59 38 98 00 01 00 00 00
63295.6,0x2C1,8,02 19 06 00 00 D0 92 09
63302.0,0x2F1,8,03 11 36 81 42 00 01 00
63310.8,0x201,8,02 00 00 00 00 00 00 00
63315.6,0x2C1,8,B3 1A 98 00 00 00 00 00
63315.8,0x381,8,81 5D 00 0E 97 94 94 40
63335.6,0x2C1,8,04 00 00 00 00 00 00 00
63335.8,0x201,8,03 00 00 00 00 00 00 00
63353.8,0x381,8,22 A0 F8 77 41 20 00 00
63355.8,0x2C1,8,50 48 FE 00 50 8E 02 00
63357.9,0x281,6,1A 00 FF 1F 00 01
63360.2,0x224,8,04 08 00 60 E3 00 10 08
63360.4,0x2B4,6,3B 05 0A 0F 01 01
63360.6,0x201,8,00 31 50 1A 00 E4 FF 00
63364.1,0x29D,4,00 00 00 20
63375.6,0x2C1,8,21 2B 0D 0A 02 00 00 00
63385.6,0x201,8,59 38 98 00 01 00 00 00
63391.6,0x381,8,A3 32 3E 00 4C B9 04 00
63395.8,0x2C1,8,02 19 06 00 00 D0 92 09
63401.9,0x2F1,8,04 90 36 81 2F 00 01 00
63410.6,0x201,8,02 00 00 00 00 00 00 00
63415.6,0x2C1,8,B3 1A 98 00 00 00 00 00
63429.7,0x381,8,04 00 00 00 00 00 00 00
63435.9,0x201,8,03 00 00 00 00 00 00 00
63436.1,0x2C1,8,04 00 00 00 00 00 00 00
63455.7,0x2C1,8,50 48 FE 00 50 8E 02 00
63458.0,0x281,6,1A 00 FF 1F 00 01
63459.9,0x224,8,04 08 00 C0 E3 00 10 08
63460.1,0x2B4,6,3D 05 08 0F F8 00
63460.8,0x201,8,00 33 50 19 00 E4 FF 00
63464.7,0x29D,4,00 00 00 20
63468.0,0x381,8,05 00 00 00 00 D9 64 08
63475.6,0x2C1,8,21 2B 0D 0A 02 00 00 00
63485.6,0x201,8,59 38 98 00 01 00 00 00
63495.6,0x2C1,8,02 19 06 00 00 D0 92 09
63502.0,0x2F1,8,05 10 36 01 2F 00 01 00
63505.6,0x381,8,06 00 00 00 00 00 00 00
63510.8,0x201,8,02 00 00 00 00 00 00 00
63515.8,0x2C1,8,B3 1A 98 00 00 00 00 00
63535.8,0x201,8,03 00 00 00 00 00 00 00
63536.4,0x2C1,8,04 00 00 00 00 00 00 00
63543.6,0x381,8,07 00 00 00 00 00 00 00
63555.6,0x2C1,8,50 48 FE 00 50 8E 02 00
63557.9,0x281,6,1A 00 FF 1F 00 01
63559.9,0x224,8,04 08 00 80 E3 00 10 08
63560.2,0x2B4,6,3A 05 07 0F FC 00
63560.8,0x201,8,00 32 50 1A 00 E4 FF 00
63564.0,0x29D,4,00 00 00 20
63575.6,0x2C1,8,21 2B 0D 0A 02 00 00 00
63581.6,0x381,8,08 00 00 00 00 00 00 00
63585.6,0x201,8,59 38 98 00 01 00 00 00
63595.8,0x2C1,8,02 19 06 00 00 D0 92 09
63601.9,0x2F1,8,06 10 33 01 08 00 00 00
63610.6,0x201,8,02 00 00 00 00 00 00 00
63615.6,0x2C1,8,B3 1A 98 00 00 00 00 00
63619.8,0x381,8,09 00 00 00 00 00 00 00
63635.8,0x201,8,03 00 00 00 00 00 00 00
63636.1,0x2C1,8,04 00 00 00 00 00 00 00
63655.6,0x2C1,8,50 48 FE 00 50 8E 02 00
63658.0,0x281,6,1B 00 FF 1F 00 01
63658.6,0x381,8,0A 00 00 00 00 00 00 00
63660.0,0x224,8,04 08 00 A0 E3 00 10 08
63660.2,0x2B4,6,3A 05 0A 0F F6 00
63660.7,0x201,8,00 32 50 1A 00 E4 FF 00
63663.9,0x29D,4,00 00 00 20
63669.8,0x333,5,84 0C 2F 07 00
63676.0,0x2C1,8,21 2B 0D 0A 02 00 00 00
63685.6,0x201,8,59 38 98 00 01 00 00 00
63695.6,0x2C1,8,02 19 06 00 00 D0 92 09
63695.8,0x381,8,0B 00 00 00 00 00 00 00
63702.0,0x2F1,8,07 00 00 00 00 00 00 00
63710.8,0x201,8,02 00 00 00 00 00 00 00
63715.6,0x2C1,8,B3 1A 98 00 00 00 00 00
63733.6,0x381,8,0C 00 00 00 00 00 00 00
63735.6,0x2C1,8,04 00 00 00 00 00 00 00
63735.9,0x201,8,03 00 00 00 00 00 00 00
63755.8,0x2C1,8,50 44 FE 00 50 8E 02 00
63758.3,0x281,6,1B 00 FF 1F 00 01
63760.3,0x224,8,04 08 00 80 E3 00 10 08
63760.8,0x201,8,00 32 50 1A 00 E4 FF 00
63761.4,0x2B4,6,3A 05 0A 0F FB 00
63763.7,0x29D,4,00 00 00 20
63771.8,0x381,8,0D 00 00 00 00 00 00 00
63775.6,0x2C1,8,21 2B 0D 0A 02 00 00 00
63785.6,0x201,8,59 38 98 00 01 00 00 00
63795.6,0x2C1,8,02 19 06 00 00 D0 92 09
63802.5,0x2F1,8,08 01 00 00 00 58 02 00
63809.6,0x381,8,0E 00 00 00 00 E0 FF 00
63810.8,0x201,8,02 00 00 00 00 00 00 00
63815.9,0x2C1,8,B3 1A 98 00 00 00 00 00
63835.6,0x301,8,21 00 00 00 FF FF FF FF
63835.8,0x201,8,03 00 00 00 00 00 00 00
63836.5,0x2C1,8,04 00 00 00 00 00 00 00
63847.9,0x381,8,EF FF FF CD 03 00 CF 0C
63855.7,0x2C1,8,50 44 FE 00 50 8E 02 00
63858.0,0x281,6,19 00 FF 1F 00 01
63860.5,0x2B4,6,39 05 09 0F F5 00
63860.7,0x201,8,00 32 4F 1A 00 E4 FF 00
63862.7,0x224,8,04 08 00 60 E3 00 10 08
63863.9,0x29D,4,00 00 00 20
63875.6,0x2C1,8,21 2B 0D 0A 02 00 00 00
63885.8,0x201,8,59 28 98 00 01 00 00 00
63886.1,0x381,8,10 00 00 00 00 00 00 00
63895.6,0x2C1,8,02 19 06 00 00 D0 92 09
63902.0,0x2F1,8,09 01 00 00 00 F8 02 00
63910.8,0x201,8,02 00 00 00 00 00 00 00
63915.8,0x2C1,8,B3 1A 98 00 00 00 00 00
63923.7,0x381,8,11 00 00 00 00 00 00 00
63935.9,0x201,8,03 00 00 00 00 00 00 00
63936.4,0x2C1,8,04 00 00 00 00 00 00 00
63955.9,0x2C1,8,50 44 FE 00 50 8E 02 00
63958.1,0x281,6,18 00 FF 1F 00 01
63960.1,0x224,8,04 08 00 80 E3 00 10 08
63960.3,0x2B4,6,3B 05 08 0F FC 00
63960.7,0x201,8,00 33 50 1A 00 E4 FF 00
63961.8,0x381,8,B2 00 00 00 00 00 A8 00
63964.0,0x29D,4,00 00 00 20
63975.6,0x2C1,8,21 2B 0D 0A 02 00 00 00
63985.6,0x201,8,59 28 98 00 01 00 00 00
63995.9,0x2C1,8,02 19 06 00 00 D0 92 09
63999.7,0x381,8,13 00 00 00 00 03 FC FF
64002.0,0x2F1,8,0A 85 01 00 00 00 00 00
64010.8,0x201,8,02 00 00 00 00 00 00 00
64015.6,0x2C1,8,B3 1A 98 00 00 00 00 00
64035.8,0x201,8,03 00 00 00 00 00 00 00
64036.0,0x2C1,8,04 00 00 00 00 00 00 00
64037.6,0x381,8,14 00 00 00 00 00 00 00
64055.6,0x2C1,8,50 44 FE 00 50 8E 02 00
64058.0,0x281,6,17 00 FF 1F 00 01
64060.1,0x224,8,04 08 00 A0 E3 00 10 08
64060.3,0x2B4,6,3A 05 08 0F FE 00
64060.9,0x201,8,00 32 4E 19 00 E4 FF 00
64064.3,0x29D,4,00 00 00 20
64075.9,0x2C1,8,21 2B 0D 0A 02 00 00 00
64076.2,0x381,8,15 20 58 32 50 00 1A 01
64085.6,0x201,8,59 28 98 00 01 00 00 00
64095.9,0x2C1,8,02 19 06 00 00 D0 92 09
64101.9,0x2F1,8,2B 79 00 00 00 00 00 00
64110.8,0x201,8,02 00 00 00 00 00 00 00
64113.6,0x381,8,16 10 00 00 00 7F 00 00
64115.6,0x2C1,8,B3 1A 98 00 00 00 00 00
64135.9,0x201,8,03 00 00 00 00 00 00 00
64136.5,0x2C1,8,04 00 00 00 00 00 00 00
64152.3,0x381,8,17 00 00 00 00 00 00 00
64155.9,0x2C1,8,50 44 FE 00 50 8E 02 00
64158.0,0x281,6,17 00 FF 1F 00 01
64160.5,0x224,8,04 08 00 60 E3 00 10 08
64160.7,0x201,8,00 32 4F 1A 00 E4 FF 00
64160.9,0x2B4,6,3B 05 0C 0F F9 00
64163.9,0x29D,4,00 00 00 20
64168.8,0x333,5,84 0C 2F 07 00
64175.6,0x2C1,8,21 2B 0D 0A 02 00 00 00
64185.6,0x201,8,59 28 98 00 01 00 00 00
64189.8,0x381,8,18 00 00 00 00 00 00 00
64195.6,0x2C1,8,02 19 06 00 00 D0 92 09
64202.0,0x2F1,8,0C 0D 50 D8 00 86 32 34
64210.9,0x201,8,02 00 00 00 00 00 00 00
64215.6,0x2C1,8,B3 1A 98 00 00 00 00 00
64227.7,0x381,8,19 00 00 00 00 00 00 00
64235.7,0x321,8,37 DA A8 91 01 8A A0 99
64235.9,0x201,8,03 00 00 00 00 00 00 00
64236.4,0x2C1,8,04 00 00 00 00 00 00 00
64255.7,0x2C1,8,50 44 FE 00 50 8E 02 00
64258.1,0x281,6,17 00 FF 1F 00 01
64260.4,0x224,8,04 08 00 A0 E3 00 10 08
64260.7,0x201,8,00 32 4F 1A 00 E4 FF 00
64260.9,0x2B4,6,3B 05 0A 0F FD 00
64264.2,0x29D,4,00 00 00 20
64265.7,0x381,8,80 89 07 40 DE 00 A8 15
64275.7,0x2C1,8,21 2B 0D 0A 02 00 00 00
64285.7,0x201,8,59 28 98 00 01 00 00 00
64295.6,0x2C1,8,02 19 06 00 00 D0 92 09
64301.7,0x2F1,8,0D 89 9B 40 21 C0 07 00
64303.8,0x381,8,81 5D 00 0E 95 94 94 40
64310.9,0x201,8,02 00 00 00 00 00 00 00
64315.9,0x2C1,8,B3 1A 98 00 00 00 00 00
64335.7,0x2C1,8,04 00 00 00 00 00 00 00
64335.9,0x201,8,03 00 00 00 00 00 00 00
64341.6,0x381,8,22 A0 F8 77 41 20 00 00
64355.6,0x2C1,8,50 44 FE 00 50 8E 02 00
64357.9,0x281,6,18 00 FF 1F 00 01
64360.4,0x224,8,04 08 00 C0 E3 00 10 08
64360.6,0x2B4,6,3C 05 09 0F F4 00
64360.8,0x201,8,00 32 4F 1A 00 E4 FF 00
64364.1,0x29D,4,00 00 00 20
64375.9,0x2C1,8,21 2B 0D 0A 02 00 00 00
64380.1,0x381,8,A3 32 3E 00 4C C9 04 00
64385.7,0x201,8,59 28 98 00 01 00 00 00
64395.9,0x2C1,8,02 19 06 00 00 D0 92 09
64401.7,0x2F1,8,0E 00 00 00 00 00 00 00
64410.9,0x201,8,02 00 00 00 00 00 00 00
64415.7,0x2C1,8,B3 1A 98 00 00 00 00 00
64418.4,0x381,8,04 00 00 00 00 00 00 00
64435.7,0x2C1,8,04 00 00 00 00 00 00 00
64435.9,0x201,8,03 00 00 00 00 00 00 00
64455.7,0x2C1,8,50 44 FE 00 50 8E 02 00
64455.9,0x381,8,05 00 00 00 00 D9 64 08
64458.1,0x281,6,19 00 FF 1F 00 01
64460.0,0x224,8,04 08 00 C0 E3 00 10 08
64460.4,0x2B4,6,39 05 0A 0F F5 00
64460.9,0x201,8,00 32 4F 1A 00 E4 FF 00
64464.8,0x29D,4,00 00 00 20
64475.9,0x2C1,8,21 2B 0D 0A 02 00 00 00
64485.7,0x201,8,59 28 98 00 01 00 00 00
64493.7,0x381,8,06 00 00 00 00 00 00 00
64495.7,0x2C1,8,02 19 06 00 00 D0 92 09
64502.3,0x2F1,8,0F 64 89 96 99 C3 39 00
64510.9,0x201,8,02 00 00 00 00 00 00 00
64515.9,0x2C1,8,B3 1A 98 00 00 00 00 00
64531.9,0x381,8,07 00 00 00 00 00 00 00
64535.9,0x201,8,03 00 00 00 00 00 00 00
64536.5,0x2C1,8,04 00 00 00 00 00 00 00
64555.9,0x2C1,8,50 44 FE 00 50 8E 02 00
64558.1,0x281,6,19 00 FF 1F 00 01
64560.0,0x224,8,04 08 00 E0 E3 00 10 08
64560.4,0x2B4,6,3C 05 0A 0F EF 00
64560.9,0x201,8,00 31 50 1A 00 E4 FF 00
64563.9,0x29D,4,00 00 00 20
64569.9,0x381,8,08 00 00 00 00 00 00 00
64575.7,0x2C1,8,21 2B 0D 0A 02 00 00 00
64585.9,0x201,8,59 38 98 00 01 00 00 00
64595.7,0x2C1,8,02 19 06 00 00 D0 92 09
64602.1,0x2F1,8,10 00 00 D6 13 00 00 00
64607.7,0x381,8,09 00 00 00 00 00 00 00
64610.9,0x201,8,02 00 00 00 00 00 00 00
64615.7,0x2C1,8,B3 1A 98 00 00 00 00 00
64635.9,0x201,8,03 00 00 00 00 00 00 00
64636.6,0x2C1,8,04 00 00 00 00 00 00 00
64645.7,0x381,8,0A 00 00 00 00 00 00 00
64656.0,0x2C1,8,50 44 FE 00 50 8E 02 00
64658.1,0x281,6,19 00 FF 1F 00 01
64660.0,0x224,8,04 08 00 A0 E3 00 10 08
64660.4,0x2B4,6,3A 05 0A 0F FC 00
64660.9,0x201,8,00 32 4F 19 00 E4 FF 00
64663.9,0x29D,4,00 00 00 20
64669.9,0x333,5,84 0C 2F 07 00
64676.0,0x2C1,8,21 2B 0D 0A 02 00 00 00
64684.4,0x381,8,0B 00 00 00 00 00 00 00
64685.7,0x201,8,59 38 98 00 01 00 00 00
64695.7,0x2C1,8,02 19 06 00 00 D0 92 09
64702.2,0x2F1,8,11 54 00 4B 00 6D 0C 00
64710.7,0x201,8,02 00 00 00 00 00 00 00
64716.2,0x2C1,8,B3 1A 98 00 00 00 00 00
64721.8,0x381,8,0C 00 00 00 00 00 00 00
64735.7,0x2C1,8,04 00 00 00 00 00 00 00
64735.9,0x201,8,03 00 00 00 00 00 00 00
64755.7,0x2C1,8,50 44 FE 00 50 8E 02 00
64758.4,0x281,6,19 00 FF 1F 00 01
64760.5,0x224,8,04 08 00 60 E3 00 10 08
64760.7,0x381,8,0D 00 00 00 00 00 00 00
64761.0,0x201,8,00 32 4F 1A 00 E4 FF 00
64761.6,0x2B4,6,39 05 0A 0F F6 00
64764.0,0x29D,4,00 00 00 20
64775.7,0x2C1,8,21 2B 0D 0A 02 00 00 00
64785.7,0x201,8,59 38 98 00 01 00 00 00
64796.2,0x2C1,8,02 19 06 00 00 D0 92 09
64797.7,0x381,8,0E 00 00 00 00 E0 FF 00
64801.7,0x2F1,8,32 13 00 00 00 01 00 00
64810.9,0x201,8,02 00 00 00 00 00 00 00
64815.9,0x2C1,8,B3 1A 98 00 00 00 00 00
64835.7,0x301,8,0A 01 05 00 04 00 86 00
64835.9,0x201,8,03 00 00 00 00 00 00 00
64836.2,0x2C1,8,04 00 00 00 00 00 00 00
64836.6,0x381,8,EF FF FF CD 03 00 CF 0C
64855.7,0x2C1,8,50 44 FE 00 50 8E 02 00
64858.1,0x281,6,19 00 FF 1F 00 01
64860.5,0x2B4,6,3A 05 0C 0F FC 00
64860.8,0x201,8,00 32 50 1A 00 E4 FF 00
64861.0,0x224,8,04 08 00 A0 E3 00 10 08
64863.9,0x29D,4,00 00 00 20
64873.9,0x381,8,10 00 00 00 00 00 00 00
64875.9,0x2C1,8,21 2B 0D 0A 02 00 00 00
64885.7,0x201,8,59 38 98 00 01 00 00 00
64895.7,0x2C1,8,02 19 06 00 00 D0 92 09
64901.7,0x2F1,8,00 11 34 01 43 00 11 00
64910.9,0x201,8,02 00 00 00 00 00 00 00
64911.9,0x381,8,11 00 00 00 00 00 00 00
64915.9,0x2C1,8,B3 1A 98 00 00 00 00 00
64936.0,0x201,8,03 00 00 00 00 00 00 00
64936.6,0x2C1,8,04 00 00 00 00 00 00 00
64949.9,0x381,8,B2 00 00 00 00 00 A8 00
64955.9,0x2C1,8,50 44 FE 00 50 8E 02 00
64958.2,0x281,6,19 00 FF 1F 00 01
64960.2,0x224,8,04 08 00 80 E3 00 10 08
64960.4,0x2B4,6,39 05 0A 0F 03 01
64960.7,0x201,8,00 32 4F 19 00 E4 FF 00
64964.2,0x29D,4,00 00 00 20
64975.7,0x2C1,8,21 2B 0D 0A 02 00 00 00
64985.7,0x201,8,59 38 98 00 01 00 00 00
64989.1,0x381,8,13 00 00 00 00 04 FC FF
64995.7,0x2C1,8,02 19 06 00 00 D0 92 09
65002.2,0x2F1,8,01 11 37 01 43 80 08 00
65010.9,0x201,8,02 00 00 00 00 00 00 00
65015.7,0x2C1,8,B3 1A 98 00 00 00 00 00
65026.0,0x381,8,14 00 00 00 00 00 00 00
65035.9,0x201,8,03 00 00 00 00 00 00 00
65036.5,0x2C1,8,04 00 00 00 00 00 00 00
65055.8,0x2C1,8,50 44 FE 00 50 8E 02 00
65058.1,0x281,6,19 00 FF 1F 00 01
65060.1,0x224,8,04 08 00 A0 E3 00 10 08
65060.3,0x2B4,6,3B 05 0A 0F FE 00
65060.8,0x201,8,00 32 50 1A 00 E4 FF 00
65064.0,0x381,8,15 20 58 32 50 00 1A 01
65064.4,0x29D,4,00 00 00 20
65075.9,0x2C1,8,21 2B 0D 0A 02 00 00 00
65085.7,0x201,8,59 28 98 00 01 00 00 00
65095.7,0x2C1,8,02 19 06 00 00 D0 92 09
65101.7,0x2F1,8,02 91 3A 81 42 00 00 00
65102.2,0x381,8,16 10 00 00 00 7F 00 00
65110.9,0x201,8,02 00 00 00 00 00 00 00
65116.0,0x2C1,8,B3 1A 98 00 00 00 00 00
65136.0,0x201,8,03 00 00 00 00 00 00 00
65136.6,0x2C1,8,04 00 00 00 00 00 00 00
65139.8,0x381,8,17 00 00 00 00 00 00 00
65155.7,0x2C1,8,50 48 FE 00 50 8E 02 00
65158.1,0x281,6,19 00 FF 1F 00 01
65160.3,0x224,8,04 08 00 C0 E3 00 10 08
65160.6,0x2B4,6,3A 05 09 0F FF 00
65160.8,0x201,8,00 33 51 19 00 E4 FF 00
65164.1,0x29D,4,00 00 00 20
65168.6,0x333,5,84 0C 2F 07 00
65175.8,0x2C1,8,21 2B 0D 0A 02 00 00 00
65177.8,0x381,8,18 00 00 00 00 00 00 00
65185.7,0x201,8,59 38 98 00 01 00 00 00
65196.0,0x2C1,8,02 19 06 00 00 D0 92 09
65202.7,0x2F1,8,03 11 36 81 42 00 01 00
65211.0,0x201,8,02 00 00 00 00 00 00 00
65216.0,0x2C1,8,B3 1A 98 00 00 00 00 00
65216.3,0x381,8,19 00 00 00 00 00 00 00
65235.7,0x321,8,37 DA A8 91 01 8A B0 A9
65236.0,0x201,8,03 00 00 00 00 00 00 00
65236.3,0x2C1,8,04 00 00 00 00 00 00 00
65253.7,0x381,8,80 89 07 40 DE 00 A8 15
65255.8,0x2C1,8,50 44 FE 00 50 8E 02 00
65258.1,0x281,6,19 00 FF 1F 00 01
65260.1,0x224,8,04 08 00 A0 E3 00 10 08
65260.6,0x2B4,6,38 05 0A 0F F9 00
65260.8,0x201,8,00 32 4F 1A 00 E4 FF 00
65264.4,0x29D,4,00 00 00 20
65276.0,0x2C1,8,21 2B 0D 0A 02 00 00 00
65286.0,0x201,8,59 38 98 00 01 00 00 00
65292.0,0x381,8,81 5D 00 0E 97 94 94 40
65295.7,0x2C1,8,02 19 06 00 00 D0 92 09
65302.2,0x2F1,8,04 90 36 81 2F 00 01 00
65311.0,0x201,8,02 00 00 00 00 00 00 00
65315.7,0x2C1,8,B3 1A 98 00 00 00 00 00
65329.9,0x381,8,22 A0 F8 77 41 20 00 00
65335.8,0x2C1,8,04 00 00 00 00 00 00 00
65336.0,0x201,8,03 00 00 00 00 00 00 00
65356.2,0x2C1,8,50 48 FE 00 50 8E 02 00
65358.2,0x281,6,1A 00 FF 1F 00 01
65360.2,0x224,8,04 08 00 80 E3 00 10 08
65360.4,0x2B4,6,3A 05 0A 0F F9 00
65360.8,0x201,8,00 32 4F 1A 00 E4 FF 00
65364.0,0x29D,4,00 00 00 20
65367.8,0x381,8,A3 32 3E 00 4C C9 04 00
65375.7,0x2C1,8,21 2B 0D 0A 02 00 00 00
65385.8,0x201,8,59 38 98 00 01 00 00 00
65395.8,0x2C1,8,02 19 06 00 00 D0 92 09
65402.2,0x2F1,8,05 90 35 01 2F 00 01 00
65405.8,0x381,8,04 00 00 00 00 00 00 00
65410.9,0x201,8,02 00 00 00 00 00 00 00
65415.8,0x2C1,8,B3 1A 98 00 00 00 00 00
65436.0,0x201,8,03 00 00 00 00 00 00 00
65436.4,0x2C1,8,04 00 00 00 00 00 00 00
65443.8,0x381,8,05 00 00 00 80 D8 64 08
65455.8,0x2C1,8,58 48 FE 00 50 8E 02 00
65458.1,0x281,6,1B 00 FF 1F 00 01
65460.0,0x224,8,04 08 00 C0 E3 00 10 08
65460.2,0x2B4,6,3B 05 0B 0F F3 00
65461.0,0x201,8,00 33 50 1A 00 E4 FF 00
65464.9,0x29D,4,00 00 00 20
65475.8,0x2C1,8,21 2B 0D 0A 02 00 00 00
65482.0,0x381,8,06 00 00 00 00 00 00 00
65485.7,0x201,8,59 38 98 00 01 00 00 00
65496.0,0x2C1,8,02 19 06 00 00 D0 92 09
65502.2,0x2F1,8,06 10 33 01 08 00 01 00
65510.7,0x201,8,02 00 00 00 00 00 00 00
65516.0,0x2C1,8,B3 1A 98 00 00 00 00 00
65519.8,0x381,8,07 00 00 00 00 00 00 00
65536.0,0x201,8,03 00 00 00 00 00 00 00
65536.6,0x2C1,8,04 00 00 00 00 00 00 00
65555.8,0x2C1,8,58 48 FE 00 50 8E 02 00
65558.2,0x281,6,1B 00 FF 1F 00 01
65559.0,0x381,8,08 00 00 00 00 00 00 00
65560.0,0x224,8,04 08 00 80 E3 00 10 08
65560.3,0x2B4,6,3B 05 0A 0F FB 00
65561.0,0x201,8,00 32 50 1A 00 E4 FF 00
65564.2,0x29D,4,00 00 00 20
65575.8,0x2C1,8,21 2B 0D 0A 02 00 00 00
65585.8,0x201,8,59 38 98 00 01 00 00 00
65596.0,0x2C1,8,02 19 06 00 00 D0 92 09
65596.3,0x381,8,09 00 00 00 00 00 00 00
65602.2,0x2F1,8,07 00 00 00 00 00 00 00
65611.0,0x201,8,02 00 00 00 00 00 00 00
65615.8,0x2C1,8,B3 1A 98 00 00 00 00 00
65633.8,0x381,8,0A 00 00 00 00 00 00 00
65636.0,0x201,8,03 00 00 00 00 00 00 00
65636.3,0x2C1,8,04 00 00 00 00 00 00 00
65655.8,0x2C1,8,58 48 FE 00 50 8E 02 00
65658.2,0x281,6,1B 00 FF 1F 00 01
65660.2,0x224,8,04 08 00 80 E3 00 10 08
65660.4,0x2B4,6,37 05 0B 0F FB 00
65660.9,0x201,8,00 33 51 1A 00 E4 FF 00
65664.0,0x29D,4,00 00 00 20
65670.2,0x333,5,84 0C 2F 07 00
65671.8,0x381,8,0B 00 00 00 00 00 00 00
65676.0,0x2C1,8,21 2B 0D 0A 02 00 00 00
65685.8,0x201,8,59 38 98 00 01 00 00 00
65695.8,0x2C1,8,02 19 06 00 00 D0 92 09
65702.2,0x2F1,8,08 01 00 00 00 60 02 00
65710.0,0x381,8,0C 00 00 00 00 00 00 00
65711.0,0x201,8,02 00 00 00 00 00 00 00
65715.8,0x2C1,8,B3 1A 98 00 00 00 00 00
65735.8,0x2C1,8,04 00 00 00 00 00 00 00
65736.0,0x201,8,03 00 00 00 00 00 00 00
65748.1,0x381,8,0D 00 00 00 00 00 00 00
65756.0,0x2C1,8,58 48 FE 00 50 8E 02 00
65758.5,0x281,6,1C 00 FF 1F 00 01
65760.1,0x224,8,04 08 00 80 E3 00 10 08
65760.4,0x2B4,6,39 05 0C 0F F8 00
65760.9,0x201,8,00 34 50 19 00 E4 FF 00
65764.1,0x29D,4,00 00 00 20
65776.0,0x2C1,8,21 2B 0D 0A 02 00 00 00
65785.8,0x201,8,59 38 98 00 01 00 00 00
65786.0,0x381,8,0E 00 00 00 00 E0 FF 00
65795.8,0x2C1,8,02 19 06 00 00 D0 92 09
65802.2,0x2F1,8,09 01 00 00 00 A0 02 00
65811.0,0x201,8,02 00 00 00 00 00 00 00
65815.8,0x2C1,8,B3 1A 98 00 00 00 00 00
65823.9,0x381,8,EF FF FF CD 03 00 CF 0C
65835.8,0x301,8,0B 04 00 00 00 00 00 00
65836.1,0x201,8,03 00 00 00 00 00 00 00
65836.9,0x2C1,8,04 00 00 00 00 00 00 00
65855.8,0x2C1,8,50 48 FE 00 50 8E 02 00
65858.2,0x281,6,1B 00 FF 1F 00 01
65860.6,0x2B4,6,3A 05 0C 0F FD 00
65860.8,0x201,8,00 33 50 1A 00 E4 FF 00
65861.8,0x224,8,04 08 00 80 E3 00 10 08
65862.0,0x381,8,10 00 00 00 00 00 00 00
65864.1,0x29D,4,00 00 00 20
65875.8,0x2C1,8,21 2B 0D 0A 02 00 00 00
65885.8,0x201,8,59 38 98 00 01 00 00 00
65895.8,0x2C1,8,02 19 06 00 00 D0 92 09
65900.1,0x381,8,11 00 00 00 00 00 00 00
65902.7,0x2F1,8,0A 85 01 00 00 00 00 00
65911.0,0x201,8,02 00 00 00 00 00 00 00
65916.3,0x2C1,8,B3 1A 98 00 00 00 00 00
65936.0,0x201,8,03 00 00 00 00 00 00 00
65936.7,0x2C1,8,04 00 00 00 00 00 00 00
65937.9,0x381,8,B2 00 00 00 00 00 A8 00
65955.7,0x2C1,8,50 48 FE 00 50 8E 02 00
65958.0,0x281,6,19 00 FF 1F 00 01
65960.2,0x224,8,04 08 00 60 E3 00 10 08
65960.4,0x2B4,6,3A 05 0B 0F FF 00
65960.9,0x201,8,00 32 50 1A 00 E4 FF 00
65964.2,0x29D,4,00 00 00 20
65975.8,0x2C1,8,21 2B 0D 0A 02 00 00 00
65976.0,0x381,8,13 00 00 00 00 04 FC FF
65986.0,0x201,8,59 38 98 00 01 00 00 00
65996.0,0x2C1,8,02 19 06 00 00 D0 92 09
66002.2,0x2F1,8,2B 78 00 00 00 00 00 00
66011.0,0x201,8,02 00 00 00 00 00 00 00
66014.0,0x381,8,14 00 00 00 00 00 00 00
66015.8,0x2C1,8,B3 1A 98 00 00 00 00 00
66035.9,0x201,8,03 00 00 00 00 00 00 00
66036.2,0x2C1,8,04 00 00 00 00 00 00 00
66051.8,0x381,8,15 00 58 32 50 00 1A 01
66056.0,0x2C1,8,50 44 FE 00 50 8E 02 00
66058.2,0x281,6,1A 00 FF 1F 00 01
66060.2,0x224,8,04 08 00 A0 E3 00 10 08
66060.4,0x2B4,6,39 05 0B 0F 00 01
66061.0,0x201,8,00 32 50 1A 00 E4 FF 00
66064.4,0x29D,4,00 00 00 20
66076.0,0x2C1,8,21 2B 0D 0A 02 00 00 00
66085.8,0x201,8,59 38 98 00 01 00 00 00
66089.9,0x381,8,16 10 00 00 00 7F 00 00
66095.8,0x2C1,8,02 19 06 00 00 D0 92 09
66102.1,0x2F1,8,0C 19 40 D8 00 86 32 34
66111.0,0x201,8,02 00 00 00 00 00 00 00
66115.8,0x2C1,8,B3 1A 98 00 00 00 00 00
66128.1,0x381,8,17 00 00 00 00 00 00 00
66136.0,0x201,8,03 00 00 00 00 00 00 00
66136.7,0x2C1,8,04 00 00 00 00 00 00 00
66156.0,0x2C1,8,50 44 FE 00 50 8E 02 00
66158.2,0x281,6,1B 00 FF 1F 00 01
66160.1,0x224,8,04 08 00 C0 E3 00 10 08
66160.3,0x2B4,6,3A 05 0B 0F F8 00
66160.9,0x201,8,00 32 4F 1A 00 E4 FF 00
66164.0,0x29D,4,00 00 00 20
66165.8,0x381,8,18 00 00 00 00 00 00 00
66169.1,0x333,5,84 0C 2F 07 00
66175.8,0x2C1,8,21 2B 0D 0A 02 00 00 00
66185.8,0x201,8,59 38 98 00 01 00 00 00
66196.0,0x2C1,8,02 19 06 00 00 D0 92 09
66202.2,0x2F1,8,0D C9 9B 40 21 40 07 00
66204.0,0x381,8,19 00 00 00 00 00 00 00
66211.0,0x201,8,02 00 00 00 00 00 00 00
66215.8,0x2C1,8,B3 1A 98 00 00 00 00 00
66235.8,0x321,8,37 DA A8 91 01 8A C0 B9
66236.0,0x201,8,03 00 00 00 00 00 00 00
66236.7,0x2C1,8,04 00 00 00 00 00 00 00
66241.8,0x381,8,80 89 07 40 DE 00 A8 15
66255.8,0x2C1,8,50 44 FE 00 50 8E 02 00
66258.2,0x281,6,1B 00 FF 1F 00 01
66260.2,0x224,8,04 08 00 A0 E3 00 10 08
66260.4,0x2B4,6,3A 05 0C 0F FB 00
66261.0,0x201,8,00 32 4F 1A 00 E4 FF 00
66264.4,0x29D,4,00 00 00 20
66275.8,0x2C1,8,21 2B 0D 0A 02 00 00 00
66280.2,0x381,8,81 5D 00 0E 95 94 94 40
66285.8,0x201,8,59 38 98 00 01 00 00 00
66295.8,0x2C1,8,02 19 06 00 00 D0 92 09
66302.3,0x2F1,8,0E 00 00 00 00 00 00 00
66311.0,0x201,8,02 00 00 00 00 00 00 00
66316.0,0x2C1,8,B3 1A 98 00 00 00 00 00
66318.3,0x381,8,22 A0 F8 77 41 20 00 00
66336.1,0x201,8,03 00 00 00 00 00 00 00
66336.7,0x2C1,8,04 00 00 00 00 00 00 00
66355.8,0x2C1,8,50 44 FE 00 50 8E 02 00
66356.0,0x381,8,A3 32 3E 00 4C A9 04 00
66358.1,0x281,6,1B 00 FF 1F 00 01
66360.1,0x224,8,04 08 00 60 E3 00 10 08
66360.5,0x2B4,6,38 05 0A 0F F5 00
66361.0,0x201,8,00 33 50 19 00 E4 FF 00
66364.2,0x29D,4,00 00 00 20
66375.8,0x2C1,8,21 2B 0D 0A 02 00 00 00
66385.8,0x201,8,59 38 98 00 01 00 00 00
66393.9,0x381,8,04 00 00 00 00 00 00 00
66396.0,0x2C1,8,02 19 06 00 00 D0 92 09
66402.2,0x2F1,8,0F 60 89 96 99 C3 39 00
66411.0,0x201,8,02 00 00 00 00 00 00 00
66415.8,0x2C1,8,B3 1A 98 00 00 00 00 00
66432.0,0x381,8,05 00 00 00 00 D9 64 08
66435.9,0x2C1,8,04 00 00 00 00 00 00 00
66436.1,0x201,8,03 00 00 00 00 00 00 00
66455.8,0x2C1,8,50 44 FE 00 50 8E 02 00
66458.2,0x281,6,1C 00 FF 1F 00 01
66460.5,0x224,8,04 08 00 C0 E3 00 10 08
66460.7,0x2B4,6,3B 05 0A 0F F1 00
66460.9,0x201,8,00 32 4E 1A 00 E4 FF 00
66464.8,0x29D,4,00 00 00 20
66469.8,0x381,8,06 00 00 00 00 00 00 00
66476.3,0x2C1,8,21 2B 0D 0A 02 00 00 00
66485.8,0x201,8,59 38 98 00 01 00 00 00
66495.8,0x2C1,8,02 19 06 00 00 D0 92 09
66501.8,0x2F1,8,10 00 00 D3 13 00 00 00
66508.1,0x381,8,07 00 00 00 00 00 00 00
66511.0,0x201,8,02 00 00 00 00 00 00 00
66515.8,0x2C1,8,B3 1A 98 00 00 00 00 00
66536.0,0x201,8,03 00 00 00 00 00 00 00
66536.6,0x2C1,8,04 00 00 00 00 00 00 00
66546.1,0x381,8,08 00 00 00 00 00 00 00
66556.1,0x2C1,8,50 44 FE 00 50 8E 02 00
66558.3,0x281,6,1C 00 FF 1F 00 01
66560.0,0x224,8,04 08 00 60 E3 00 10 08
66560.5,0x2B4,6,3A 05 0B 0F FC 00
66560.8,0x201,8,00 31 4F 1A 00 E4 FF 00
66564.0,0x29D,4,00 00 00 20
66575.8,0x2C1,8,21 2B 0D 0A 02 00 00 00
66583.8,0x381,8,09 00 00 00 00 00 00 00
66585.8,0x201,8,59 38 98 00 01 00 00 00
66595.8,0x2C1,8,02 19 06 00 00 D0 92 09
66602.7,0x2F1,8,11 54 00 4B 00 6E 0C 00
66611.3,0x201,8,02 00 00 00 00 00 00 00
66616.0,0x2C1,8,B3 1A 98 00 00 00 00 00
66621.8,0x381,8,0A 00 00 00 00 00 00 00
66636.1,0x201,8,03 00 00 00 00 00 00 00
66636.7,0x2C1,8,04 00 00 00 00 00 00 00
66655.8,0x2C1,8,50 44 FE 00 50 8E 02 00
66658.2,0x281,6,1C 00 FF 1F 00 01
66659.8,0x381,8,0B 00 00 00 00 00 00 00
66660.1,0x224,8,04 08 00 80 E3 00 10 08
66660.3,0x2B4,6,3A 05 0B 0F FA 00
66660.8,0x201,8,00 32 50 19 00 E4 FF 00
66664.1,0x29D,4,00 00 00 20
66669.9,0x333,5,84 0C 2F 07 00
66675.8,0x2C1,8,21 2B 0D 0A 02 00 00 00
66686.1,0x201,8,59 38 98 00 01 00 00 00
66695.8,0x2C1,8,02 19 06 00 00 D0 92 09
66697.8,0x381,8,0C 00 00 00 00 00 00 00
66702.2,0x2F1,8,32 11 00 00 00 01 00 00
66711.0,0x201,8,02 00 00 00 00 00 00 00
66716.1,0x2C1,8,B3 1A 98 00 00 00 00 00
66735.9,0x2C1,8,04 00 00 00 00 00 00 00
66736.1,0x201,8,03 00 00 00 00 00 00 00
66736.8,0x381,8,0D 00 00 00 00 00 00 00
66756.0,0x2C1,8,50 44 FE 00 50 8E 02 00
66758.5,0x281,6,1C 00 FF 1F 00 01
66760.3,0x224,8,04 08 00 A0 E3 00 10 08
66761.0,0x201,8,00 31 4F 1A 00 E4 FF 00
66761.4,0x2B4,6,3A 05 0D 0F FF 00
66764.1,0x29D,4,00 00 00 20
66774.0,0x381,8,0E 00 00 00 00 E0 FF 00
66775.8,0x2C1,8,21 2B 0D 0A 02 00 00 00
66785.8,0x201,8,59 38 98 00 01 00 00 00
66796.1,0x2C1,8,02 19 06 00 00 D0 92 09
66802.2,0x2F1,8,00 91 34 01 43 00 11 00
66811.0,0x201,8,02 00 00 00 00 00 00 00
66812.3,0x381,8,EF FF FF CD 03 00 CF 0C
66815.9,0x2C1,8,B3 1A 98 00 00 00 00 00
66835.8,0x301,8,0D 5F FE 36 6F 00 00 00
66836.1,0x201,8,03 00 00 00 00 00 00 00
66836.3,0x2C1,8,04 00 00 00 00 00 00 00
66849.8,0x381,8,10 00 00 00 00 00 00 00
66855.8,0x2C1,8,50 44 FE 00 50 8E 02 00
66858.2,0x281,6,1B 00 FF 1F 00 01
66860.2,0x224,8,04 08 00 80 E3 00 10 08
66860.4,0x2B4,6,3B 05 0B 0F FD 00
66861.3,0x201,8,00 31 50 1A 00 E4 FF 00
66864.0,0x29D,4,00 00 00 20
66876.1,0x2C1,8,21 2B 0D 0A 02 00 00 00
66885.8,0x201,8,59 38 98 00 01 00 00 00
66888.6,0x381,8,11 00 00 00 00 00 00 00
66896.1,0x2C1,8,02 19 06 00 00 D0 92 09
66902.2,0x2F1,8,01 11 36 01 43 00 0A 00
66911.3,0x201,8,02 00 00 00 00 00 00 00
66915.8,0x2C1,8,B3 1A 98 00 00 00 00 00
66925.9,0x381,8,B2 00 00 00 00 00 A8 00
66936.1,0x201,8,03 00 00 00 00 00 00 00
66936.8,0x2C1,8,04 00 00 00 00 00 00 00
66956.1,0x2C1,8,50 44 FE 00 50 8E 02 00
66958.3,0x281,6,19 00 FF 1F 00 01
66960.4,0x224,8,04 08 00 80 E3 00 10 08
66960.5,0x2B4,6,3C 05 0B 0F 02 01
66961.0,0x201,8,00 32 4F 1A 00 E4 FF 00
66964.1,0x381,8,13 00 00 00 00 04 FC FF
66964.3,0x29D,4,00 00 00 20
66975.9,0x2C1,8,21 2B 0D 0A 02 00 00 00
66985.9,0x201,8,59 38 98 00 01 00 00 00
66995.9,0x2C1,8,02 19 06 00 00 D0 92 09
67002.2,0x2F1,8,02 91 39 81 42 00 00 00
67002.4,0x381,8,14 00 00 00 00 00 00 00
67011.3,0x201,8,02 00 00 00 00 00 00 00
67015.9,0x2C1,8,B3 1A 98 00 00 00 00 00
67036.1,0x201,8,03 00 00 00 00 00 00 00
67036.7,0x2C1,8,04 00 00 00 00 00 00 00
67039.9,0x381,8,15 20 58 32 50 00 1A 01
67055.9,0x2C1,8,50 44 FE 00 50 8E 02 00
67058.2,0x281,6,1A 00 FF 1F 00 01
67060.0,0x224,8,04 08 00 A0 E3 00 10 08
67060.4,0x2B4,6,39 05 0C 0F F7 00
67061.3,0x201,8,00 31 4F 1A 00 E4 FF 00
67064.6,0x29D,4,00 00 00 20
67075.9,0x2C1,8,21 2B 0D 0A 02 00 00 00
67078.1,0x381,8,16 10 00 00 00 7F 00 00
67085.9,0x201,8,59 38 98 00 01 00 00 00
67095.9,0x2C1,8,02 19 06 00 00 D0 92 09
67102.3,0x2F1,8,03 11 36 81 42 00 01 00
67111.3,0x201,8,02 00 00 00 00 00 00 00
67116.1,0x2C1,8,B3 1A 98 00 00 00 00 00
67116.4,0x381,8,17 00 00 00 00 00 00 00
67136.1,0x201,8,03 00 00 00 00 00 00 00
67136.8,0x2C1,8,04 00 00 00 00 00 00 00
67153.9,0x381,8,18 00 00 00 00 00 00 00
67155.9,0x2C1,8,50 44 FE 00 50 8E 02 00
67158.3,0x281,6,1B 00 FF 1F 00 01
67160.3,0x224,8,04 08 00 A0 E3 00 10 08
67160.5,0x2B4,6,3B 05 0A 0F FF 00
67160.9,0x201,8,00 31 50 1A 00 E4 FF 00
67164.1,0x29D,4,00 00 00 20
67169.1,0x333,5,84 0C 2F 07 00
67176.1,0x2C1,8,21 2B 0D 0A 02 00 00 00
67185.9,0x201,8,59 38 98 00 01 00 00 00
67192.0,0x381,8,19 00 00 00 00 00 00 00
67196.1,0x2C1,8,02 19 06 00 00 D0 92 09
67202.3,0x2F1,8,04 90 36 81 2F 00 01 00
67211.3,0x201,8,02 00 00 00 00 00 00 00
67215.9,0x2C1,8,B3 1A 98 00 00 00 00 00
67229.9,0x381,8,80 89 07 40 DE 00 A8 15
67235.9,0x321,8,37 DA A8 91 01 8A D0 C9
67236.1,0x201,8,03 00 00 00 00 00 00 00
67236.6,0x2C1,8,04 00 00 00 00 00 00 00
67255.9,0x2C1,8,50 44 FE 00 50 8E 02 00
67258.3,0x281,6,1A 00 FF 1F 00 01
67260.1,0x224,8,04 08 00 80 E3 00 10 08
67260.5,0x2B4,6,3A 05 08 0F FC 00
67261.0,0x201,8,00 32 4F 1A 00 E4 FF 00
67264.6,0x29D,4,00 00 00 20
67268.1,0x381,8,81 5D 00 0E 97 94 94 40
67276.1,0x2C1,8,21 2B 0D 0A 02 00 00 00
67285.9,0x201,8,59 28 98 00 01 00 00 00
67295.9,0x2C1,8,02 19 06 00 00 D0 92 09
67302.5,0x2F1,8,05 90 36 01 2F 00 01 00
67305.9,0x381,8,22 A0 F8 77 41 20 00 00
67311.1,0x201,8,02 00 00 00 00 00 00 00
67316.1,0x2C1,8,B3 1A 98 00 00 00 00 00
67335.9,0x2C1,8,04 00 00 00 00 00 00 00
67336.1,0x201,8,03 00 00 00 00 00 00 00
67344.1,0x381,8,A3 32 3E 00 4C C1 04 00
67356.1,0x2C1,8,50 44 FE 00 50 8E 02 00
67358.3,0x281,6,19 00 FF 1F 00 01
67360.3,0x224,8,04 08 00 A0 E3 00 10 08
67360.6,0x2B4,6,3B 05 0D 0F FE 00
67361.0,0x201,8,00 31 50 1A 00 E4 FF 00
67364.1,0x29D,4,00 00 00 20
67375.9,0x2C1,8,21 2B 0D 0A 02 00 00 00
67382.1,0x381,8,04 00 00 00 00 00 00 00
67386.2,0x201,8,59 28 98 00 01 00 00 00
67395.9,0x2C1,8,02 19 06 00 00 D0 92 09
67401.9,0x2F1,8,06 10 33 01 08 00 01 00
67411.1,0x201,8,02 00 00 00 00 00 00 00
67415.9,0x2C1,8,B3 1A 98 00 00 00 00 00
67420.5,0x381,8,05 00 00 00 00 D9 64 08
67436.2,0x201,8,03 00 00 00 00 00 00 00
67436.6,0x2C1,8,04 00 00 00 00 00 00 00
67456.1,0x2C1,8,50 44 FE 00 50 8E 02 00
67458.3,0x281,6,18 00 FF 1F 00 01
67459.4,0x381,8,06 00 00 00 00 00 00 00
67460.0,0x224,8,04 08 00 60 E3 00 10 08
67460.5,0x2B4,6,3B 05 0C 0F FB 00
67461.1,0x201,8,00 32 4F 1A 00 E4 FF 00
67465.0,0x29D,4,00 00 00 20
67475.9,0x2C1,8,21 2B 0D 0A 02 00 00 00
67485.9,0x201,8,59 28 98 00 01 00 00 00
67495.9,0x2C1,8,02 19 06 00 00 D0 92 09
67496.2,0x381,8,07 00 00 00 00 00 00 00
67502.3,0x2F1,8,07 00 00 00 00 00 00 00
67511.1,0x201,8,02 00 00 00 00 00 00 00
67516.1,0x2C1,8,B3 1A 98 00 00 00 00 00
67533.9,0x381,8,08 00 00 00 00 00 00 00
67536.1,0x201,8,03 00 00 00 00 00 00 00
67536.7,0x2C1,8,04 00 00 00 00 00 00 00
67555.9,0x2C1,8,50 44 FE 00 50 8E 02 00
67558.3,0x281,6,17 00 FF 1F 00 01
67560.3,0x224,8,04 08 00 A0 E3 00 10 08
67560.6,0x2B4,6,39 05 0D 0F F9 00
67561.1,0x201,8,00 31 50 1A 00 E4 FF 00
67564.3,0x29D,4,00 00 00 20
67571.9,0x381,8,09 00 00 00 00 00 00 00
67575.9,0x2C1,8,21 2B 0D 0A 02 00 00 00
67585.9,0x201,8,59 28 98 00 01 00 00 00
67596.4,0x2C1,8,02 19 06 00 00 D0 92 09
67602.3,0x2F1,8,08 01 00 00 00 88 03 00
67610.1,0x381,8,0A 00 00 00 00 00 00 00
67611.4,0x201,8,02 00 00 00 00 00 00 00
67615.9,0x2C1,8,B3 1A 98 00 00 00 00 00
67636.2,0x201,8,03 00 00 00 00 00 00 00
67636.6,0x2C1,8,04 00 00 00 00 00 00 00
67647.9,0x381,8,0B 00 00 00 00 00 00 00
67655.9,0x2C1,8,50 44 FE 00 50 8E 02 00
67658.3,0x281,6,18 00 FF 1F 00 01
67660.1,0x224,8,04 08 00 80 E3 00 10 08
67660.6,0x2B4,6,3A 05 0D 0F FA 00
67661.0,0x201,8,00 30 4F 19 00 E4 FF 00
67664.1,0x29D,4,00 00 00 20
67670.1,0x333,5,84 0C 2F 07 00
67676.1,0x2C1,8,21 2B 0D 0A 02 00 00 00
67685.9,0x201,8,59 28 98 00 01 00 00 00
67686.2,0x381,8,0C 00 00 00 00 00 00 00
67695.9,0x2C1,8,02 19 06 00 00 D0 92 09
67702.3,0x2F1,8,09 01 00 00 00 00 04 00
67711.1,0x201,8,02 00 00 00 00 00 00 00
67715.9,0x2C1,8,B3 1A 98 00 00 00 00 00
67724.3,0x381,8,0D 00 00 00 00 00 00 00
67736.2,0x201,8,03 00 00 00 00 00 00 00
67736.6,0x2C1,8,04 00 00 00 00 00 00 00
67756.1,0x2C1,8,50 44 FE 00 50 8E 02 00
67758.6,0x281,6,19 00 FF 1F 00 01
67760.2,0x224,8,04 08 00 80 E3 00 10 08
67760.8,0x2B4,6,39 05 0B 0F F3 00
67761.0,0x201,8,00 32 50 1A 00 E4 FF 00
67762.0,0x381,8,0E 00 00 00 00 E0 FF 00
67764.3,0x29D,4,00 00 00 20
67775.9,0x2C1,8,21 2B 0D 0A 02 00 00 00
67785.9,0x201,8,59 28 98 00 01 00 00 00
67795.9,0x2C1,8,02 19 06 00 00 D0 92 09
67799.9,0x381,8,EF FF FF CD 03 00 CF 0C
67802.3,0x2F1,8,0A 85 01 00 00 00 00 00
67811.1,0x201,8,02 00 00 00 00 00 00 00
67815.9,0x2C1,8,B3 1A 98 00 00 00 00 00
67835.9,0x301,8,11 00 00 00 00 00 00 00
67836.2,0x201,8,03 00 00 00 00 00 00 00
67836.8,0x2C1,8,04 00 00 00 00 00 00 00
67838.0,0x381,8,10 00 00 00 00 00 00 00
67855.9,0x2C1,8,50 44 FE 00 50 8E 02 00
67858.3,0x281,6,18 00 FF 1F 00 01
67860.3,0x224,8,04 08 00 40 E3 00 10 08
67860.5,0x2B4,6,3B 05 0D 0F 02 01
67861.0,0x201,8,00 32 50 1A 00 E4 FF 00
67864.1,0x29D,4,00 00 00 20
67876.2,0x2C1,8,21 2B 0D 0A 02 00 00 00
67876.4,0x381,8,11 00 00 00 00 00 00 00
67885.9,0x201,8,59 28 98 00 01 00 00 00
67895.9,0x2C1,8,02 19 06 00 00 D0 92 09
67902.8,0x2F1,8,2B 7A 00 00 00 00 00 00
67911.2,0x201,8,02 00 00 00 00 00 00 00
67913.9,0x381,8,B2 00 00 00 00 00 A8 00
67916.2,0x2C1,8,B3 1A 98 00 00 00 00 00
67936.2,0x201,8,03 00 00 00 00 00 00 00
67936.9,0x2C1,8,04 00 00 00 00 00 00 00
67952.0,0x381,8,13 00 00 00 00 04 FC FF
67956.0,0x2C1,8,50 44 FE 00 50 8E 02 00
67958.2,0x281,6,18 00 FF 1F 00 01
67959.9,0x224,8,04 08 00 60 E3 00 10 08
67960.4,0x2B4,6,3A 05 0C 0F 00 01
67961.0,0x201,8,00 32 4F 1A 00 E4 FF 00
67964.3,0x29D,4,00 00 00 20
67975.9,0x2C1,8,21 2B 0D 0A 02 00 00 00
67986.0,0x201,8,59 28 98 00 01 00 00 00
67990.1,0x381,8,14 00 00 00 00 00 00 00
67996.2,0x2C1,8,02 19 06 00 00 D0 92 09
68003.0,0x2F1,8,0C 11 40 D8 00 86 32 34
68011.1,0x201,8,02 00 00 00 00 00 00 00
68016.2,0x2C1,8,B3 1A 98 00 00 00 00 00
68028.3,0x381,8,15 00 58 32 50 00 1A 01
68036.1,0x201,8,03 00 00 00 00 00 00 00
68036.5,0x2C1,8,04 00 00 00 00 00 00 00
68056.0,0x2C1,8,50 44 FE 00 50 8E 02 00
68058.3,0x281,6,18 00 FF 1F 00 01
68060.3,0x224,8,04 08 00 60 E3 00 10 08
68060.5,0x2B4,6,3B 05 0C 0F 00 01
68061.0,0x201,8,00 32 50 1A 00 E4 FF 00
68064.9,0x29D,4,00 00 00 20
68066.1,0x381,8,16 10 00 00 00 7F 00 00
68076.2,0x2C1,8,21 2B 0D 0A 02 00 00 00
68086.2,0x201,8,59 28 98 00 01 00 00 00
68096.0,0x2C1,8,02 19 06 00 00 D0 92 09
68102.0,0x2F1,8,0D 89 9B 40 21 00 07 00
68104.0,0x381,8,17 00 00 00 00 00 00 00
68111.2,0x201,8,02 00 00 00 00 00 00 00
68116.0,0x2C1,8,B3 1A 98 00 00 00 00 00
68136.2,0x201,8,03 00 00 00 00 00 00 00
68136.9,0x2C1,8,04 00 00 00 00 00 00 00
68142.2,0x381,8,18 00 00 00 00 00 00 00
68156.4,0x2C1,8,50 48 FE 00 50 8E 02 00
68158.4,0x281,6,18 00 FF 1F 00 01
68160.4,0x224,8,04 08 00 60 E3 00 10 08
68160.7,0x2B4,6,3C 05 0D 0F FF 00
68161.1,0x201,8,00 33 50 1A 00 E4 FF 00
68164.2,0x29D,4,00 00 00 20
68169.2,0x333,5,84 0C 2F 07 00
68176.0,0x2C1,8,21 2B 0D 0A 02 00 00 00
68180.2,0x381,8,19 00 00 00 00 00 00 00
68186.0,0x201,8,59 28 98 00 01 00 00 00
68196.0,0x2C1,8,02 19 06 00 00 D0 92 09
68202.4,0x2F1,8,0E 00 00 00 00 00 00 00
68211.2,0x201,8,02 00 00 00 00 00 00 00
68216.0,0x2C1,8,B3 1A 98 00 00 00 00 00
68218.5,0x381,8,80 89 07 40 DE 00 A8 15
68236.0,0x321,8,37 DA A8 91 01 8A E0 D9
68236.2,0x201,8,03 00 00 00 00 00 00 00
68236.9,0x2C1,8,04 00 00 00 00 00 00 00
68256.0,0x2C1,8,50 48 FE 00 50 8E 02 00
68256.2,0x381,8,81 5D 00 0E 97 94 94 40
68258.3,0x281,6,18 00 FF 1F 00 01
68260.1,0x224,8,04 08 00 60 E3 00 10 08
68260.3,0x2B4,6,39 05 0F 0F F3 00
68261.0,0x201,8,00 32 4F 19 00 E4 FF 00
68265.0,0x29D,4,00 00 00 20
68276.0,0x2C1,8,21 2B 0D 0A 02 00 00 00
68286.0,0x201,8,59 28 98 00 01 00 00 00
68294.0,0x381,8,22 A0 F8 77 41 20 00 00
68296.2,0x2C1,8,02 19 06 00 00 D0 92 09
68302.4,0x2F1,8,0F 5F B9 96 99 C3 39 00
68311.2,0x201,8,02 00 00 00 00 00 00 00
68316.2,0x2C1,8,B3 1A 98 00 00 00 00 00
68332.4,0x381,8,A3 32 3E 00 4C 29 04 00
68336.0,0x2C1,8,04 00 00 00 00 00 00 00
68336.2,0x201,8,03 00 00 00 00 00 00 00
68356.0,0x2C1,8,58 48 FE 00 50 8E 02 00
68358.3,0x281,6,18 00 FF 1F 00 01
68360.3,0x224,8,04 08 00 20 E3 00 10 08
68360.7,0x2B4,6,39 05 0C 0F F2 00
68361.2,0x201,8,00 33 50 1A 00 E4 FF 00
68364.4,0x29D,4,00 00 00 20
68370.1,0x381,8,04 00 00 00 00 00 00 00
68376.0,0x2C1,8,21 2B 0D 0A 02 00 00 00
68386.0,0x201,8,59 28 98 00 01 00 00 00
68396.2,0x2C1,8,02 19 06 00 00 D0 92 09
68402.4,0x2F1,8,10 00 00 D8 13 00 00 00
68408.5,0x381,8,05 00 00 00 00 D9 64 08
68411.2,0x201,8,02 00 00 00 00 00 00 00
68416.0,0x2C1,8,B3 1A 98 00 00 00 00 00
68436.3,0x201,8,03 00 00 00 00 00 00 00
68436.7,0x2C1,8,04 00 00 00 00 00 00 00
68446.1,0x381,8,06 00 00 00 00 00 00 00
68456.0,0x2C1,8,58 48 FE 00 50 8E 02 00
68458.4,0x281,6,19 00 FF 1F 00 01
68459.9,0x224,8,04 08 00 60 E3 00 10 08
68460.4,0x2B4,6,3A 05 0B 0F F6 00
68461.2,0x201,8,00 33 51 1A 00 E4 FF 00
68464.7,0x29D,4,00 00 00 20
68476.2,0x2C1,8,21 2B 0D 0A 02 00 00 00
68484.0,0x381,8,07 00 00 00 00 00 00 00
68486.0,0x201,8,59 38 98 00 01 00 00 00
68496.0,0x2C1,8,02 19 06 00 00 D0 92 09
68502.4,0x2F1,8,11 54 00 4B 00 6D 0C 00
68511.2,0x201,8,02 00 00 00 00 00 00 00
68516.0,0x2C1,8,B3 1A 98 00 00 00 00 00
68522.0,0x381,8,08 00 00 00 00 00 00 00
68536.2,0x201,8,03 00 00 00 00 00 00 00
68536.9,0x2C1,8,04 00 00 00 00 00 00 00
68556.2,0x2C1,8,58 48 FE 00 50 8E 02 00
68558.5,0x281,6,1A 00 FF 1F 00 01
68560.0,0x224,8,04 08 00 40 E3 00 10 08
68560.2,0x2B4,6,3B 05 0C 0F FC 00
68560.5,0x381,8,09 00 00 00 00 00 00 00
68561.4,0x201,8,00 32 50 1A 00 E4 FF 00
68564.2,0x29D,4,00 00 00 20
68576.2,0x2C1,8,21 2B 0D 0A 02 00 00 00
68586.0,0x201,8,59 38 98 00 01 00 00 00
68596.0,0x2C1,8,02 19 06 00 00 D0 92 09
68598.0,0x381,8,0A 00 00 00 00 00 00 00
68602.4,0x2F1,8,32 0D 00 00 00 01 00 00
68611.2,0x201,8,02 00 00 00 00 00 00 00
68616.2,0x2C1,8,B3 1A 98 00 00 00 00 00
68636.2,0x201,8,03 00 00 00 00 00 00 00
68636.9,0x2C1,8,04 00 00 00 00 00 00 00
68637.1,0x381,8,0B 00 00 00 00 00 00 00
68656.2,0x2C1,8,58 44 FE 00 50 8E 02 00
68658.4,0x281,6,1A 00 FF 1F 00 01
68660.0,0x224,8,04 08 00 60 E3 00 10 08
68660.4,0x2B4,6,39 05 0C 0F FC 00
68661.1,0x201,8,00 33 50 1A 00 E4 FF 00
68664.2,0x29D,4,00 00 00 20
68670.0,0x333,5,84 0C 2F 07 00
68674.4,0x381,8,0C 00 00 00 00 00 00 00
68676.0,0x2C1,8,21 2B 0D 0A 02 00 00 00
68686.0,0x201,8,59 38 98 00 01 00 00 00
68696.2,0x2C1,8,02 19 06 00 00 D0 92 09
68702.6,0x2F1,8,00 11 34 01 43 00 10 00
68711.5,0x201,8,02 00 00 00 00 00 00 00
68712.0,0x381,8,0D 00 00 00 00 00 00 00
68716.5,0x2C1,8,B3 1A 98 00 00 00 00 00
68736.0,0x2C1,8,04 00 00 00 00 00 00 00
68736.3,0x201,8,03 00 00 00 00 00 00 00
68750.0,0x381,8,0E 00 00 00 00 E0 FF 00
68756.0,0x2C1,8,58 44 FE 00 50 8E 02 00
68758.9,0x281,6,1A 00 FF 1F 00 01
68760.5,0x224,8,04 08 00 40 E3 00 10 08
68760.8,0x2B4,6,3A 05 0C 0F 03 01
68761.4,0x201,8,00 34 51 1A 00 E4 FF 00
68764.3,0x29D,4,00 00 00 20
68776.1,0x2C1,8,21 2B 0D 0A 02 00 00 00
68786.3,0x201,8,59 38 98 00 01 00 00 00
68788.7,0x381,8,EF FF FF CD 03 00 CF 0C
68796.3,0x2C1,8,02 19 06 00 00 D0 92 09
68802.4,0x2F1,8,01 91 36 01 43 00 0A 00
68811.5,0x201,8,02 00 00 00 00 00 00 00
68816.0,0x2C1,8,B3 1A 98 00 00 00 00 00
68826.1,0x381,8,10 00 00 00 00 00 00 00
68836.1,0x301,8,12 5C 0A D0 26 6F 00 AE
68836.3,0x201,8,03 00 00 00 00 00 00 00
68836.7,0x2C1,8,04 00 00 00 00 00 00 00
68856.2,0x2C1,8,50 44 FE 00 50 8E 02 00
68858.5,0x281,6,19 00 FF 1F 00 01
68860.5,0x2B4,6,3B 05 0C 0F FE 00
68861.4,0x201,8,00 32 4E 19 00 E4 FF 00
68862.0,0x224,8,04 08 00 40 E3 00 10 08
68864.2,0x29D,4,00 00 00 20
68864.5,0x381,8,11 00 00 00 00 00 00 00
68876.3,0x2C1,8,21 2B 0D 0A 02 00 00 00
68886.2,0x201,8,59 28 98 00 01 00 00 00
68896.1,0x2C1,8,02 19 06 00 00 D0 92 09
68902.4,0x2F1,8,02 91 3A 81 42 00 00 00
68902.7,0x381,8,B2 00 00 00 00 00 A8 00
68911.5,0x201,8,02 00 00 00 00 00 00 00
68916.0,0x2C1,8,B3 1A 98 00 00 00 00 00
68936.3,0x201,8,03 00 00 00 00 00 00 00
68937.0,0x2C1,8,04 00 00 00 00 00 00 00
68940.6,0x381,8,13 00 00 00 00 04 FC FF
68956.3,0x2C1,8,50 44 FE 00 50 8E 02 00
68958.5,0x281,6,19 00 FF 1F 00 01
68960.3,0x224,8,04 08 00 80 E3 00 10 08
68960.4,0x2B4,6,3A 05 0B 0F FD 00
68961.4,0x201,8,00 32 4F 1A 00 E4 FF 00
68964.3,0x29D,4,00 00 00 20
68976.1,0x2C1,8,21 2B 0D 0A 02 00 00 00
68978.1,0x381,8,14 00 00 00 00 00 00 00
68986.0,0x201,8,59 28 98 00 01 00 00 00
68996.3,0x2C1,8,02 19 06 00 00 D0 92 09
69002.4,0x2F1,8,03 11 36 81 42 00 01 00
69011.5,0x201,8,02 00 00 00 00 00 00 00
69016.0,0x2C1,8,B3 1A 98 00 00 00 00 00
69016.3,0x381,8,15 00 58 32 50 00 1A 01
69036.2,0x201,8,03 00 00 00 00 00 00 00
69036.9,0x2C1,8,04 00 00 00 00 00 00 00
69054.1,0x381,8,16 10 00 00 00 7F 00 00
69056.1,0x2C1,8,50 44 FE 00 50 8E 02 00
69058.4,0x281,6,19 00 FF 1F 00 01
69060.2,0x224,8,04 08 00 60 E3 00 10 08
69060.4,0x2B4,6,3B 05 0B 0F FD 00
69061.4,0x201,8,00 33 4F 1A 00 E4 FF 00
69065.0,0x29D,4,00 00 00 20
69076.0,0x2C1,8,21 2B 0D 0A 02 00 00 00
69086.1,0x201,8,59 28 98 00 01 00 00 00
69092.1,0x381,8,17 00 00 00 00 00 00 00
69096.0,0x2C1,8,02 19 06 00 00 D0 92 09
69102.4,0x2F1,8,04 90 36 81 2F 00 01 00
69111.5,0x201,8,02 00 00 00 00 00 00 00
69116.5,0x2C1,8,B3 1A 98 00 00 00 00 00
69130.1,0x381,8,18 00 00 00 00 00 00 00
69136.3,0x201,8,03 00 00 00 00 00 00 00
69137.0,0x2C1,8,04 00 00 00 00 00 00 00
69156.1,0x2C1,8,50 44 FE 00 50 8E 02 00
69158.4,0x281,6,19 00 FF 1F 00 01
69159.9,0x224,8,04 08 00 60 E3 00 10 08
69160.4,0x2B4,6,3B 05 0B 0F F9 00
69161.1,0x201,8,00 32 4F 1A 00 E4 FF 00
69164.5,0x29D,4,00 00 00 20
69168.1,0x381,8,19 00 00 00 00 00 00 00
69169.3,0x333,5,84 0C 2F 07 00
69176.1,0x2C1,8,21 2B 0D 0A 02 00 00 00
69186.0,0x201,8,59 28 98 00 01 00 00 00
69196.3,0x2C1,8,02 19 06 00 00 D0 92 09
69202.4,0x2F1,8,05 10 36 01 2F 00 01 00
69206.3,0x381,8,80 89 07 40 DE 00 A8 15
69211.5,0x201,8,02 00 00 00 00 00 00 00
69216.1,0x2C1,8,B3 1A 98 00 00 00 00 00
69236.0,0x321,8,37 DA A8 91 01 8A F0 E9
69236.3,0x201,8,03 00 00 00 00 00 00 00
69236.6,0x2C1,8,04 00 00 00 00 00 00 00
69244.3,0x381,8,81 5D 00 0E 97 94 94 40
69256.1,0x2C1,8,50 44 FE 00 50 8E 02 00
69258.4,0x281,6,18 00 FF 1F 00 01
69260.2,0x224,8,04 08 00 60 E3 00 10 08
69260.6,0x2B4,6,3B 05 0B 0F FF 00
69261.3,0x201,8,00 32 4F 1A 00 E4 FF 00
69265.0,0x29D,4,00 00 00 20
69276.5,0x2C1,8,21 2B 0D 0A 02 00 00 00
69282.1,0x381,8,22 A0 F8 77 41 20 00 00
69286.1,0x201,8,59 28 98 00 01 00 00 00
69296.1,0x2C1,8,02 19 06 00 00 D0 92 09
69302.4,0x2F1,8,06 10 33 01 08 00 01 00
69311.5,0x201,8,02 00 00 00 00 00 00 00
69316.1,0x2C1,8,B3 1A 98 00 00 00 00 00
69320.1,0x381,8,A3 32 3E 00 4C 29 04 00
69336.1,0x2C1,8,04 00 00 00 00 00 00 00
69336.3,0x201,8,03 00 00 00 00 00 00 00
69356.3,0x2C1,8,50 44 FE 00 50 8E 02 00
69358.3,0x281,6,17 00 FF 1F 00 01
69360.1,0x224,8,04 08 00 40 E3 00 10 08
69360.5,0x2B4,6,3A 05 0D 0F F5 00
69361.0,0x381,8,04 00 00 00 00 00 00 00
69361.5,0x201,8,00 33 4F 1A 00 E4 FF 00
69364.3,0x29D,4,00 00 00 20
69376.1,0x2C1,8,21 2B 0D 0A 02 00 00 00
69386.1,0x201,8,59 28 98 00 01 00 00 00
69396.2,0x2C1,8,02 19 06 00 00 D0 92 09
69396.5,0x381,8,05 00 00 00 80 D8 64 08
69402.7,0x2F1,8,07 00 00 00 00 00 00 00
69411.5,0x201,8,02 00 00 00 00 00 00 00
69416.3,0x2C1,8,B3 1A 98 00 00 00 00 00
69434.1,0x381,8,06 00 00 00 00 00 00 00
69436.3,0x201,8,03 00 00 00 00 00 00 00
69436.8,0x2C1,8,04 00 00 00 00 00 00 00
69456.1,0x2C1,8,50 44 FE 00 50 8E 02 00
69458.4,0x281,6,17 00 FF 1F 00 01
69460.1,0x224,8,04 08 00 60 E3 00 10 08
69460.4,0x2B4,6,3A 05 0C 0F FA 00
69461.5,0x201,8,00 32 4F 19 00 E4 FF 00
69465.2,0x29D,4,00 00 00 20
69472.3,0x381,8,07 00 00 00 00 00 00 00
69476.1,0x2C1,8,21 2B 0D 0A 02 00 00 00
69486.3,0x201,8,59 28 98 00 01 00 00 00
69496.1,0x2C1,8,02 19 06 00 00 D0 92 09
69502.5,0x2F1,8,08 01 00 00 00 10 03 00
69510.1,0x381,8,08 00 00 00 00 00 00 00
69511.5,0x201,8,02 00 00 00 00 00 00 00
69516.6,0x2C1,8,B3 1A 98 00 00 00 00 00
69536.3,0x201,8,03 00 00 00 00 00 00 00
69536.9,0x2C1,8,04 00 00 00 00 00 00 00
69548.6,0x381,8,09 00 00 00 00 00 00 00
69556.3,0x2C1,8,50 44 FE 00 50 8E 02 00
69558.3,0x281,6,18 00 FF 1F 00 01
69560.1,0x224,8,04 08 00 40 E3 00 10 08
69560.3,0x2B4,6,3B 05 0F 0F F7 00
69561.5,0x201,8,00 31 4F 1A 00 E4 FF 00
69564.5,0x29D,4,00 00 00 20
69576.1,0x2C1,8,21 2B 0D 0A 02 00 00 00
69586.1,0x201,8,59 28 98 00 01 00 00 00
69586.3,0x381,8,0A 00 00 00 00 00 00 00
69596.3,0x2C1,8,02 19 06 00 00 D0 92 09
69602.4,0x2F1,8,09 01 00 00 00 18 03 00
69611.5,0x201,8,02 00 00 00 00 00 00 00
69616.1,0x2C1,8,B3 1A 98 00 00 00 00 00
69624.2,0x381,8,0B 00 00 00 00 00 00 00
69636.3,0x201,8,03 00 00 00 00 00 00 00
69636.6,0x2C1,8,04 00 00 00 00 00 00 00
69656.1,0x2C1,8,50 44 FE 00 50 8E 02 00
69658.5,0x281,6,19 00 FF 1F 00 01
69660.0,0x224,8,04 08 00 60 E3 00 10 08
69660.4,0x2B4,6,39 05 0D 0F FF 00
69661.4,0x201,8,00 31 50 1A 00 E4 FF 00
69662.2,0x381,8,0C 00 00 00 00 00 00 00
69664.3,0x29D,4,00 00 00 20
69670.2,0x333,5,84 0C 2F 07 00
69676.3,0x2C1,8,21 2B 0D 0A 02 00 00 00
69686.1,0x201,8,59 38 98 00 01 00 00 00
69696.4,0x2C1,8,02 19 06 00 00 D0 92 09
69700.2,0x381,8,0D 00 00 00 00 00 00 00
69702.5,0x2F1,8,0A 85 01 00 00 00 00 00
69711.3,0x201,8,02 00 00 00 00 00 00 00
69716.1,0x2C1,8,B3 1A 98 00 00 00 00 00
69736.1,0x2C1,8,04 00 00 00 00 00 00 00
69736.4,0x201,8,03 00 00 00 00 00 00 00
69738.3,0x381,8,0E 00 00 00 00 E0 FF 00
69756.4,0x2C1,8,50 44 FE 00 50 8E 02 00
69758.8,0x281,6,19 00 FF 1F 00 01
69760.4,0x224,8,04 08 00 40 E3 00 10 08
69761.0,0x2B4,6,3B 05 0C 0F 01 01
69761.4,0x201,8,00 32 4F 19 00 E4 FF 00
69764.4,0x29D,4,00 00 00 20
69776.1,0x2C1,8,21 2B 0D 0A 02 00 00 00
69776.4,0x381,8,EF FF FF CD 03 00 CF 0C
69786.1,0x201,8,59 28 98 00 01 00 00 00
69796.1,0x2C1,8,02 19 06 00 00 D0 92 09
69802.5,0x2F1,8,2B 73 00 00 00 00 00 00
69811.3,0x201,8,02 00 00 00 00 00 00 00
69814.1,0x381,8,10 00 00 00 00 00 00 00
69816.1,0x2C1,8,B3 1A 98 00 00 00 00 00
69836.1,0x301,8,13 03 00 00 00 00 00 00
69836.4,0x201,8,03 00 00 00 00 00 00 00
69837.0,0x2C1,8,04 00 00 00 00 00 00 00
69852.6,0x381,8,11 00 00 00 00 00 00 00
69856.1,0x2C1,8,50 44 FE 00 50 8E 02 00
69858.5,0x281,6,18 00 FF 1F 00 01
69860.4,0x2B4,6,3A 05 0C 0F FA 00
69861.4,0x201,8,00 32 50 1A 00 E4 FF 00
69862.0,0x224,8,04 08 00 60 E3 00 10 08
69864.3,0x29D,4,00 00 00 20
69876.1,0x2C1,8,21 2B 0D 0A 02 00 00 00
69886.1,0x201,8,59 28 98 00 01 00 00 00
69890.2,0x381,8,B2 00 00 00 00 00 A8 00
69896.1,0x2C1,8,02 19 06 00 00 D0 92 09
69902.5,0x2F1,8,0C 1D 40 D8 00 86 32 34
69911.3,0x201,8,02 00 00 00 00 00 00 00
69916.6,0x2C1,8,B3 1A 98 00 00 00 00 00
69928.2,0x381,8,13 00 00 00 00 04 FC FF
69936.4,0x201,8,03 00 00 00 00 00 00 00
69937.1,0x2C1,8,04 00 00 00 00 00 00 00
69956.2,0x2C1,8,50 48 FE 00 50 8E 02 00
69958.4,0x281,6,17 00 FF 1F 00 01
69960.4,0x224,8,04 08 00 60 E3 00 10 08
69960.6,0x2B4,6,3B 05 0C 0F 02 01
69961.3,0x201,8,00 33 50 19 00 E4 FF 00
69964.5,0x29D,4,00 00 00 20
69966.3,0x381,8,14 00 00 00 00 00 00 00
69976.4,0x2C1,8,21 2B 0D 0A 02 00 00 00
69986.2,0x201,8,59 28 98 00 01 00 00 00
69996.4,0x2C1,8,02 19 06 00 00 D0 92 09
70002.8,0x2F1,8,0D C9 9B 40 21 80 08 00
70004.5,0x381,8,15 00 58 32 50 00 1A 01
70011.3,0x201,8,02 00 00 00 00 00 00 00
70016.2,0x2C1,8,B3 1A 98 00 00 00 00 00
70036.3,0x201,8,03 00 00 00 00 00 00 00
70036.6,0x2C1,8,04 00 00 00 00 00 00 00
70042.2,0x381,8,16 10 00 00 00 7F 00 00
70056.2,0x2C1,8,50 48 FE 00 50 8E 02 00
70058.6,0x281,6,18 00 FF 1F 00 01
70060.4,0x224,8,04 08 00 A0 E3 00 10 08
70060.9,0x2B4,6,3A 05 0F 0F F7 00
70061.3,0x201,8,00 32 4F 1A 00 E4 FF 00
70065.1,0x29D,4,00 00 00 20
70076.4,0x2C1,8,21 2B 0D 0A 02 00 00 00
70080.4,0x381,8,17 00 00 00 00 00 00 00
70086.2,0x201,8,59 28 98 00 01 00 00 00
70096.3,0x2C1,8,02 19 06 00 00 D0 92 09
70102.8,0x2F1,8,0E 00 00 00 00 00 00 00
70111.3,0x201,8,02 00 00 00 00 00 00 00
70116.7,0x2C1,8,B3 1A 98 00 00 00 00 00
70118.9,0x381,8,18 00 00 00 00 00 00 00
70136.4,0x201,8,03 00 00 00 00 00 00 00
70137.1,0x2C1,8,04 00 00 00 00 00 00 00
70157.4,0x2C1,8,50 48 FE 00 50 8E 02 00
70158.5,0x281,6,18 00 FF 1F 00 01
70159.0,0x381,8,19 00 00 00 00 00 00 00
70160.5,0x224,8,04 08 00 60 E3 00 10 08
70160.7,0x2B4,6,38 05 0D 0F F6 00
70161.4,0x201,8,00 32 50 19 00 E4 FF 00
70164.4,0x29D,4,00 00 00 20
70169.4,0x333,5,84 0C 2F 07 00
70176.4,0x2C1,8,21 2B 0D 0A 02 00 00 00
70186.4,0x201,8,59 28 98 00 01 00 00 00
70194.2,0x381,8,80 89 07 40 DE 00 A8 15
70196.2,0x2C1,8,02 19 06 00 00 D0 92 09
70202.5,0x2F1,8,0F 5F 39 96 99 C3 39 00
70211.3,0x201,8,02 00 00 00 00 00 00 00
70216.2,0x2C1,8,B3 1A 98 00 00 00 00 00
70232.3,0x381,8,81 5D 00 0E 95 94 94 40
70236.2,0x321,8,37 DA A8 91 01 8A 00 F9
70236.4,0x201,8,03 00 00 00 00 00 00 00
70237.1,0x2C1,8,04 00 00 00 00 00 00 00
70256.3,0x2C1,8,50 48 FE 00 50 8E 02 00
70258.6,0x281,6,18 00 FF 1F 00 01
70260.2,0x224,8,04 08 00 40 E3 00 10 08
70260.4,0x2B4,6,3A 05 0B 0F F0 00
70261.3,0x201,8,00 32 50 1A 00 E4 FF 00
70265.1,0x29D,4,00 00 00 20
70270.4,0x381,8,22 A0 F8 77 41 20 00 00
70276.2,0x2C1,8,21 2B 0D 0A 02 00 00 00
70286.2,0x201,8,59 28 98 00 01 00 00 00
70296.4,0x2C1,8,02 19 06 00 00 D0 92 09
70302.5,0x2F1,8,10 00 00 D8 13 00 00 00
70308.2,0x381,8,A3 30 3E 00 4C 29 04 00
70311.3,0x201,8,02 00 00 00 00 00 00 00
70316.4,0x2C1,8,B3 1A 98 00 00 00 00 00
70336.2,0x2C1,8,04 00 00 00 00 00 00 00
70336.5,0x201,8,03 00 00 00 00 00 00 00
70346.2,0x381,8,04 00 00 00 00 00 00 00
70356.2,0x2C1,8,50 48 FE 00 50 8E 02 00
70358.6,0x281,6,19 00 FF 1F 00 01
70360.1,0x224,8,04 08 00 40 E3 00 10 08
70360.5,0x2B4,6,3B 05 0D 0F FE 00
70361.5,0x201,8,00 32 51 1A 00 E4 FF 00
70364.5,0x29D,4,00 00 00 20
70376.4,0x2C1,8,21 2B 0D 0A 02 00 00 00
70384.2,0x381,8,05 00 00 00 80 D8 64 08
70386.2,0x201,8,59 38 98 00 01 00 00 00
70396.6,0x2C1,8,02 19 06 00 00 D0 92 09
70402.6,0x2F1,8,11 54 00 4B 00 6E 0C 00
70411.3,0x201,8,02 00 00 00 00 00 00 00
70416.2,0x2C1,8,B3 1A 98 00 00 00 00 00
70422.2,0x381,8,06 00 00 00 00 00 00 00
70436.2,0x2C1,8,04 00 00 00 00 00 00 00
70436.4,0x201,8,03 00 00 00 00 00 00 00
70456.2,0x2C1,8,58 48 FE 00 50 8E 02 00
70458.5,0x281,6,19 00 FF 1F 00 01
70460.1,0x224,8,04 08 00 40 E3 00 10 08
70460.5,0x2B4,6,3A 05 0D 0F 00 01
70460.8,0x381,8,07 00 00 00 00 00 00 00
70461.5,0x201,8,00 33 50 1A 00 E4 FF 00
70465.1,0x29D,4,00 00 00 20
70476.4,0x2C1,8,21 2B 0D 0A 02 00 00 00
70486.2,0x201,8,59 38 98 00 01 00 00 00
70496.2,0x2C1,8,02 19 06 00 00 D0 92 09
70498.2,0x381,8,08 00 00 00 00 00 00 00
70502.6,0x2F1,8,32 11 00 00 00 01 00 00
70511.3,0x201,8,02 00 00 00 00 00 00 00
70516.2,0x2C1,8,B3 1A 98 00 00 00 00 00
70536.4,0x201,8,03 00 00 00 00 00 00 00
70537.1,0x2C1,8,04 00 00 00 00 00 00 00
70537.5,0x381,8,09 00 00 00 00 00 00 00
70556.4,0x2C1,8,58 48 FE 00 50 8E 02 00
70558.4,0x281,6,1A 00 FF 1F 00 01
70560.2,0x224,8,04 08 00 40 E3 00 10 08
70560.4,0x2B4,6,3B 05 0D 0F 00 01
70561.3,0x201,8,00 33 51 1A 00 E4 FF 00
70564.4,0x29D,4,00 00 00 20
70574.4,0x381,8,0A 00 00 00 00 00 00 00
70576.2,0x2C1,8,21 2B 0D 0A 02 00 00 00
70586.2,0x201,8,59 38 98 00 01 00 00 00
70596.2,0x2C1,8,02 19 06 00 00 D0 92 09
70602.6,0x2F1,8,00 11 35 01 43 00 11 00
70611.3,0x201,8,02 00 00 00 00 00 00 00
70612.2,0x381,8,0B 00 00 00 00 00 00 00
70616.2,0x2C1,8,B3 1A 98 00 00 00 00 00
70636.5,0x201,8,03 00 00 00 00 00 00 00
70637.1,0x2C1,8,04 00 00 00 00 00 00 00
70650.2,0x381,8,0C 00 00 00 00 00 00 00
70656.2,0x2C1,8,50 44 FE 00 50 8E 02 00
70658.6,0x281,6,1A 00 FF 1F 00 01
70660.1,0x224,8,04 08 00 60 E3 00 10 08
70660.5,0x2B4,6,3C 05 0E 0F 08 01
70661.5,0x201,8,00 33 4F 19 00 E4 FF 00
70664.4,0x29D,4,00 00 00 20
70670.4,0x333,5,84 0C 2F 07 00
70676.5,0x2C1,8,21 2B 0D 0A 02 00 00 00
70686.2,0x201,8,59 38 98 00 01 00 00 00
70689.2,0x381,8,0D 00 00 00 00 00 00 00
70696.2,0x2C1,8,02 19 06 00 00 D0 92 09
70702.6,0x2F1,8,01 11 37 01 43 80 08 00
70711.3,0x201,8,02 00 00 00 00 00 00 00
70716.7,0x2C1,8,B3 1A 98 00 00 00 00 00
70726.5,0x381,8,0E 00 00 00 00 E0 FF 00
70736.2,0x2C1,8,04 00 00 00 00 00 00 00
70736.5,0x201,8,03 00 00 00 00 00 00 00
70756.2,0x2C1,8,50 44 FE 00 50 8E 02 00
70759.0,0x281,6,1A 00 FF 1F 00 01
70760.6,0x224,8,04 08 00 60 E3 00 10 08
70760.8,0x2B4,6,3C 05 0C 0F FC 00
70761.5,0x201,8,00 32 4F 1A 00 E4 FF 00
70764.6,0x29D,4,00 00 00 20
70765.2,0x381,8,EF FF FF CD 03 00 CF 0C
70776.2,0x2C1,8,21 2B 0D 0A 02 00 00 00
70786.2,0x201,8,59 38 98 00 01 00 00 00
70796.4,0x2C1,8,02 19 06 00 00 D0 92 09
70802.8,0x2F1,8,02 11 3A 81 42 00 00 00
70803.3,0x381,8,10 00 00 00 00 00 00 00
70811.3,0x201,8,02 00 00 00 00 00 00 00
70817.0,0x2C1,8,B3 1A 98 00 00 00 00 00
70836.2,0x301,8,14 05 00 82 0A FC FD 00
70836.5,0x201,8,03 00 00 00 00 00 00 00
70836.9,0x2C1,8,04 00 00 00 00 00 00 00
70840.3,0x381,8,11 00 00 00 00 00 00 00
70856.3,0x2C1,8,50 44 FE 00 50 8E 02 00
70858.6,0x281,6,1A 00 FF 1F 00 01
70860.3,0x224,8,04 08 00 60 E3 00 10 08
70860.8,0x2B4,6,3A 05 0C 0F FC 00
70861.5,0x201,8,00 32 4F 1A 00 E4 FF 00
70864.4,0x29D,4,00 00 00 20
70876.4,0x2C1,8,21 2B 0D 0A 02 00 00 00
70878.6,0x381,8,B2 00 00 00 00 00 A8 00
70886.5,0x201,8,59 38 98 00 01 00 00 00
70896.2,0x2C1,8,02 19 06 00 00 D0 92 09
70902.6,0x2F1,8,03 11 36 81 42 00 01 00
70911.3,0x201,8,02 00 00 00 00 00 00 00
70916.5,0x2C1,8,B3 1A 98 00 00 00 00 00
70916.7,0x381,8,13 00 00 00 00 04 FC FF
70936.5,0x201,8,03 00 00 00 00 00 00 00
70937.1,0x2C1,8,04 00 00 00 00 00 00 00
70954.2,0x381,8,14 00 00 00 00 00 00 00
70956.7,0x2C1,8,50 44 FE 00 50 8E 02 00
70958.6,0x281,6,1A 00 FF 1F 00 01
70960.2,0x224,8,04 08 00 40 E3 00 10 08
70960.4,0x2B4,6,3A 05 0F 0F FA 00
70961.4,0x201,8,00 33 50 1A 00 E4 FF 00
70964.4,0x29D,4,00 00 00 20
70976.2,0x2C1,8,21 2B 0D 0A 02 00 00 00
70986.2,0x201,8,59 38 98 00 01 00 00 00
70992.2,0x381,8,15 00 58 32 50 00 1A 01
70996.2,0x2C1,8,02 19 06 00 00 D0 92 09
71002.8,0x2F1,8,04 10 37 81 2F 00 00 00
71011.3,0x201,8,02 00 00 00 00 00 00 00
71016.4,0x2C1,8,B3 1A 98 00 00 00 00 00
71030.2,0x381,8,16 10 00 00 00 7F 00 00
71036.4,0x201,8,03 00 00 00 00 00 00 00
71037.0,0x2C1,8,04 00 00 00 00 00 00 00
71056.2,0x2C1,8,50 44 FE 00 50 8E 02 00
71058.6,0x281,6,1B 00 FF 1F 00 01
71060.1,0x224,8,04 08 00 60 E3 00 10 08
71060.5,0x2B4,6,3A 05 0D 0F FC 00
71061.3,0x201,8,00 32 4E 19 00 E4 FF 00
71065.1,0x29D,4,00 00 00 20
71068.7,0x381,8,17 00 00 00 00 00 00 00
71076.2,0x2C1,8,21 2B 0D 0A 02 00 00 00
71086.2,0x201,8,59 38 98 00 01 00 00 00
71096.5,0x2C1,8,02 19 06 00 00 D0 92 09
71102.6,0x2F1,8,05 10 36 01 2F 00 01 00
71106.2,0x381,8,18 00 00 00 00 00 00 00
71111.3,0x201,8,02 00 00 00 00 00 00 00
71116.7,0x2C1,8,B3 1A 98 00 00 00 00 00
71136.5,0x201,8,03 00 00 00 00 00 00 00
71137.1,0x2C1,8,04 00 00 00 00 00 00 00
71144.2,0x381,8,19 00 00 00 00 00 00 00
71156.2,0x2C1,8,50 44 FE 00 50 8E 02 00
71158.6,0x281,6,1B 00 FF 1F 00 01
71160.7,0x224,8,04 08 00 20 E3 00 10 08
71160.9,0x2B4,6,39 05 0D 0F FB 00
71161.4,0x201,8,00 31 50 1A 00 E4 FF 00
71164.6,0x29D,4,00 00 00 20
71168.9,0x333,5,84 0C 2F 07 00
71176.2,0x2C1,8,21 2B 0D 0A 02 00 00 00
71182.2,0x381,8,80 89 07 40 DE 00 A8 15
71186.2,0x201,8,59 38 98 00 01 00 00 00
71196.5,0x2C1,8,02 19 06 00 00 D0 92 09
71202.6,0x2F1,8,06 10 33 01 08 00 01 00
71211.3,0x201,8,02 00 00 00 00 00 00 00
71216.4,0x2C1,8,B3 1A 98 00 00 00 00 00
71220.4,0x381,8,81 5D 00 0E 95 94 94 40
71236.2,0x321,8,37 DA A8 91 01 8A 10 09
71236.5,0x201,8,03 00 00 00 00 00 00 00
71236.9,0x2C1,8,04 00 00 00 00 00 00 00
71256.2,0x2C1,8,50 44 FE 00 50 8E 02 00
71258.6,0x281,6,1A 00 FF 1F 00 01
71259.9,0x224,8,04 08 00 A0 E3 00 10 08
71260.1,0x381,8,22 A0 F8 77 41 20 00 00
71260.6,0x2B4,6,39 05 0F 0F F8 00
71261.4,0x201,8,00 32 4F 19 00 E4 FF 00
71265.2,0x29D,4,00 00 00 20
71276.5,0x2C1,8,21 2B 0D 0A 02 00 00 00
71286.2,0x201,8,59 38 98 00 01 00 00 00
71296.2,0x2C1,8,02 19 06 00 00 D0 92 09
71296.5,0x381,8,A3 30 3E 00 4C 29 04 00
71302.6,0x2F1,8,07 00 00 00 00 00 00 00
71311.2,0x201,8,02 00 00 00 00 00 00 00
71316.4,0x2C1,8,B3 1A 98 00 00 00 00 00
71334.5,0x381,8,04 00 00 00 00 00 00 00
71336.3,0x2C1,8,04 00 00 00 00 00 00 00
71336.5,0x201,8,03 00 00 00 00 00 00 00
71356.5,0x2C1,8,50 44 FE 00 50 8E 02 00
71358.5,0x281,6,1A 00 FF 1F 00 01
71360.0,0x224,8,04 08 00 40 E3 00 10 08
71360.4,0x2B4,6,38 05 0D 0F F9 00
71361.4,0x201,8,00 32 50 1A 00 E4 FF 00
71364.4,0x29D,4,00 00 00 20
71372.5,0x381,8,05 00 00 00 00 D9 64 08
71376.4,0x2C1,8,21 2B 0D 0A 02 00 00 00
71386.2,0x201,8,59 38 98 00 01 00 00 00
71396.2,0x2C1,8,02 19 06 00 00 D0 92 09
71402.6,0x2F1,8,08 01 00 00 00 80 02 00
71410.2,0x381,8,06 00 00 00 00 00 00 00
71411.3,0x201,8,02 00 00 00 00 00 00 00
71416.4,0x2C1,8,B3 1A 98 00 00 00 00 00
71436.5,0x201,8,03 00 00 00 00 00 00 00
71436.9,0x2C1,8,04 00 00 00 00 00 00 00
71448.3,0x381,8,07 00 00 00 00 00 00 00
71456.2,0x2C1,8,50 44 FE 00 50 8E 02 00
71458.6,0x281,6,1A 00 FF 1F 00 01
71460.0,0x224,8,04 08 00 60 E3 00 10 08
71460.5,0x2B4,6,39 05 0D 0F FC 00
71461.3,0x201,8,00 32 4F 1A 00 E4 FF 00
71465.6,0x29D,4,00 00 00 20
71476.3,0x2C1,8,21 2B 0D 0A 02 00 00 00
71486.2,0x201,8,59 38 98 00 01 00 00 00
71486.5,0x381,8,08 00 00 00 00 00 00 00
71496.3,0x2C1,8,02 19 06 00 00 D0 92 09
71503.2,0x2F1,8,09 01 00 00 00 60 03 00
71511.3,0x201,8,02 00 00 00 00 00 00 00
71516.7,0x2C1,8,B3 1A 98 00 00 00 00 00
71524.4,0x381,8,09 00 00 00 00 00 00 00
71536.5,0x201,8,03 00 00 00 00 00 00 00
71537.1,0x2C1,8,04 00 00 00 00 00 00 00
71556.3,0x2C1,8,50 44 FE 00 50 8E 02 00
71558.6,0x281,6,1B 00 FF 1F 00 01
71560.0,0x224,8,04 08 00 40 E3 00 10 08
71560.4,0x2B4,6,39 05 0D 0F FB 00
71561.3,0x201,8,00 32 50 19 00 E4 FF 00
71562.3,0x381,8,0A 00 00 00 00 00 00 00
71564.7,0x29D,4,00 00 00 20
71576.3,0x2C1,8,21 2B 0D 0A 02 00 00 00
71586.5,0x201,8,59 38 98 00 01 00 00 00
71596.5,0x2C1,8,02 19 06 00 00 D0 92 09
71600.5,0x381,8,0B 00 00 00 00 00 00 00
71602.6,0x2F1,8,0A 85 01 00 00 00 00 00
71611.3,0x201,8,02 00 00 00 00 00 00 00
71616.2,0x2C1,8,B3 1A 98 00 00 00 00 00
71636.5,0x201,8,03 00 00 00 00 00 00 00
71636.9,0x2C1,8,04 00 00 00 00 00 00 00
71638.3,0x381,8,0C 00 00 00 00 00 00 00
71656.5,0x2C1,8,50 44 FE 00 50 8E 02 00
71658.6,0x281,6,1B 00 FF 1F 00 01
71659.9,0x224,8,04 08 00 60 E3 00 10 08
71660.6,0x2B4,6,3C 05 0C 0F FB 00
71661.3,0x201,8,00 32 50 1A 00 E4 FF 00
71664.5,0x29D,4,00 00 00 20
71670.5,0x333,5,84 0C 2F 07 00
71676.5,0x2C1,8,21 2B 0D 0A 02 00 00 00
71676.8,0x381,8,0D 00 00 00 00 00 00 00
71686.5,0x201,8,59 38 98 00 01 00 00 00
71696.3,0x2C1,8,02 19 06 00 00 D0 92 09
71702.7,0x2F1,8,2B 76 00 00 00 00 00 00
71711.3,0x201,8,02 00 00 00 00 00 00 00
71714.3,0x381,8,0E 00 00 00 00 E0 FF 00
71716.4,0x2C1,8,B3 1A 98 00 00 00 00 00
71736.3,0x2C1,8,04 00 00 00 00 00 00 00
71736.5,0x201,8,03 00 00 00 00 00 00 00
71752.3,0x381,8,EF FF FF CD 03 00 CF 0C
71756.5,0x2C1,8,50 48 FE 00 50 8E 02 00
71759.0,0x281,6,1B 00 FF 1F 00 01
71760.8,0x224,8,04 08 00 60 E3 00 10 08
71761.0,0x2B4,6,3A 05 0E 0F FF 00
71761.4,0x201,8,00 31 50 1A 00 E4 FF 00
71764.6,0x29D,4,00 00 00 20
71776.3,0x2C1,8,21 2B 0D 0A 02 00 00 00
71786.3,0x201,8,59 38 98 00 01 00 00 00
71790.3,0x381,8,10 00 00 00 00 00 00 00
71796.5,0x2C1,8,02 19 06 00 00 D0 92 09
71802.6,0x2F1,8,0C 0D 40 D8 00 86 32 34
71811.5,0x201,8,02 00 00 00 00 00 00 00
71816.4,0x2C1,8,B3 1A 98 00 00 00 00 00
71828.6,0x381,8,11 00 00 00 00 00 00 00
71836.3,0x301,8,10 00 00 00 07 33 36 73
71836.5,0x201,8,03 00 00 00 00 00 00 00
71837.2,0x2C1,8,04 00 00 00 00 00 00 00
71856.3,0x2C1,8,50 48 FE 00 50 8E 02 00
71858.6,0x281,6,1B 00 FF 1F 00 01
71860.5,0x2B4,6,3B 05 0D 0F F1 00
71861.5,0x201,8,00 33 4F 19 00 E4 FF 00
71862.1,0x224,8,04 08 00 60 E3 00 10 08
71864.5,0x29D,4,00 00 00 20
71866.8,0x381,8,B2 00 00 00 00 00 A8 00
71876.3,0x2C1,8,21 2B 0D 0A 02 00 00 00
71886.3,0x201,8,59 38 98 00 01 00 00 00
71896.3,0x2C1,8,02 19 06 00 00 D0 92 09
71902.6,0x2F1,8,0D 09 9C 40 21 C0 05 00
71904.3,0x381,8,13 00 00 00 00 04 FC FF
71911.3,0x201,8,02 00 00 00 00 00 00 00
71916.6,0x2C1,8,B3 1A 98 00 00 00 00 00
71936.6,0x201,8,03 00 00 00 00 00 00 00
71937.2,0x2C1,8,04 00 00 00 00 00 00 00
71942.3,0x381,8,14 00 00 00 00 00 00 00
71956.3,0x2C1,8,50 48 FE 00 50 8E 02 00
71958.5,0x281,6,1B 00 FF 1F 00 01
71960.3,0x224,8,04 08 00 60 E3 00 10 08
71960.5,0x2B4,6,3A 05 0D 0F F6 00
71961.3,0x201,8,00 32 50 1A 00 E4 FF 00
71964.7,0x29D,4,00 00 00 20
71976.3,0x2C1,8,21 2B 0D 0A 02 00 00 00
71980.8,0x381,8,15 00 58 32 50 00 1A 01
71986.3,0x201,8,59 38 98 00 01 00 00 00
71996.5,0x2C1,8,02 19 06 00 00 D0 92 09
72002.4,0x2F1,8,0E 00 00 00 00 00 00 00
72011.5,0x201,8,02 00 00 00 00 00 00 00
72016.4,0x2C1,8,B3 1A 98 00 00 00 00 00
72018.8,0x381,8,16 10 00 00 00 7F 00 00
72036.5,0x201,8,03 00 00 00 00 00 00 00
72036.9,0x2C1,8,04 00 00 00 00 00 00 00
72056.3,0x2C1,8,50 48 FE 00 50 8E 02 00
72056.6,0x381,8,17 00 00 00 00 00 00 00
72058.6,0x281,6,1B 00 FF 1F 00 01
72059.9,0x224,8,04 08 00 40 E3 00 10 08
72060.6,0x2B4,6,38 05 0E 0F FF 00
72061.5,0x201,8,00 32 50 1A 00 E4 FF 00
72065.2,0x29D,4,00 00 00 20
72076.6,0x2C1,8,21 2B 0D 0A 02 00 00 00
72086.3,0x201,8,59 38 98 00 01 00 00 00
72094.4,0x381,8,18 00 00 00 00 00 00 00
72096.3,0x2C1,8,02 19 06 00 00 D0 92 09
72102.6,0x2F1,8,0F 5D 59 96 99 B3 39 00
72111.5,0x201,8,02 00 00 00 00 00 00 00
72116.4,0x2C1,8,B3 1A 98 00 00 00 00 00
72132.7,0x381,8,19 00 00 00 00 00 00 00
72136.6,0x201,8,03 00 00 00 00 00 00 00
72137.2,0x2C1,8,04 00 00 00 00 00 00 00
72156.5,0x2C1,8,50 48 FE 00 50 8E 02 00
72158.8,0x281,6,1B 00 FF 1F 00 01
72159.9,0x224,8,04 08 00 40 E3 00 10 08
72160.2,0x2B4,6,39 05 0D 0F F8 00
72161.4,0x201,8,00 32 50 1A 00 E4 FF 00
72164.5,0x29D,4,00 00 00 20
72169.7,0x333,5,84 0C 2F 07 00
72170.4,0x381,8,80 89 07 40 DE 00 A8 15
72176.3,0x2C1,8,21 2B 0D 0A 02 00 00 00
72186.3,0x201,8,59 38 98 00 01 00 00 00
72196.3,0x2C1,8,02 19 06 00 00 D0 92 09
72202.9,0x2F1,8,10 00 00 D6 13 00 00 00
72208.4,0x381,8,81 5D 00 0E 97 94 94 40
72211.5,0x201,8,02 00 00 00 00 00 00 00
72216.6,0x2C1,8,B3 1A 98 00 00 00 00 00
72236.3,0x321,8,37 DE A8 91 01 8A 20 1D
72236.6,0x201,8,03 00 00 00 00 00 00 00
72237.2,0x2C1,8,04 00 00 00 00 00 00 00
72246.3,0x381,8,22 A0 F8 77 41 20 00 00
72256.3,0x2C1,8,50 48 FE 00 50 8E 02 00
72258.7,0x281,6,1B 00 FF 1F 00 01
72260.2,0x224,8,04 08 00 40 E3 00 10 08
72260.6,0x2B4,6,3A 05 0D 0F 00 01
72261.4,0x201,8,00 32 50 1A 00 E4 FF 00
72265.2,0x29D,4,00 00 00 20
72276.3,0x2C1,8,21 2B 0D 0A 02 00 00 00
72284.6,0x381,8,A3 30 3E 00 4C 29 04 00
72286.6,0x201,8,59 38 98 00 01 00 00 00
72296.3,0x2C1,8,02 19 06 00 00 D0 92 09
72302.7,0x2F1,8,11 54 00 4B 00 6F 0C 00
72311.5,0x201,8,02 00 00 00 00 00 00 00
72316.6,0x2C1,8,B3 1A 98 00 00 00 00 00
72322.3,0x381,8,04 00 00 00 00 00 00 00
72336.3,0x2C1,8,04 00 00 00 00 00 00 00
72336.6,0x201,8,03 00 00 00 00 00 00 00
72356.6,0x2C1,8,50 48 FE 00 50 8E 02 00
72358.6,0x281,6,1B 00 FF 1F 00 01
72360.1,0x224,8,04 08 00 40 E3 00 10 08
72360.5,0x2B4,6,39 05 0F 0F 00 01
72361.0,0x381,8,05 00 00 00 80 D9 64 08
72361.5,0x201,8,00 33 51 1A 00 E4 FF 00
72364.7,0x29D,4,00 00 00 20
72376.3,0x2C1,8,21 2B 0D 0A 02 00 00 00
72386.3,0x201,8,59 38 98 00 01 00 00 00
72396.5,0x2C1,8,02 19 06 00 00 D0 92 09
72398.8,0x381,8,06 00 00 00 00 00 00 00
72402.7,0x2F1,8,32 15 00 00 00 01 00 00
72411.5,0x201,8,02 00 00 00 00 00 00 00
72416.4,0x2C1,8,B3 1A 98 00 00 00 00 00
72436.3,0x2C1,8,04 00 00 00 00 00 00 00
72436.6,0x201,8,03 00 00 00 00 00 00 00
72437.0,0x381,8,07 00 00 00 00 00 00 00
72456.3,0x2C1,8,50 48 FE 00 50 8E 02 00
72458.7,0x281,6,1A 00 FF 1F 00 01
72459.9,0x224,8,04 08 00 60 E3 00 10 08
72460.6,0x2B4,6,39 05 0D 0F FD 00
72461.5,0x201,8,00 32 50 19 00 E4 FF 00
72465.7,0x29D,4,00 00 00 20
72474.5,0x381,8,08 00 00 00 00 00 00 00
72477.1,0x2C1,8,21 2B 0D 0A 02 00 00 00
72486.3,0x201,8,59 28 98 00 01 00 00 00
72496.6,0x2C1,8,02 19 06 00 00 D0 92 09
72502.7,0x2F1,8,00 11 35 01 43 00 11 00
72511.5,0x201,8,02 00 00 00 00 00 00 00
72512.3,0x381,8,09 00 00 00 00 00 00 00
72516.4,0x2C1,8,B3 1A 98 00 00 00 00 00
72536.5,0x201,8,03 00 00 00 00 00 00 00
72537.2,0x2C1,8,04 00 00 00 00 00 00 00
72550.3,0x381,8,0A 00 00 00 00 00 00 00
72556.5,0x2C1,8,50 48 FE 00 50 8E 02 00
72558.8,0x281,6,19 00 FF 1F 00 01
72560.0,0x224,8,04 08 00 80 E3 00 10 08
72560.3,0x2B4,6,3A 05 0D 0F F7 00
72561.5,0x201,8,00 32 51 1A 00 E4 FF 00
72564.5,0x29D,4,00 00 00 20
72576.3,0x2C1,8,21 2B 0D 0A 02 00 00 00
72586.3,0x201,8,59 28 98 00 01 00 00 00
72589.3,0x381,8,0B 00 00 00 00 00 00 00
72596.4,0x2C1,8,02 19 06 00 00 D0 92 09
72602.7,0x2F1,8,01 91 37 01 43 00 0A 00
72611.5,0x201,8,02 00 00 00 00 00 00 00
72616.4,0x2C1,8,B3 1A 98 00 00 00 00 00
72626.4,0x381,8,0C 00 00 00 00 00 00 00
72636.6,0x201,8,03 00 00 00 00 00 00 00
72637.2,0x2C1,8,04 00 00 00 00 00 00 00
72656.3,0x2C1,8,50 48 FE 00 50 8E 02 00
72658.7,0x281,6,19 00 FF 1F 00 01
72660.0,0x224,8,04 08 00 40 E3 00 10 08
72660.2,0x2B4,6,3A 05 0D 0F 03 01
72661.4,0x201,8,00 31 50 1A 00 E4 FF 00
72664.8,0x29D,4,00 00 00 20
72665.4,0x381,8,0D 00 00 00 00 00 00 00
72670.8,0x333,5,84 0C 2F 07 00
72676.8,0x2C1,8,21 2B 0D 0A 02 00 00 00
72686.3,0x201,8,59 38 98 00 01 00 00 00
72696.3,0x2C1,8,02 19 06 00 00 D0 92 09
72702.7,0x2F1,8,02 91 3A 81 42 00 00 00
72702.9,0x381,8,0E 00 00 00 00 E0 FF 00
72711.5,0x201,8,02 00 00 00 00 00 00 00
72716.6,0x2C1,8,B3 1A 98 00 00 00 00 00
72736.4,0x2C1,8,04 00 00 00 00 00 00 00
72736.7,0x201,8,03 00 00 00 00 00 00 00
72740.4,0x381,8,EF FF FF CD 03 00 CF 0C
72756.4,0x2C1,8,50 44 FE 00 50 8E 02 00
72759.1,0x281,6,19 00 FF 1F 00 01
72760.9,0x224,8,04 08 00 20 E3 00 10 08
72761.4,0x201,8,00 32 51 1A 00 E4 FF 00
72761.6,0x2B4,6,39 05 0F 0F F6 00
72764.8,0x29D,4,00 00 00 20
72776.8,0x2C1,8,21 2B 0D 0A 02 00 00 00
72778.4,0x381,8,10 00 00 00 00 00 00 00
72786.4,0x201,8,59 38 98 00 01 00 00 00
72796.6,0x2C1,8,02 19 06 00 00 D0 92 09
72802.7,0x2F1,8,03 11 36 81 42 00 01 00
72811.5,0x201,8,02 00 00 00 00 00 00 00
72816.4,0x2C1,8,B3 1A 98 00 00 00 00 00
72816.6,0x381,8,11 00 00 00 00 00 00 00
72836.4,0x301,8,17 00 00 00 07 33 36 73
72836.6,0x201,8,03 00 00 00 00 00 00 00
72837.0,0x2C1,8,04 00 00 00 00 00 00 00
72854.4,0x381,8,B2 00 00 00 00 00 A8 00
72856.4,0x2C1,8,50 44 FE 00 50 8E 02 00
72858.6,0x281,6,1A 00 FF 1F 00 01
72860.1,0x2B4,6,3B 05 0E 0F 03 01
72861.5,0x201,8,00 31 4F 1A 00 E4 FF 00
72863.1,0x224,8,04 08 00 60 E3 00 10 08
72864.8,0x29D,4,00 00 00 20
72877.1,0x2C1,8,21 2B 0D 0A 02 00 00 00
72886.4,0x201,8,59 38 98 00 01 00 00 00
72892.6,0x381,8,13 00 00 00 00 03 FC FF
72896.4,0x2C1,8,02 19 06 00 00 D0 92 09
72902.9,0x2F1,8,04 10 37 81 2F 00 01 00
72911.5,0x201,8,02 00 00 00 00 00 00 00
72916.6,0x2C1,8,B3 1A 98 00 00 00 00 00
72930.6,0x381,8,14 00 00 00 00 00 00 00
72936.7,0x201,8,03 00 00 00 00 00 00 00
72937.3,0x2C1,8,04 00 00 00 00 00 00 00
72956.8,0x2C1,8,50 44 FE 00 50 8E 02 00
72958.8,0x281,6,1A 00 FF 1F 00 01
72960.1,0x224,8,04 08 00 40 E3 00 10 08
72960.3,0x2B4,6,37 05 0F 0F 00 01
72961.4,0x201,8,00 31 50 19 00 E4 FF 00
72964.8,0x29D,4,00 00 00 20
72968.7,0x381,8,15 00 58 32 50 00 1A 01
72976.8,0x2C1,8,21 2B 0D 0A 02 00 00 00
72986.6,0x201,8,59 38 98 00 01 00 00 00
72996.4,0x2C1,8,02 19 06 00 00 D0 92 09
73003.0,0x2F1,8,05 10 36 01 2F 00 01 00
73006.6,0x381,8,16 10 00 00 00 7F 00 00
73011.5,0x201,8,02 00 00 00 00 00 00 00
73016.4,0x2C1,8,B3 1A 98 00 00 00 00 00
73036.5,0x201,8,03 00 00 00 00 00 00 00
73037.2,0x2C1,8,04 00 00 00 00 00 00 00
73044.4,0x381,8,17 00 00 00 00 00 00 00
73056.6,0x2C1,8,50 44 FE 00 50 8E 02 00
73058.7,0x281,6,1A 00 FF 1F 00 01
73060.1,0x224,8,04 08 00 60 E3 00 10 08
73060.5,0x2B4,6,3A 05 0D 0F FB 00
73061.5,0x201,8,00 32 4F 19 00 E4 FF 00
73065.8,0x29D,4,00 00 00 20
73076.7,0x2C1,8,21 2B 0D 0A 02 00 00 00
73082.4,0x381,8,18 00 00 00 00 00 00 00
73086.4,0x201,8,59 38 98 00 01 00 00 00
73096.4,0x2C1,8,02 19 06 00 00 D0 92 09
73102.7,0x2F1,8,06 90 32 01 08 00 01 00
73111.6,0x201,8,02 00 00 00 00 00 00 00
73116.9,0x2C1,8,B3 1A 98 00 00 00 00 00
73120.4,0x381,8,19 00 00 00 00 00 00 00
73136.7,0x201,8,03 00 00 00 00 00 00 00
73137.3,0x2C1,8,04 00 00 00 00 00 00 00
73156.4,0x2C1,8,50 44 FE 00 50 8E 02 00
73158.7,0x281,6,1B 00 FF 1F 00 01
73160.0,0x381,8,80 89 07 40 DE 00 A8 15
73160.3,0x224,8,04 08 00 A0 E3 00 10 08
73160.5,0x2B4,6,3D 05 0D 0F FC 00
73161.4,0x201,8,00 32 4F 1A 00 E4 FF 00
73164.9,0x29D,4,00 00 00 20
73168.8,0x333,5,84 0C 2F 07 00
73176.6,0x2C1,8,21 2B 0D 0A 02 00 00 00
73186.4,0x201,8,59 38 98 00 01 00 00 00
73196.8,0x2C1,8,02 19 06 00 00 D0 92 09
73197.4,0x381,8,81 5D 00 0E 95 94 94 40
73202.7,0x2F1,8,07 00 00 00 00 00 00 00
73211.6,0x201,8,02 00 00 00 00 00 00 00
73216.6,0x2C1,8,B3 1A 98 00 00 00 00 00
73217.2,0x333,5,84 0B 2F 07 00
73234.7,0x381,8,22 A0 F8 77 41 20 00 00
73236.4,0x321,8,37 DE A8 91 01 8A 30 2D
73236.7,0x201,8,03 00 00 00 00 00 00 00
73237.1,0x2C1,8,04 00 00 00 00 00 00 00
73256.5,0x2C1,8,50 44 FE 00 50 8E 02 00
73258.8,0x281,6,1B 00 FF 1F 00 01
73259.9,0x224,8,04 08 00 80 E3 00 10 08
73260.3,0x2B4,6,3A 05 0D 0F FC 00
73261.4,0x201,8,00 31 4F 1A 00 E4 FF 00
73265.3,0x29D,4,00 00 00 20
73272.4,0x381,8,A3 30 3E 00 4C 29 04 00
73276.9,0x2C1,8,21 2B 0D 0A 02 00 00 00
73286.4,0x201,8,59 38 98 00 01 00 00 00
73296.4,0x2C1,8,02 19 06 00 00 D0 92 09
73302.8,0x2F1,8,08 01 00 00 00 28 04 00
73310.4,0x381,8,04 00 00 00 00 00 00 00
73311.5,0x201,8,02 00 00 00 00 00 00 00
73316.4,0x2C1,8,B3 1A 98 00 00 00 00 00
73336.7,0x201,8,03 00 00 00 00 00 00 00
73337.3,0x2C1,8,04 00 00 00 00 00 00 00
73348.5,0x381,8,05 00 00 00 00 D9 64 08
73356.6,0x2C1,8,50 44 FE 00 50 8E 02 00
73358.7,0x281,6,1B 00 FF 1F 00 01
73360.1,0x224,8,04 08 00 40 E3 00 10 08
73360.2,0x2B4,6,3A 05 0C 0F 01 01
73361.6,0x201,8,00 33 50 1A 00 E4 FF 00
73364.7,0x29D,4,00 00 00 20
73376.4,0x2C1,8,21 2B 0D 0A 02 00 00 00
73386.4,0x201,8,59 38 98 00 01 00 00 00
73386.7,0x381,8,06 00 00 00 00 00 00 00
73396.4,0x2C1,8,02 19 06 00 00 D0 92 09
73402.8,0x2F1,8,09 01 00 00 00 30 02 00
73411.6,0x201,8,02 00 00 00 00 00 00 00
73416.6,0x2C1,8,B3 1A 98 00 00 00 00 00
73424.5,0x381,8,07 00 00 00 00 00 00 00
73436.7,0x201,8,03 00 00 00 00 00 00 00
73437.1,0x2C1,8,04 00 00 00 00 00 00 00
73456.4,0x2C1,8,50 44 FE 00 50 8E 02 00
73458.8,0x281,6,1C 00 FF 1F 00 01
73460.0,0x224,8,04 08 00 80 E3 00 10 08
73460.5,0x2B4,6,3A 05 0B 0F FB 00
73461.6,0x201,8,00 32 50 1A 00 E4 FF 00
73462.7,0x381,8,08 00 00 00 00 00 00 00
73465.8,0x29D,4,00 00 00 20
73476.7,0x2C1,8,21 2B 0D 0A 02 00 00 00
73486.4,0x201,8,59 38 98 00 01 00 00 00
73496.4,0x2C1,8,02 19 06 00 00 D0 92 09
73500.7,0x381,8,09 00 00 00 00 00 00 00
73502.7,0x2F1,8,0A 85 01 00 00 00 00 00
73511.6,0x201,8,02 00 00 00 00 00 00 00
73516.7,0x2C1,8,B3 1A 98 00 00 00 00 00
73536.6,0x201,8,03 00 00 00 00 00 00 00
73537.3,0x2C1,8,04 00 00 00 00 00 00 00
73538.4,0x381,8,0A 00 00 00 00 00 00 00
73556.4,0x2C1,8,50 44 FE 00 50 8E 02 00
73558.8,0x281,6,1C 00 FF 1F 00 01
73559.9,0x224,8,04 08 00 80 E3 00 10 08
73560.1,0x2B4,6,3A 05 0D 0F 03 01
73561.6,0x201,8,00 33 50 1A 00 E4 FF 00
73564.7,0x29D,4,00 00 00 20
73576.5,0x2C1,8,21 2B 0D 0A 02 00 00 00
73576.7,0x381,8,0B 00 00 00 00 00 00 00
73586.4,0x201,8,59 38 98 00 01 00 00 00
73596.7,0x2C1,8,02 19 06 00 00 D0 92 09
73603.0,0x2F1,8,2B 84 00 00 00 00 00 00
73611.5,0x201,8,02 00 00 00 00 00 00 00
73614.5,0x381,8,0C 00 00 00 00 00 00 00
73616.7,0x2C1,8,B3 1A 98 00 00 00 00 00
73636.7,0x201,8,03 00 00 00 00 00 00 00
73637.1,0x2C1,8,04 00 00 00 00 00 00 00
73652.5,0x381,8,0D 00 00 00 00 00 00 00
73656.4,0x2C1,8,50 44 FE 00 50 8E 02 00
73659.0,0x281,6,1C 00 FF 1F 00 01
73659.9,0x224,8,04 08 00 60 E3 00 10 08
73660.1,0x2B4,6,3A 05 0C 0F F7 00
73661.5,0x201,8,00 32 4F 19 00 E4 FF 00
73664.8,0x29D,4,00 00 00 20
73669.5,0x333,5,84 0B 2F 07 00
73676.7,0x2C1,8,21 2B 0D 0A 02 00 00 00
73686.6,0x201,8,59 38 98 00 01 00 00 00
73690.6,0x381,8,0E 00 00 00 00 E0 FF 00
73696.5,0x2C1,8,02 19 06 00 00 D0 92 09
73703.0,0x2F1,8,0C 1D 50 18 01 86 32 34
73711.6,0x201,8,02 00 00 00 00 00 00 00
73716.5,0x2C1,8,B3 1A 98 00 00 00 00 00
73728.7,0x381,8,EF FF FF CD 03 00 CF 0C
73736.4,0x2C1,8,04 00 00 00 00 00 00 00
73736.7,0x201,8,03 00 00 00 00 00 00 00
73756.9,0x2C1,8,50 48 FE 00 50 8E 02 00
73759.7,0x281,6,1C 00 FF 1F 00 01
73760.3,0x2B4,6,38 05 0D 0F F2 00
73760.9,0x224,8,04 08 00 A0 E3 00 10 08
73761.6,0x201,8,00 31 4F 1A 00 E4 FF 00
73764.6,0x29D,4,00 00 00 20
73766.7,0x381,8,10 00 00 00 00 00 00 00
73776.5,0x2C1,8,21 2B 0D 0A 02 00 00 00
73786.5,0x201,8,59 38 98 00 01 00 00 00
73796.5,0x2C1,8,02 19 06 00 00 D0 92 09
73802.9,0x2F1,8,0D C9 9B 40 21 00 07 00
73804.7,0x381,8,11 00 00 00 00 00 00 00
73811.6,0x201,8,02 00 00 00 00 00 00 00
73816.4,0x2C1,8,B3 1A 98 00 00 00 00 00
73836.5,0x301,8,18 00 00 00 FF FF FF FF
73836.7,0x201,8,03 00 00 00 00 00 00 00
73837.4,0x2C1,8,04 00 00 00 00 00 00 00
73842.5,0x381,8,B2 00 00 00 00 00 A8 00
73856.5,0x2C1,8,50 48 FE 00 50 8E 02 00
73859.0,0x281,6,1B 00 FF 1F 00 01
73860.5,0x2B4,6,3A 05 0C 0F F5 00
73861.6,0x201,8,00 31 50 1A 00 E4 FF 00
73862.8,0x224,8,04 08 00 A0 E3 00 10 08
73864.9,0x29D,4,00 00 00 20
73876.5,0x2C1,8,21 2B 0D 0A 02 00 00 00
73880.7,0x381,8,13 00 00 00 00 04 FC FF
73886.5,0x201,8,59 38 98 00 01 00 00 00
73896.7,0x2C1,8,02 19 06 00 00 D0 92 09
73903.0,0x2F1,8,0E 00 00 00 00 00 00 00
73911.6,0x201,8,02 00 00 00 00 00 00 00
73916.7,0x2C1,8,B3 1A 98 00 00 00 00 00
73919.0,0x381,8,14 00 00 00 00 00 00 00
73936.7,0x201,8,03 00 00 00 00 00 00 00
73937.4,0x2C1,8,04 00 00 00 00 00 00 00
73956.5,0x2C1,8,50 48 FE 00 50 8E 02 00
73956.7,0x381,8,15 20 58 32 50 00 1A 01
73958.7,0x281,6,1B 00 FF 1F 00 01
73960.1,0x224,8,04 08 00 80 E3 00 10 08
73960.4,0x2B4,6,39 05 0E 0F FA 00
73961.6,0x201,8,00 31 50 1A 00 E4 FF 00
73964.9,0x29D,4,00 00 00 20
73976.7,0x2C1,8,21 2B 0D 0A 02 00 00 00
73986.5,0x201,8,59 38 98 00 01 00 00 00
73994.8,0x381,8,16 10 00 00 00 7F 00 00
73996.7,0x2C1,8,02 19 06 00 00 D0 92 09
74002.7,0x2F1,8,0F 5E A9 96 99 B3 39 00
74011.6,0x201,8,02 00 00 00 00 00 00 00
74016.5,0x2C1,8,B3 1A 98 00 00 00 00 00
74032.6,0x381,8,17 00 00 00 00 00 00 00
74036.6,0x201,8,03 00 00 00 00 00 00 00
74037.0,0x2C1,8,04 00 00 00 00 00 00 00
74056.5,0x2C1,8,50 48 FE 00 50 8E 02 00
74059.0,0x281,6,1A 00 FF 1F 00 01
74060.1,0x224,8,04 08 00 60 E3 00 10 08
74060.3,0x2B4,6,38 05 0E 0F FA 00
74061.6,0x201,8,00 32 50 1A 00 E4 FF 00
74065.3,0x29D,4,00 00 00 20
74070.5,0x381,8,18 00 00 00 00 00 00 00
74076.8,0x2C1,8,21 2B 0D 0A 02 00 00 00
74086.5,0x201,8,59 28 98 00 01 00 00 00
74096.5,0x2C1,8,02 19 06 00 00 D0 92 09
74102.8,0x2F1,8,10 00 00 CC 13 00 00 00
74109.0,0x381,8,19 00 00 00 00 00 00 00
74111.5,0x201,8,02 00 00 00 00 00 00 00
74116.5,0x2C1,8,B3 1A 98 00 00 00 00 00
74136.7,0x201,8,03 00 00 00 00 00 00 00
74137.4,0x2C1,8,04 00 00 00 00 00 00 00
74146.5,0x381,8,80 89 07 40 DE 00 A8 15
74156.7,0x2C1,8,50 48 FE 00 50 8E 02 00
74158.7,0x281,6,19 00 FF 1F 00 01
74160.2,0x224,8,04 08 00 80 E3 00 10 08
74160.7,0x2B4,6,3A 05 0D 0F FC 00
74161.7,0x201,8,00 31 51 1A 00 E4 FF 00
74164.7,0x29D,4,00 00 00 20
74168.9,0x333,5,84 0B 2F 07 00
74176.7,0x2C1,8,21 2B 0D 0A 02 00 00 00
74184.5,0x381,8,81 5D 00 0E 97 94 94 40
74186.5,0x201,8,59 28 98 00 01 00 00 00
74196.5,0x2C1,8,02 19 06 00 00 D0 92 09
74202.8,0x2F1,8,11 54 00 4B 00 70 0C 00
74211.6,0x201,8,02 00 00 00 00 00 00 00
74216.5,0x2C1,8,B3 1A 98 00 00 00 00 00
74222.5,0x381,8,22 A0 F8 77 41 20 00 00
74236.6,0x201,8,03 00 00 00 00 00 00 00
74237.2,0x2C1,8,04 00 00 00 00 00 00 00
74237.4,0x321,8,37 DE A8 91 01 8A 40 3D
74256.5,0x2C1,8,50 48 FE 00 50 8E 02 00
74259.1,0x281,6,18 00 FF 1F 00 01
74260.1,0x224,8,04 08 00 80 E3 00 10 08
74260.5,0x2B4,6,38 05 0D 0F 01 01
74261.0,0x381,8,A3 30 3E 00 4C 29 04 00
74261.5,0x201,8,00 30 4F 19 00 E4 FF 00
74266.0,0x29D,4,00 00 00 20
74276.5,0x2C1,8,21 2B 0D 0A 02 00 00 00
74286.5,0x201,8,59 28 98 00 01 00 00 00
74296.5,0x2C1,8,02 19 06 00 00 D0 92 09
74298.5,0x381,8,04 00 00 00 00 00 00 00
74303.1,0x2F1,8,32 15 00 00 00 01 00 00
74311.6,0x201,8,02 00 00 00 00 00 00 00
74317.0,0x2C1,8,B3 1A 98 00 00 00 00 00
74336.5,0x2C1,8,04 00 00 00 00 00 00 00
74336.8,0x201,8,03 00 00 00 00 00 00 00
74337.4,0x381,8,05 00 00 00 00 D9 64 08
74356.5,0x2C1,8,50 48 FE 00 50 8E 02 00
74358.7,0x281,6,16 00 FF 1F 00 01
74360.1,0x224,8,04 08 00 A0 E3 00 10 08
74360.4,0x2B4,6,3B 05 0E 0F F5 00
74361.6,0x201,8,00 32 50 1A 00 E4 FF 00
74364.9,0x29D,4,00 00 00 20
74374.7,0x381,8,06 00 00 00 00 00 00 00
74376.5,0x2C1,8,21 2B 0D 0A 02 00 00 00
74386.7,0x201,8,59 28 98 00 01 00 00 00
74396.7,0x2C1,8,02 19 06 00 00 D0 92 09
74402.8,0x2F1,8,00 11 34 01 43 00 10 00
74411.6,0x201,8,02 00 00 00 00 00 00 00
74412.8,0x381,8,07 00 00 00 00 00 00 00
74416.5,0x2C1,8,B3 1A 98 00 00 00 00 00
74436.5,0x2C1,8,04 00 00 00 00 00 00 00
74436.8,0x201,8,03 00 00 00 00 00 00 00
74450.5,0x381,8,08 00 00 00 00 00 00 00
74456.7,0x2C1,8,50 48 FE 00 50 8E 02 00
74458.8,0x281,6,17 00 FF 1F 00 01
74460.9,0x224,8,04 08 00 A0 E3 00 10 08
74461.3,0x2B4,6,39 05 0D 0F FF 00
74461.6,0x201,8,00 32 50 1A 00 E4 FF 00
74466.0,0x29D,4,00 00 00 20
74476.7,0x2C1,8,21 2B 0D 0A 02 00 00 00
74486.5,0x201,8,59 28 98 00 01 00 00 00
74489.2,0x381,8,09 00 00 00 00 00 00 00
74496.5,0x2C1,8,02 19 06 00 00 D0 92 09
74502.8,0x2F1,8,01 11 37 01 43 00 0A 00
74511.7,0x201,8,02 00 00 00 00 00 00 00
74516.5,0x2C1,8,B3 1A 98 00 00 00 00 00
74526.8,0x381,8,0A 00 00 00 00 00 00 00
74536.7,0x201,8,03 00 00 00 00 00 00 00
74537.4,0x2C1,8,04 00 00 00 00 00 00 00
74556.8,0x2C1,8,50 48 FE 00 50 8E 02 00
74558.8,0x281,6,18 00 FF 1F 00 01
74560.1,0x224,8,04 08 00 A0 E3 00 10 08
74560.3,0x2B4,6,38 05 0D 0F F6 00
74561.7,0x201,8,00 32 51 1A 00 E4 FF 00
74564.7,0x29D,4,00 00 00 20
74565.1,0x381,8,0B 00 00 00 00 00 00 00
74576.6,0x2C1,8,21 2B 0D 0A 02 00 00 00
74586.5,0x201,8,59 28 98 00 01 00 00 00
74596.8,0x2C1,8,02 19 06 00 00 D0 92 09
74602.9,0x2F1,8,02 11 3A 81 42 00 00 00
74603.1,0x381,8,0C 00 00 00 00 00 00 00
74611.7,0x201,8,02 00 00 00 00 00 00 00
74616.5,0x2C1,8,B3 1A 98 00 00 00 00 00
74636.7,0x201,8,03 00 00 00 00 00 00 00
74637.2,0x2C1,8,04 00 00 00 00 00 00 00
74640.6,0x381,8,0D 00 00 00 00 00 00 00
74656.5,0x2C1,8,50 48 FE 00 50 8E 02 00
74659.3,0x281,6,18 00 FF 1F 00 01
74660.0,0x224,8,04 08 00 80 E3 00 10 08
74660.2,0x2B4,6,3C 05 0B 0F FA 00
74661.7,0x201,8,00 32 50 1A 00 E4 FF 00
74664.9,0x29D,4,00 00 00 20
74670.6,0x333,5,84 0B 2F 07 00
74676.5,0x2C1,8,21 2B 0D 0A 02 00 00 00
74678.5,0x381,8,0E 00 00 00 00 E0 FF 00
74686.5,0x201,8,59 28 98 00 01 00 00 00
74696.5,0x2C1,8,02 19 06 00 00 D0 92 09
74702.9,0x2F1,8,03 91 35 81 42 00 01 00
74711.6,0x201,8,02 00 00 00 00 00 00 00
74716.8,0x2C1,8,B3 1A 98 00 00 00 00 00
74717.1,0x381,8,EF FF FF CD 03 00 CF 0C
74736.7,0x201,8,03 00 00 00 00 00 00 00
74737.2,0x2C1,8,04 00 00 00 00 00 00 00
74754.5,0x381,8,10 00 00 00 00 00 00 00
74756.5,0x2C1,8,50 48 FE 00 50 8E 02 00
74759.7,0x281,6,18 00 FF 1F 00 01
74760.4,0x2B4,6,3A 05 0D 0F 01 01
74761.0,0x224,8,04 08 00 80 E3 00 10 08
74761.7,0x201,8,00 33 51 19 00 E4 FF 00
74764.9,0x29D,4,00 00 00 20
74776.5,0x2C1,8,21 2B 0D 0A 02 00 00 00
74786.5,0x201,8,59 28 98 00 01 00 00 00
74792.8,0x381,8,11 00 00 00 00 00 00 00
74796.8,0x2C1,8,02 19 06 00 00 D0 92 09
74802.9,0x2F1,8,04 10 37 81 2F 00 01 00
74811.7,0x201,8,02 00 00 00 00 00 00 00
74816.6,0x2C1,8,B3 1A 98 00 00 00 00 00
74830.6,0x381,8,B2 00 00 00 00 00 A8 00
74836.6,0x301,8,1F 00 00 00 FF FF FF FF
74836.8,0x201,8,03 00 00 00 00 00 00 00
74837.2,0x2C1,8,04 00 00 00 00 00 00 00
74857.6,0x2C1,8,50 44 FE 00 50 8E 02 00
74858.8,0x281,6,18 00 FF 1F 00 01
74860.9,0x224,8,04 08 00 A0 E3 00 10 08
74861.4,0x2B4,6,3A 05 0D 0F F8 00
74861.6,0x201,8,00 32 4F 1A 00 E4 FF 00
74864.9,0x29D,4,00 00 00 20
74868.6,0x381,8,13 00 00 00 00 03 FC FF
74877.0,0x2C1,8,21 2B 0D 0A 02 00 00 00
74886.5,0x201,8,59 28 98 00 01 00 00 00
74896.5,0x2C1,8,02 19 06 00 00 D0 92 09
74902.9,0x2F1,8,05 90 35 01 2F 00 01 00
74906.6,0x381,8,14 00 00 00 00 00 00 00
74911.7,0x201,8,02 00 00 00 00 00 00 00
74916.6,0x2C1,8,B3 1A 98 00 00 00 00 00
74936.8,0x201,8,03 00 00 00 00 00 00 00
74937.5,0x2C1,8,04 00 00 00 00 00 00 00
74944.5,0x381,8,15 20 58 32 50 00 1A 01
74956.8,0x2C1,8,50 44 FE 00 50 8E 02 00
74959.0,0x281,6,18 00 FF 1F 00 01
74960.2,0x224,8,04 08 00 80 E3 00 10 08
74960.4,0x2B4,6,3C 05 0C 0F FC 00
74961.7,0x201,8,00 32 50 1A 00 E4 FF 00
74964.9,0x29D,4,00 00 00 20
74976.6,0x2C1,8,21 2B 0D 0A 02 00 00 00
74982.6,0x381,8,16 10 00 00 00 7F 00 00
74986.6,0x201,8,59 28 98 00 01 00 00 00
74996.6,0x2C1,8,02 19 06 00 00 D0 92 09
75003.5,0x2F1,8,06 10 33 01 08 00 01 00
75011.7,0x201,8,02 00 00 00 00 00 00 00
75016.8,0x2C1,8,B3 1A 98 00 00 00 00 00
75020.8,0x381,8,17 00 00 00 00 00 00 00
75036.8,0x201,8,03 00 00 00 00 00 00 00
75037.4,0x2C1,8,04 00 00 00 00 00 00 00
75056.6,0x2C1,8,58 44 FE 00 50 8E 02 00
75059.3,0x281,6,18 00 FF 1F 00 01
75060.3,0x224,8,04 08 00 C0 E3 00 10 08
75060.5,0x2B4,6,3A 05 0D 0F F6 00
75061.1,0x381,8,18 00 00 00 00 00 00 00
75061.8,0x201,8,00 33 4F 19 00 E4 FF 00
75066.1,0x29D,4,00 00 00 20
75076.6,0x2C1,8,21 2B 0D 0A 02 00 00 00
75086.8,0x201,8,59 28 98 00 01 00 00 00
75096.6,0x2C1,8,02 19 06 00 00 D0 92 09
75096.8,0x381,8,19 00 00 00 00 00 00 00
75102.9,0x2F1,8,07 00 00 00 00 00 00 00
75111.7,0x201,8,02 00 00 00 00 00 00 00
75116.8,0x2C1,8,B3 1A 98 00 00 00 00 00
75134.6,0x381,8,80 89 07 40 DE 00 A8 15
75136.9,0x201,8,03 00 00 00 00 00 00 00
75137.5,0x2C1,8,04 00 00 00 00 00 00 00
75156.8,0x2C1,8,58 44 FE 00 50 8E 02 00
75159.0,0x281,6,19 00 FF 1F 00 01
75160.2,0x224,8,04 08 00 80 E3 00 10 08
75160.4,0x2B4,6,39 05 0D 0F FE 00
75161.8,0x201,8,00 32 4E 1A 00 E4 FF 00
75165.0,0x29D,4,00 00 00 20
75169.6,0x333,5,84 0B 2F 07 00
75172.6,0x381,8,81 5D 00 0E 97 94 94 40
75176.6,0x2C1,8,21 2B 0D 0A 02 00 00 00
75186.6,0x201,8,59 38 98 00 01 00 00 00
75196.8,0x2C1,8,02 19 06 00 00 D0 92 09
75202.9,0x2F1,8,08 01 00 00 00 88 03 00
75210.6,0x381,8,22 A0 F8 77 41 20 00 00
75211.8,0x201,8,02 00 00 00 00 00 00 00
75216.6,0x2C1,8,B3 1A 98 00 00 00 00 00
75236.6,0x321,8,37 DE A8 91 01 8A 50 4D
75236.8,0x201,8,03 00 00 00 00 00 00 00
75237.3,0x2C1,8,04 00 00 00 00 00 00 00
75248.9,0x381,8,A3 30 3E 00 4C C9 04 00
75256.6,0x2C1,8,58 44 FE 00 50 8E 02 00
75259.4,0x281,6,19 00 FF 1F 00 01
75260.1,0x224,8,04 08 00 80 E3 00 10 08
75260.4,0x2B4,6,38 05 0D 0F F5 00
75261.7,0x201,8,00 33 4F 1A 00 E4 FF 00
75266.1,0x29D,4,00 00 00 20
75276.8,0x2C1,8,21 2B 0D 0A 02 00 00 00
75286.6,0x201,8,59 38 98 00 01 00 00 00
75286.8,0x381,8,04 00 00 00 00 00 00 00
75296.8,0x2C1,8,02 19 06 00 00 D0 92 09
75302.9,0x2F1,8,09 01 00 00 00 40 03 00
75311.8,0x201,8,02 00 00 00 00 00 00 00
75316.6,0x2C1,8,B3 1A 98 00 00 00 00 00
75326.2,0x381,8,05 00 00 00 00 D9 64 08
75336.6,0x2C1,8,04 00 00 00 00 00 00 00
75336.8,0x201,8,03 00 00 00 00 00 00 00
75356.9,0x2C1,8,50 44 FE 00 50 8E 02 00
75358.8,0x281,6,1A 00 FF 1F 00 01
75360.4,0x224,8,04 08 00 60 E3 00 10 08
75360.8,0x2B4,6,3A 05 0D 0F FF 00
75361.7,0x201,8,00 34 4F 1A 00 E4 FF 00
75362.6,0x381,8,06 00 00 00 00 00 00 00
75364.8,0x29D,4,00 00 00 20
75376.7,0x2C1,8,21 2B 0D 0A 02 00 00 00
75386.6,0x201,8,59 38 98 00 01 00 00 00
75396.6,0x2C1,8,02 19 06 00 00 D0 92 09
75400.6,0x381,8,07 00 00 00 00 00 00 00
75402.9,0x2F1,8,0A 85 01 00 00 00 00 00
75411.7,0x201,8,02 00 00 00 00 00 00 00
75416.6,0x2C1,8,B3 1A 98 00 00 00 00 00
75436.9,0x201,8,03 00 00 00 00 00 00 00
75437.5,0x2C1,8,04 00 00 00 00 00 00 00
75438.7,0x381,8,08 00 00 00 00 00 00 00
75456.6,0x2C1,8,50 44 FE 00 50 8E 02 00
75459.3,0x281,6,1A 00 FF 1F 00 01
75460.2,0x224,8,04 08 00 60 E3 00 10 08
75460.4,0x2B4,6,39 05 0E 0F FB 00
75461.7,0x201,8,00 32 4E 19 00 E4 FF 00
75465.4,0x29D,4,00 00 00 20
75476.6,0x2C1,8,21 2B 0D 0A 02 00 00 00
75476.8,0x381,8,09 00 00 00 00 00 00 00
75486.6,0x201,8,59 38 98 00 01 00 00 00
75496.6,0x2C1,8,02 19 06 00 00 D0 92 09
75503.0,0x2F1,8,2B 7F 00 00 00 00 00 00
75511.7,0x201,8,02 00 00 00 00 00 00 00
75514.6,0x381,8,0A 00 00 00 00 00 00 00
75516.9,0x2C1,8,B3 1A 98 00 00 00 00 00
75536.8,0x201,8,03 00 00 00 00 00 00 00
75537.4,0x2C1,8,04 00 00 00 00 00 00 00
75552.6,0x381,8,0B 00 00 00 00 00 00 00
75556.6,0x2C1,8,50 44 FE 00 50 8E 02 00
75559.4,0x281,6,1A 00 FF 1F 00 01
75560.1,0x224,8,04 08 00 80 E3 00 10 08
75560.3,0x2B4,6,3A 05 0C 0F F9 00
75561.7,0x201,8,00 32 4F 1A 00 E4 FF 00
75565.0,0x29D,4,00 00 00 20
75576.9,0x2C1,8,21 2B 0D 0A 02 00 00 00
75586.6,0x201,8,59 38 98 00 01 00 00 00
75590.9,0x381,8,0C 00 00 00 00 00 00 00
75596.8,0x2C1,8,02 19 06 00 00 D0 92 09
75602.9,0x2F1,8,0C 21 40 98 01 86 32 34
75611.8,0x201,8,02 00 00 00 00 00 00 00
75616.6,0x2C1,8,B3 1A 98 00 00 00 00 00
75628.9,0x381,8,0D 00 00 00 00 00 00 00
75636.8,0x201,8,03 00 00 00 00 00 00 00
75637.3,0x2C1,8,04 00 00 00 00 00 00 00
75656.6,0x2C1,8,50 44 FE 00 50 8E 02 00
75659.4,0x281,6,1B 00 FF 1F 00 01
75660.1,0x224,8,04 08 00 A0 E3 00 10 08
75660.3,0x2B4,6,38 05 0E 0F F6 00
75661.9,0x201,8,00 32 4F 1A 00 E4 FF 00
75665.0,0x29D,4,00 00 00 20
75666.7,0x381,8,0E 00 00 00 00 E0 FF 00
75671.0,0x333,5,84 0B 2F 07 00
75676.8,0x2C1,8,21 2B 0D 0A 02 00 00 00
75686.6,0x201,8,59 38 98 00 01 00 00 00
75696.6,0x2C1,8,02 19 06 00 00 D0 92 09
75703.2,0x2F1,8,0D 89 9B 40 21 C0 06 00
75704.6,0x381,8,EF FF FF CD 03 00 CF 0C
75711.8,0x201,8,02 00 00 00 00 00 00 00
75716.9,0x2C1,8,B3 1A 98 00 00 00 00 00
75736.7,0x2C1,8,04 00 00 00 00 00 00 00
75736.9,0x201,8,03 00 00 00 00 00 00 00
75742.8,0x381,8,10 00 00 00 00 00 00 00
75756.9,0x2C1,8,50 44 FE 00 50 8E 02 00
75759.8,0x281,6,1B 00 FF 1F 00 01
75760.5,0x2B4,6,3A 05 0B 0F F3 00
75761.4,0x224,8,04 08 00 60 E3 00 10 08
75761.7,0x201,8,00 32 4F 1A 00 E4 FF 00
75764.9,0x29D,4,00 00 00 20
75776.6,0x2C1,8,21 2B 0D 0A 02 00 00 00
75780.9,0x381,8,11 00 00 00 00 00 00 00
75786.9,0x201,8,59 38 98 00 01 00 00 00
75796.6,0x2C1,8,02 19 06 00 00 D0 92 09
75803.0,0x2F1,8,0E 00 00 00 00 00 00 00
75811.8,0x201,8,02 00 00 00 00 00 00 00
75816.7,0x2C1,8,B3 1A 98 00 00 00 00 00
75819.4,0x381,8,B2 00 00 00 00 00 A8 00
75836.6,0x301,8,20 00 00 00 FF FF FF FF
75836.9,0x201,8,03 00 00 00 00 00 00 00
75837.6,0x2C1,8,04 00 00 00 00 00 00 00
75856.9,0x2C1,8,50 44 FE 00 50 8E 02 00
75857.1,0x381,8,13 00 00 00 00 04 FC FF
75858.9,0x281,6,1B 00 FF 1F 00 01
75860.3,0x2B4,6,38 05 0C 0F FB 00
75861.9,0x201,8,00 33 4F 1A 00 E4 FF 00
75862.9,0x224,8,04 08 00 60 E3 00 10 08
75865.0,0x29D,4,00 00 00 20
75876.8,0x2C1,8,21 2B 0D 0A 02 00 00 00
75886.6,0x201,8,59 38 98 00 01 00 00 00
75894.7,0x381,8,14 00 00 00 00 00 00 00
75896.7,0x2C1,8,02 19 06 00 00 D0 92 09
75903.0,0x2F1,8,0F 5E 69 96 99 B3 39 00
75911.8,0x201,8,02 00 00 00 00 00 00 00
75916.9,0x2C1,8,B3 1A 98 00 00 00 00 00
75933.0,0x381,8,15 20 58 32 50 00 1A 01
75936.8,0x201,8,03 00 00 00 00 00 00 00
75937.3,0x2C1,8,04 00 00 00 00 00 00 00
75956.6,0x2C1,8,50 44 FE 00 50 8E 02 00
75958.9,0x281,6,1C 00 FF 1F 00 01
75960.3,0x224,8,04 08 00 80 E3 00 10 08
75960.6,0x2B4,6,38 05 0C 0F F3 00
75961.6,0x201,8,00 31 50 1A 00 E4 FF 00
75965.1,0x29D,4,00 00 00 20
75970.7,0x381,8,16 10 00 00 00 7F 00 00
75976.7,0x2C1,8,21 2B 0D 0A 02 00 00 00
75986.6,0x201,8,59 38 98 00 01 00 00 00
75997.1,0x2C1,8,02 19 06 00 00 D0 92 09
76003.0,0x2F1,8,10 00 00 D8 13 00 00 00
76008.7,0x381,8,17 00 00 00 00 00 00 00
76011.8,0x201,8,02 00 00 00 00 00 00 00
76016.6,0x2C1,8,B3 1A 98 00 00 00 00 00
76036.8,0x201,8,03 00 00 00 00 00 00 00
76037.0,0x2C1,8,04 00 00 00 00 00 00 00
76046.7,0x381,8,18 00 00 00 00 00 00 00
76056.7,0x2C1,8,50 44 FE 00 50 8E 02 00
76059.4,0x281,6,1B 00 FF 1F 00 01
76060.1,0x224,8,04 08 00 A0 E3 00 10 08
76060.3,0x2B4,6,39 05 0B 0F 01 01
76061.7,0x201,8,00 33 4F 19 00 E4 FF 00
76065.9,0x29D,4,00 00 00 20
76076.9,0x2C1,8,21 2B 0D 0A 02 00 00 00
76084.9,0x381,8,19 00 00 00 00 00 00 00
76086.7,0x201,8,59 38 98 00 01 00 00 00
76096.6,0x2C1,8,02 19 06 00 00 D0 92 09
76103.0,0x2F1,8,11 54 00 4B 00 73 0C 00
76111.8,0x201,8,02 00 00 00 00 00 00 00
76116.7,0x2C1,8,B3 1A 98 00 00 00 00 00
76122.9,0x381,8,80 89 07 40 DE 00 A8 15
76136.9,0x201,8,03 00 00 00 00 00 00 00
76137.6,0x2C1,8,04 00 00 00 00 00 00 00
76156.9,0x2C1,8,50 44 FE 00 50 8E 02 00
76159.1,0x281,6,1A 00 FF 1F 00 01
76160.3,0x224,8,04 08 00 60 E3 00 10 08
76160.5,0x2B4,6,39 05 0C 0F FB 00
76161.1,0x381,8,81 5D 00 0E 97 94 94 40
76161.8,0x201,8,00 31 4F 1A 00 E4 FF 00
76165.1,0x29D,4,00 00 00 20
76169.0,0x333,5,84 0B 2F 07 00
76176.9,0x2C1,8,21 2B 0D 0A 02 00 00 00
76186.6,0x201,8,59 38 98 00 01 00 00 00
76196.7,0x2C1,8,02 19 06 00 00 D0 92 09
76198.7,0x381,8,22 A0 F8 77 41 20 00 00
76203.0,0x2F1,8,32 11 00 00 00 01 00 00
76211.8,0x201,8,02 00 00 00 00 00 00 00
76216.8,0x2C1,8,B3 1A 98 00 00 00 00 00
76236.6,0x321,8,37 DA A8 91 01 8A 60 59
76236.9,0x201,8,03 00 00 00 00 00 00 00
76237.5,0x2C1,8,04 00 00 00 00 00 00 00
76237.8,0x381,8,A3 32 3E 00 4C B1 04 00
76256.7,0x2C1,8,50 44 FE 00 50 8E 02 00
76259.4,0x281,6,1B 00 FF 1F 00 01
76260.1,0x224,8,04 08 00 A0 E3 00 10 08
76260.4,0x2B4,6,3B 05 0C 0F 00 01
76261.8,0x201,8,00 33 4F 1A 00 E4 FF 00
76266.0,0x29D,4,00 00 00 20
76274.8,0x381,8,04 00 00 00 00 00 00 00
76276.9,0x2C1,8,21 2B 0D 0A 02 00 00 00
76286.6,0x201,8,59 38 98 00 01 00 00 00
76296.7,0x2C1,8,02 19 06 00 00 D0 92 09
76303.0,0x2F1,8,00 91 34 01 43 00 10 00
76311.8,0x201,8,02 00 00 00 00 00 00 00
76312.7,0x381,8,05 00 00 00 00 D9 64 08
76316.9,0x2C1,8,B3 1A 98 00 00 00 00 00
76336.7,0x2C1,8,04 00 00 00 00 00 00 00
76337.0,0x201,8,03 00 00 00 00 00 00 00
76350.7,0x381,8,06 00 00 00 00 00 00 00
76356.7,0x2C1,8,50 44 FE 00 50 8E 02 00
76359.3,0x281,6,1B 00 FF 1F 00 01
76360.2,0x224,8,04 08 00 A0 E3 00 10 08
76360.4,0x2B4,6,3B 05 0B 0F 00 01
76361.7,0x201,8,00 32 50 1A 00 E4 FF 00
76365.1,0x29D,4,00 00 00 20
76376.9,0x2C1,8,21 2B 0D 0A 02 00 00 00
76386.7,0x201,8,59 38 98 00 01 00 00 00
76390.0,0x381,8,07 00 00 00 00 00 00 00
76396.9,0x2C1,8,02 19 06 00 00 D0 92 09
76403.2,0x2F1,8,01 11 37 01 43 00 0A 00
76411.8,0x201,8,02 00 00 00 00 00 00 00
76416.7,0x2C1,8,B3 1A 98 00 00 00 00 00
76426.7,0x381,8,08 00 00 00 00 00 00 00
76436.8,0x201,8,03 00 00 00 00 00 00 00
76437.1,0x2C1,8,04 00 00 00 00 00 00 00
76456.7,0x2C1,8,50 44 FE 00 50 8E 02 00
76459.5,0x281,6,1B 00 FF 1F 00 01
76460.1,0x224,8,04 08 00 A0 E3 00 10 08
76460.4,0x2B4,6,3B 05 0C 0F FB 00
76461.9,0x201,8,00 32 4F 1A 00 E4 FF 00
76464.9,0x381,8,09 00 00 00 00 00 00 00
76466.5,0x29D,4,00 00 00 20
76476.9,0x2C1,8,21 2B 0D 0A 02 00 00 00
76486.9,0x201,8,59 38 98 00 01 00 00 00
76496.7,0x2C1,8,02 19 06 00 00 D0 92 09
76503.0,0x2F1,8,02 11 3A 81 42 00 00 00
76503.2,0x381,8,0A 00 00 00 00 00 00 00
76511.8,0x201,8,02 00 00 00 00 00 00 00
76516.7,0x2C1,8,B3 1A 98 00 00 00 00 00
76536.9,0x201,8,03 00 00 00 00 00 00 00
76537.5,0x2C1,8,04 00 00 00 00 00 00 00
76541.0,0x381,8,0B 00 00 00 00 00 00 00
76557.2,0x2C1,8,50 44 FE 00 50 8E 02 00
76559.1,0x281,6,1B 00 FF 1F 00 01
76560.3,0x224,8,04 08 00 A0 E3 00 10 08
76560.5,0x2B4,6,3A 05 0C 0F FA 00
76561.8,0x201,8,00 33 50 19 00 E4 FF 00
76564.9,0x29D,4,00 00 00 20
76576.7,0x2C1,8,21 2B 0D 0A 02 00 00 00
76578.7,0x381,8,0C 00 00 00 00 00 00 00
76586.7,0x201,8,59 38 98 00 01 00 00 00
76596.7,0x2C1,8,02 19 06 00 00 D0 92 09
76603.0,0x2F1,8,03 11 36 81 42 00 01 00
76611.8,0x201,8,02 00 00 00 00 00 00 00
76616.7,0x2C1,8,B3 1A 98 00 00 00 00 00
76616.9,0x381,8,0D 00 00 00 00 00 00 00
76637.0,0x201,8,03 00 00 00 00 00 00 00
76637.6,0x2C1,8,04 00 00 00 00 00 00 00
76655.0,0x381,8,0E 00 00 00 00 E0 FF 00
76656.7,0x2C1,8,50 44 FE 00 50 8E 02 00
76659.4,0x281,6,1B 00 FF 1F 00 01
76660.0,0x224,8,04 08 00 A0 E3 00 10 08
76660.3,0x2B4,6,3C 05 0A 0F F8 00
76661.8,0x201,8,00 32 4F 19 00 E4 FF 00
76665.5,0x29D,4,00 00 00 20
76671.9,0x333,5,84 0B 2F 07 00
76676.7,0x2C1,8,21 2B 0D 0A 02 00 00 00
76686.7,0x201,8,59 38 98 00 01 00 00 00
76692.7,0x381,8,EF FF FF CD 03 00 CF 0C
76697.0,0x2C1,8,02 19 06 00 00 D0 92 09
76703.0,0x2F1,8,04 90 36 81 2F 00 01 00
76711.8,0x201,8,02 00 00 00 00 00 00 00
76717.0,0x2C1,8,B3 1A 98 00 00 00 00 00
76730.7,0x381,8,10 00 00 00 00 00 00 00
76736.7,0x2C1,8,04 00 00 00 00 00 00 00
76737.0,0x201,8,03 00 00 00 00 00 00 00
76756.7,0x2C1,8,50 48 FE 00 50 8E 02 00
76759.8,0x281,6,1B 00 FF 1F 00 01
76760.5,0x2B4,6,3A 05 0C 0F F8 00
76761.4,0x224,8,04 08 00 80 E3 00 10 08
76761.9,0x201,8,00 31 50 1A 00 E4 FF 00
76765.5,0x29D,4,00 00 00 20
76768.8,0x381,8,11 00 00 00 00 00 00 00
76776.7,0x2C1,8,21 2B 0D 0A 02 00 00 00
76786.7,0x201,8,59 38 98 00 01 00 00 00
76796.9,0x2C1,8,02 19 06 00 00 D0 92 09
76803.0,0x2F1,8,05 90 35 01 2F 00 01 00
76806.7,0x381,8,B2 00 00 00 00 00 A8 00
76811.8,0x201,8,02 00 00 00 00 00 00 00
76816.7,0x2C1,8,B3 1A 98 00 00 00 00 00
76836.9,0x201,8,03 00 00 00 00 00 00 00
76837.1,0x2C1,8,04 00 00 00 00 00 00 00
76837.6,0x301,8,21 00 00 00 FF FF FF FF
76844.9,0x381,8,13 00 00 00 00 04 FC FF
76856.7,0x2C1,8,50 48 FE 00 50 8E 02 00
76859.3,0x281,6,1B 00 FF 1F 00 01
76860.9,0x2B4,6,39 05 0E 0F F3 00
76861.9,0x201,8,00 31 50 1A 00 E4 FF 00
76863.2,0x224,8,04 08 00 80 E3 00 10 08
76865.1,0x29D,4,00 00 00 20
76876.9,0x2C1,8,21 2B 0D 0A 02 00 00 00
76882.7,0x381,8,14 00 00 00 00 00 00 00
76886.7,0x201,8,59 38 98 00 01 00 00 00
76896.7,0x2C1,8,02 19 06 00 00 D0 92 09
76903.0,0x2F1,8,06 10 33 01 08 00 00 00
76911.8,0x201,8,02 00 00 00 00 00 00 00
76916.7,0x2C1,8,B3 1A 98 00 00 00 00 00
76920.9,0x381,8,15 20 58 32 50 00 1A 01
76937.0,0x201,8,03 00 00 00 00 00 00 00
76937.6,0x2C1,8,04 00 00 00 00 00 00 00
76956.9,0x2C1,8,50 48 FE 00 50 8E 02 00
76959.2,0x281,6,1B 00 FF 1F 00 01
76960.3,0x224,8,04 08 00 A0 E3 00 10 08
76960.5,0x2B4,6,3A 05 0B 0F FA 00
76961.3,0x381,8,16 10 00 00 00 7F 00 00
76961.8,0x201,8,00 31 4F 1A 00 E4 FF 00
76965.1,0x29D,4,00 00 00 20
76976.9,0x2C1,8,21 2B 0D 0A 02 00 00 00
76986.7,0x201,8,59 38 98 00 01 00 00 00
76996.7,0x2C1,8,02 19 06 00 00 D0 92 09
76996.9,0x381,8,17 00 00 00 00 00 00 00
77003.1,0x2F1,8,07 00 00 00 00 00 00 00
77011.8,0x201,8,02 00 00 00 00 00 00 00
77016.7,0x2C1,8,B3 1A 98 00 00 00 00 00
77034.7,0x381,8,18 00 00 00 00 00 00 00
77036.9,0x201,8,03 00 00 00 00 00 00 00
77037.5,0x2C1,8,04 00 00 00 00 00 00 00
77056.7,0x2C1,8,50 48 FE 00 50 8E 02 00
77059.2,0x281,6,1C 00 FF 1F 00 01
77060.3,0x224,8,04 08 00 80 E3 00 10 08
77060.7,0x2B4,6,38 05 0C 0F FF 00
77061.9,0x201,8,00 32 50 1A 00 E4 FF 00
77065.5,0x29D,4,00 00 00 20
77073.1,0x381,8,19 00 00 00 00 00 00 00
77076.7,0x2C1,8,21 2B 0D 0A 02 00 00 00
77086.7,0x201,8,59 38 98 00 01 00 00 00
77096.7,0x2C1,8,02 19 06 00 00 D0 92 09
77103.3,0x2F1,8,08 01 00 00 00 20 03 00
77110.7,0x381,8,80 89 07 40 DE 00 A8 15
77111.8,0x201,8,02 00 00 00 00 00 00 00
77117.2,0x2C1,8,B3 1A 98 00 00 00 00 00
77134.9,0x333,5,84 0A 2F 07 00
77137.0,0x201,8,03 00 00 00 00 00 00 00
77137.6,0x2C1,8,04 00 00 00 00 00 00 00
77149.0,0x381,8,81 5D 00 0E 97 94 94 40
77156.7,0x2C1,8,50 48 FE 00 50 8E 02 00
77159.3,0x281,6,1C 00 FF 1F 00 01
77160.4,0x224,8,04 08 00 60 E3 00 10 08
77160.6,0x2B4,6,39 05 0B 0F FF 00
77162.0,0x201,8,00 31 51 1A 00 E4 FF 00
77165.2,0x29D,4,00 00 00 20
77169.8,0x333,5,84 0A 2F 07 00
77176.7,0x2C1,8,21 2B 0D 0A 02 00 00 00
77186.9,0x201,8,59 38 98 00 01 00 00 00
77187.2,0x381,8,22 A0 F8 77 41 20 00 00
77196.9,0x2C1,8,02 19 06 00 00 D0 92 09
77203.0,0x2F1,8,09 01 00 00 00 68 03 00
77211.8,0x201,8,02 00 00 00 00 00 00 00
77216.7,0x2C1,8,B3 1A 98 00 00 00 00 00
77224.8,0x381,8,A3 32 3E 00 4C B1 04 00
77236.9,0x201,8,03 00 00 00 00 00 00 00
77237.1,0x2C1,8,04 00 00 00 00 00 00 00
77237.3,0x321,8,37 DE A8 91 01 8A 70 6D
77257.0,0x2C1,8,50 48 FE 00 50 8E 02 00
77259.5,0x281,6,1C 00 FF 1F 00 01
77260.2,0x224,8,04 08 00 A0 E3 00 10 08
77260.4,0x2B4,6,3B 05 0C 0F 00 01
77262.0,0x201,8,00 30 4F 19 00 E4 FF 00
77262.8,0x381,8,04 00 00 00 00 00 00 00
77266.3,0x29D,4,00 00 00 20
77277.0,0x2C1,8,21 2B 0D 0A 02 00 00 00
77286.7,0x201,8,59 38 98 00 01 00 00 00
77296.7,0x2C1,8,02 19 06 00 00 D0 92 09
77300.7,0x381,8,05 00 00 00 80 D9 64 08
77303.0,0x2F1,8,0A 85 01 00 00 00 00 00
77311.8,0x201,8,02 00 00 00 00 00 00 00
77316.7,0x2C1,8,B3 1A 98 00 00 00 00 00
77336.9,0x201,8,03 00 00 00 00 00 00 00
77337.3,0x2C1,8,04 00 00 00 00 00 00 00
77338.7,0x381,8,06 00 00 00 00 00 00 00
77357.0,0x2C1,8,50 48 FE 00 50 8E 02 00
77358.9,0x281,6,1C 00 FF 1F 00 01
77360.3,0x224,8,04 08 00 A0 E3 00 10 08
77360.6,0x2B4,6,3B 05 0B 0F F9 00
77361.9,0x201,8,00 32 50 1A 00 E4 FF 00
77365.0,0x29D,4,00 00 00 20
77376.7,0x2C1,8,21 2B 0D 0A 02 00 00 00
77377.0,0x381,8,07 00 00 00 00 00 00 00
77386.7,0x201,8,59 38 98 00 01 00 00 00
77396.9,0x2C1,8,02 19 06 00 00 D0 92 09
77403.0,0x2F1,8,2B 84 00 00 00 00 00 00
77411.8,0x201,8,02 00 00 00 00 00 00 00
77414.7,0x381,8,08 00 00 00 00 00 00 00
77416.7,0x2C1,8,B3 1A 98 00 00 00 00 00
77437.0,0x201,8,03 00 00 00 00 00 00 00
77437.4,0x2C1,8,04 00 00 00 00 00 00 00
77453.4,0x381,8,09 00 00 00 00 00 00 00
77456.7,0x2C1,8,50 48 FE 00 50 8E 02 00
77459.2,0x281,6,1C 00 FF 1F 00 01
77460.3,0x224,8,04 08 00 A0 E3 00 10 08
77460.5,0x2B4,6,3B 05 0B 0F FA 00
77461.8,0x201,8,00 33 50 1A 00 E4 FF 00
77466.4,0x29D,4,00 00 00 20
77476.7,0x2C1,8,21 2B 0D 0A 02 00 00 00
77486.7,0x201,8,59 38 98 00 01 00 00 00
77490.8,0x381,8,0A 00 00 00 00 00 00 00
77496.8,0x2C1,8,02 19 06 00 00 D0 92 09
77503.1,0x2F1,8,0C 0D 50 98 01 86 32 34
77511.9,0x201,8,02 00 00 00 00 00 00 00
77517.0,0x2C1,8,B3 1A 98 00 00 00 00 00
77529.1,0x381,8,0B 00 00 00 00 00 00 00
77536.9,0x201,8,03 00 00 00 00 00 00 00
77537.4,0x2C1,8,04 00 00 00 00 00 00 00
77556.7,0x2C1,8,50 48 FE 00 50 8E 02 00
77559.5,0x281,6,1C 00 FF 1F 00 01
77560.2,0x2B4,6,39 05 0A 0F EE 00
77560.4,0x224,8,04 08 00 C0 E3 00 10 08
77561.8,0x201,8,00 32 51 1A 00 E4 FF 00
77565.1,0x29D,4,00 00 00 20
77567.0,0x381,8,0C 00 00 00 00 00 00 00
77576.8,0x2C1,8,21 2B 0D 0A 02 00 00 00
77586.7,0x201,8,59 38 98 00 01 00 00 00
77597.0,0x2C1,8,02 19 06 00 00 D0 92 09
77603.0,0x2F1,8,0D 89 9B 40 21 C0 07 00
77604.7,0x381,8,0D 00 00 00 00 00 00 00
77611.9,0x201,8,02 00 00 00 00 00 00 00
77616.7,0x2C1,8,B3 1A 98 00 00 00 00 00
77637.0,0x201,8,03 00 00 00 00 00 00 00
77637.4,0x2C1,8,04 00 00 00 00 00 00 00
77642.7,0x381,8,0E 00 00 00 00 E0 FF 00
77656.8,0x2C1,8,50 48 FE 00 50 8E 02 00
77659.3,0x281,6,1C 00 FF 1F 00 01
77660.3,0x224,8,04 08 00 C0 E3 00 10 08
77660.6,0x2B4,6,39 05 0D 0F F2 00
77662.0,0x201,8,00 32 50 19 00 E4 FF 00
77665.1,0x29D,4,00 00 00 20
77669.8,0x333,5,84 0A 2F 07 00
77677.2,0x2C1,8,21 2B 0D 0A 02 00 00 00
77681.0,0x381,8,EF FF FF CD 03 00 CF 0C
77686.8,0x201,8,59 38 98 00 01 00 00 00
77696.7,0x2C1,8,02 19 06 00 00 D0 92 09
77703.1,0x2F1,8,0E 00 00 00 00 00 00 00
77711.8,0x201,8,02 00 00 00 00 00 00 00
77716.8,0x2C1,8,B3 1A 98 00 00 00 00 00
77720.5,0x381,8,10 00 00 00 00 00 00 00
77736.9,0x201,8,03 00 00 00 00 00 00 00
77737.4,0x2C1,8,04 00 00 00 00 00 00 00
77757.0,0x2C1,8,50 48 FE 00 50 8E 02 00
77757.2,0x381,8,11 00 00 00 00 00 00 00
77759.8,0x224,8,04 08 00 80 E3 00 10 08
77760.2,0x281,6,1C 00 FF 1F 00 01
77761.6,0x2B4,6,3A 05 0B 0F FC 00
77761.9,0x201,8,00 33 51 1A 00 E4 FF 00
77765.0,0x29D,4,00 00 00 20
77776.7,0x2C1,8,21 2B 0D 0A 02 00 00 00
77786.8,0x201,8,59 38 98 00 01 00 00 00
77794.8,0x381,8,B2 00 00 00 00 00 A8 00
77796.8,0x2C1,8,02 19 06 00 00 D0 92 09
77803.3,0x2F1,8,0F 62 A9 96 99 B3 39 00
77811.9,0x201,8,02 00 00 00 00 00 00 00
77817.0,0x2C1,8,B3 1A 98 00 00 00 00 00
77832.9,0x381,8,13 00 00 00 00 04 FC FF
77836.8,0x301,8,0A 01 05 00 04 00 86 00
77837.0,0x201,8,03 00 00 00 00 00 00 00
77837.7,0x2C1,8,04 00 00 00 00 00 00 00
77856.7,0x2C1,8,58 44 FE 00 50 8E 02 00
77859.4,0x281,6,1C 00 FF 1F 00 01
77860.2,0x224,8,04 08 00 A0 E3 00 10 08
77860.5,0x2B4,6,3A 05 0A 0F FA 00
77862.0,0x201,8,00 33 4F 19 00 E4 FF 00
77865.2,0x29D,4,00 00 00 20
77870.8,0x381,8,14 00 00 00 00 00 00 00
77876.8,0x2C1,8,21 2B 0D 0A 02 00 00 00
77887.0,0x201,8,59 38 98 00 01 00 00 00
77896.8,0x2C1,8,02 19 06 00 00 D0 92 09
77903.1,0x2F1,8,10 00 00 D6 13 00 00 00
77908.8,0x381,8,15 20 58 32 50 00 1A 01
77911.9,0x201,8,02 00 00 00 00 00 00 00
77917.0,0x2C1,8,B3 1A 98 00 00 00 00 00
77937.0,0x201,8,03 00 00 00 00 00 00 00
77937.4,0x2C1,8,04 00 00 00 00 00 00 00
77946.8,0x381,8,16 10 00 00 00 7F 00 00
77957.1,0x2C1,8,58 44 FE 00 50 8E 02 00
77959.3,0x281,6,1C 00 FF 1F 00 01
77960.4,0x2B4,6,38 05 0B 0F FC 00
77960.6,0x224,8,04 08 00 80 E3 00 10 08
77962.0,0x201,8,00 32 50 1A 00 E4 FF 00
77965.2,0x29D,4,00 00 00 20
77976.8,0x2C1,8,21 2B 0D 0A 02 00 00 00
77985.1,0x381,8,17 00 00 00 00 00 00 00
77986.8,0x201,8,59 38 98 00 01 00 00 00
77997.0,0x2C1,8,02 19 06 00 00 D0 92 09
78003.1,0x2F1,8,11 54 00 4B 00 74 0C 00
78011.9,0x201,8,02 00 00 00 00 00 00 00
78016.8,0x2C1,8,B3 1A 98 00 00 00 00 00
78022.8,0x381,8,18 00 00 00 00 00 00 00
78037.0,0x201,8,03 00 00 00 00 00 00 00
78037.2,0x2C1,8,04 00 00 00 00 00 00 00
78056.8,0x2C1,8,58 44 FE 00 50 8E 02 00
78059.8,0x281,6,1C 00 FF 1F 00 01
78060.2,0x2B4,6,39 05 0A 0F 00 01
78060.8,0x224,8,04 08 00 80 E3 00 10 08
78061.5,0x381,8,19 00 00 00 00 00 00 00
78061.8,0x201,8,00 32 4F 1A 00 E4 FF 00
78066.3,0x29D,4,00 00 00 20
78077.0,0x2C1,8,21 2B 0D 0A 02 00 00 00
78086.8,0x201,8,59 38 98 00 01 00 00 00
78097.0,0x2C1,8,02 19 06 00 00 D0 92 09
78098.8,0x381,8,80 89 07 40 DE 00 A8 15
78103.1,0x2F1,8,32 12 00 00 00 01 00 00
78111.9,0x201,8,02 00 00 00 00 00 00 00
78116.8,0x2C1,8,B3 1A 98 00 00 00 00 00
78137.0,0x201,8,03 00 00 00 00 00 00 00
78137.5,0x2C1,8,04 00 00 00 00 00 00 00
78137.7,0x381,8,81 5D 00 0E 97 94 94 40
78157.0,0x2C1,8,58 44 FE 00 50 8E 02 00
78159.7,0x281,6,1C 00 FF 1F 00 01
78160.4,0x2B4,6,3A 05 0B 0F 00 01
78160.6,0x224,8,04 08 00 A0 E3 00 10 08
78161.9,0x201,8,00 33 4E 1A 00 E4 FF 00
78165.0,0x29D,4,00 00 00 20
78169.8,0x333,5,84 0A 2F 07 00
78174.9,0x381,8,22 A0 F8 77 41 20 00 00
78176.8,0x2C1,8,21 2B 0D 0A 02 00 00 00
78186.8,0x201,8,59 38 98 00 01 00 00 00
78196.8,0x2C1,8,02 19 06 00 00 D0 92 09
78203.1,0x2F1,8,00 91 34 01 43 00 11 00
78211.9,0x201,8,02 00 00 00 00 00 00 00
78212.9,0x381,8,A3 32 3E 00 4C B1 04 00
78216.8,0x2C1,8,B3 1A 98 00 00 00 00 00
78237.0,0x201,8,03 00 00 00 00 00 00 00
78237.5,0x2C1,8,04 00 00 00 00 00 00 00
78237.9,0x321,8,37 DE A8 91 01 8A 80 7D
78251.6,0x381,8,04 00 00 00 00 00 00 00
78256.8,0x2C1,8,58 44 FE 00 50 8E 02 00
78259.4,0x281,6,1C 00 FF 1F 00 01
78260.6,0x224,8,04 08 00 A0 E3 00 10 08
78260.8,0x2B4,6,3A 05 0B 0F FB 00
78262.0,0x201,8,00 33 4F 1A 00 E4 FF 00
78266.4,0x29D,4,00 00 00 20
78276.8,0x2C1,8,21 2B 0D 0A 02 00 00 00
78286.8,0x201,8,59 38 98 00 01 00 00 00
78289.6,0x381,8,05 00 00 00 00 D9 64 08
78296.8,0x2C1,8,02 19 06 00 00 D0 92 09
78303.1,0x2F1,8,01 91 36 01 43 00 0B 00
78311.9,0x201,8,02 00 00 00 00 00 00 00
78317.1,0x2C1,8,B3 1A 98 00 00 00 00 00
78326.9,0x381,8,06 00 00 00 00 00 00 00
78336.8,0x2C1,8,04 00 00 00 00 00 00 00
78337.1,0x201,8,03 00 00 00 00 00 00 00
78356.9,0x2C1,8,50 44 FE 00 50 8E 02 00
78359.4,0x281,6,1C 00 FF 1F 00 01
78360.6,0x224,8,04 08 00 80 E3 00 10 08
78360.7,0x2B4,6,39 05 0B 0F FE 00
78362.1,0x201,8,00 33 4F 1A 00 E4 FF 00
78365.2,0x29D,4,00 00 00 20
78365.7,0x381,8,07 00 00 00 00 00 00 00
78377.0,0x2C1,8,21 2B 0D 0A 02 00 00 00
78386.9,0x201,8,59 38 98 00 01 00 00 00
78397.1,0x2C1,8,02 19 06 00 00 D0 92 09
78403.2,0x2F1,8,02 91 39 81 42 00 00 00
78403.9,0x381,8,08 00 00 00 00 00 00 00
78411.9,0x201,8,02 00 00 00 00 00 00 00
78417.0,0x2C1,8,B3 1A 98 00 00 00 00 00
78437.0,0x201,8,03 00 00 00 00 00 00 00
78437.2,0x2C1,8,04 00 00 00 00 00 00 00
78440.9,0x381,8,09 00 00 00 00 00 00 00
78456.8,0x2C1,8,50 44 FE 00 50 8E 02 00
78459.1,0x281,6,1C 00 FF 1F 00 01
78460.8,0x224,8,04 08 00 E0 E3 00 10 08
78461.4,0x2B4,6,3A 05 09 0F F2 00
78461.9,0x201,8,00 32 4E 19 00 E4 FF 00
78466.5,0x29D,4,00 00 00 20
78477.1,0x2C1,8,21 2B 0D 0A 02 00 00 00
78478.9,0x381,8,0A 00 00 00 00 00 00 00
78486.8,0x201,8,59 38 98 00 01 00 00 00
78496.9,0x2C1,8,02 19 06 00 00 D0 92 09
78503.4,0x2F1,8,03 11 36 81 42 00 01 00
78512.0,0x201,8,02 00 00 00 00 00 00 00
78517.1,0x2C1,8,B3 1A 98 00 00 00 00 00
78517.3,0x381,8,0B 00 00 00 00 00 00 00
78537.0,0x201,8,03 00 00 00 00 00 00 00
78537.5,0x2C1,8,04 00 00 00 00 00 00 00
78554.8,0x381,8,0C 00 00 00 00 00 00 00
78558.3,0x2C1,8,50 44 FE 00 50 8E 02 00
78559.2,0x281,6,1C 00 FF 1F 00 01
78560.9,0x224,8,04 08 00 E0 E3 00 10 08
78561.4,0x2B4,6,3F 05 0B 0F FD 00
78562.0,0x201,8,00 32 4F 1A 00 E4 FF 00
78565.0,0x29D,4,00 00 00 20
78576.9,0x2C1,8,21 2B 0D 0A 02 00 00 00
78587.1,0x201,8,59 38 98 00 01 00 00 00
78592.9,0x381,8,0D 00 00 00 00 00 00 00
78596.9,0x2C1,8,02 19 06 00 00 D0 92 09
78603.1,0x2F1,8,04 10 37 81 2F 00 01 00
78612.0,0x201,8,02 00 00 00 00 00 00 00
78616.9,0x2C1,8,B3 1A 98 00 00 00 00 00
78630.8,0x381,8,0E 00 00 00 00 E0 FF 00
78637.0,0x201,8,03 00 00 00 00 00 00 00
78637.5,0x2C1,8,04 00 00 00 00 00 00 00
78657.1,0x2C1,8,50 44 FE 00 50 8E 02 00
78659.6,0x281,6,1C 00 FF 1F 00 01
78660.2,0x2B4,6,3A 05 0B 0F F6 00
78660.5,0x224,8,04 08 00 C0 E3 00 10 08
78662.0,0x201,8,00 32 4E 1A 00 E4 FF 00
78665.2,0x29D,4,00 00 00 20
78669.3,0x381,8,EF FF FF CD 03 00 CF 0C
78670.5,0x333,5,84 0A 2F 07 00
78676.9,0x2C1,8,21 2B 0D 0A 02 00 00 00
78686.9,0x201,8,59 38 98 00 01 00 00 00
78696.8,0x2C1,8,02 19 06 00 00 D0 92 09
78703.2,0x2F1,8,05 10 36 01 2F 00 01 00
78706.9,0x381,8,10 00 00 00 00 00 00 00
78712.0,0x201,8,02 00 00 00 00 00 00 00
78717.1,0x2C1,8,B3 1A 98 00 00 00 00 00
78736.9,0x2C1,8,04 00 00 00 00 00 00 00
78737.1,0x201,8,03 00 00 00 00 00 00 00
78744.8,0x381,8,11 00 00 00 00 00 00 00
78756.9,0x2C1,8,50 44 FE 00 50 8E 02 00
78759.6,0x224,8,04 08 00 A0 E3 00 10 08
78760.3,0x281,6,1C 00 FF 1F 00 01
78761.4,0x2B4,6,39 05 0B 0F FC 00
78762.0,0x201,8,00 33 50 19 00 E4 FF 00
78765.3,0x29D,4,00 00 00 20
78776.9,0x2C1,8,21 2B 0D 0A 02 00 00 00
78783.1,0x381,8,B2 00 00 00 00 00 A8 00
78786.9,0x201,8,59 38 98 00 01 00 00 00
78797.3,0x2C1,8,02 19 06 00 00 D0 92 09
78803.2,0x2F1,8,06 90 32 01 08 00 00 00
78812.0,0x201,8,02 00 00 00 00 00 00 00
78816.9,0x2C1,8,B3 1A 98 00 00 00 00 00
78820.9,0x381,8,13 00 00 00 00 04 FC FF
78837.1,0x201,8,03 00 00 00 00 00 00 00
78837.3,0x2C1,8,04 00 00 00 00 00 00 00
78837.5,0x301,8,0B 04 00 00 00 00 00 00
78857.0,0x2C1,8,50 44 FE 00 50 8E 02 00
78859.3,0x281,6,1C 00 FF 1F 00 01
78860.4,0x381,8,14 00 00 00 00 00 00 00
78860.8,0x2B4,6,37 05 0B 0F FC 00
78862.0,0x201,8,00 33 4F 19 00 E4 FF 00
78863.1,0x224,8,04 08 00 80 E3 00 10 08
78865.3,0x29D,4,00 00 00 20
78877.1,0x2C1,8,21 2B 0D 0A 02 00 00 00
78886.9,0x201,8,59 38 98 00 01 00 00 00
78896.9,0x2C1,8,02 19 06 00 00 D0 92 09
78897.1,0x381,8,15 40 58 32 50 00 1A 01
78903.2,0x2F1,8,07 00 00 00 00 00 00 00
78912.0,0x201,8,02 00 00 00 00 00 00 00
78916.9,0x2C1,8,B3 1A 98 00 00 00 00 00
78934.9,0x381,8,16 10 00 00 00 7F 00 00
78937.1,0x201,8,03 00 00 00 00 00 00 00
78937.8,0x2C1,8,04 00 00 00 00 00 00 00
78957.1,0x2C1,8,50 44 FE 00 50 8E 02 00
78959.5,0x281,6,1C 00 FF 1F 00 01
78960.5,0x224,8,04 08 00 80 E3 00 10 08
78960.7,0x2B4,6,39 05 0B 0F FE 00
78961.9,0x201,8,00 31 50 1A 00 E4 FF 00
78965.3,0x29D,4,00 00 00 20
78973.1,0x381,8,17 00 00 00 00 00 00 00
78977.1,0x2C1,8,21 2B 0D 0A 02 00 00 00
78986.8,0x201,8,59 38 98 00 01 00 00 00
78996.9,0x2C1,8,02 19 06 00 00 D0 92 09
79002.9,0x2F1,8,08 01 00 00 00 F0 03 00
79010.9,0x381,8,18 00 00 00 00 00 00 00
79012.0,0x201,8,02 00 00 00 00 00 00 00
79016.9,0x2C1,8,B3 1A 98 00 00 00 00 00
79037.1,0x201,8,03 00 00 00 00 00 00 00
79037.5,0x2C1,8,04 00 00 00 00 00 00 00
79049.1,0x381,8,19 00 00 00 00 00 00 00
79056.9,0x2C1,8,50 44 FE 00 50 8E 02 00
79059.8,0x281,6,1C 00 FF 1F 00 01
79060.2,0x2B4,6,3A 05 0C 0F FD 00
79060.4,0x224,8,04 08 00 A0 E3 00 10 08
79061.9,0x201,8,00 30 4F 19 00 E4 FF 00
79066.4,0x29D,4,00 00 00 20
79077.1,0x2C1,8,21 2B 0D 0A 02 00 00 00
79086.9,0x201,8,59 38 98 00 01 00 00 00
79087.1,0x381,8,80 89 07 40 DE 00 A8 15
79096.9,0x2C1,8,02 19 06 00 00 D0 92 09
79103.2,0x2F1,8,09 01 00 00 00 10 02 00
79112.0,0x201,8,02 00 00 00 00 00 00 00
79117.1,0x2C1,8,B3 1A 98 00 00 00 00 00
79125.0,0x381,8,81 5D 00 0E 95 94 94 40
79137.1,0x201,8,03 00 00 00 00 00 00 00
79137.6,0x2C1,8,04 00 00 00 00 00 00 00
79156.9,0x2C1,8,50 44 FE 00 50 8E 02 00
79159.6,0x281,6,1C 00 FF 1F 00 01
79160.3,0x224,8,04 08 00 80 E3 00 10 08
79160.5,0x2B4,6,3A 05 09 0F F6 00
79162.0,0x201,8,00 32 4F 1A 00 E4 FF 00
79163.0,0x381,8,22 A0 F8 77 41 20 00 00
79165.3,0x29D,4,00 00 00 20
79169.9,0x333,5,84 0A 2F 07 00
79176.9,0x2C1,8,21 2B 0D 0A 02 00 00 00
79186.9,0x201,8,59 38 98 00 01 00 00 00
79197.1,0x2C1,8,02 19 06 00 00 D0 92 09
79200.9,0x381,8,A3 32 3E 00 4C 29 04 00
79203.4,0x2F1,8,0A 85 01 00 00 00 00 00
79212.0,0x201,8,02 00 00 00 00 00 00 00
79217.1,0x2C1,8,B3 1A 98 00 00 00 00 00
79237.1,0x201,8,03 00 00 00 00 00 00 00
79237.3,0x2C1,8,04 00 00 00 00 00 00 00
79237.5,0x321,8,37 DA A8 91 01 8A 90 89
79238.9,0x381,8,04 00 00 00 00 00 00 00
79256.9,0x2C1,8,50 44 FE 00 50 8E 02 00
79259.5,0x281,6,1C 00 FF 1F 00 01
79260.2,0x2B4,6,3A 05 0A 0F F8 00
79260.5,0x224,8,04 08 00 C0 E3 00 10 08
79262.0,0x201,8,00 32 50 1A 00 E4 FF 00
79266.5,0x29D,4,00 00 00 20
79277.1,0x2C1,8,21 2B 0D 0A 02 00 00 00
79277.3,0x381,8,05 00 00 00 00 D9 64 08
79287.1,0x201,8,59 38 98 00 01 00 00 00
79296.9,0x2C1,8,02 19 06 00 00 D0 92 09
79303.2,0x2F1,8,2B 8B 00 00 00 00 00 00
79312.0,0x201,8,02 00 00 00 00 00 00 00
79315.1,0x381,8,06 00 00 00 00 00 00 00
79316.9,0x2C1,8,B3 1A 98 00 00 00 00 00
79337.0,0x201,8,03 00 00 00 00 00 00 00
79337.5,0x2C1,8,04 00 00 00 00 00 00 00
79352.9,0x381,8,07 00 00 00 00 00 00 00
79357.4,0x2C1,8,50 44 FE 00 50 8E 02 00
79359.3,0x281,6,1C 00 FF 1F 00 01
79360.5,0x224,8,04 08 00 80 E3 00 10 08
79360.7,0x2B4,6,3C 05 0B 0F F3 00
79362.0,0x201,8,00 32 4F 1A 00 E4 FF 00
79365.1,0x29D,4,00 00 00 20
79376.9,0x2C1,8,21 2B 0D 0A 02 00 00 00
79386.9,0x201,8,59 38 98 00 01 00 00 00
79391.1,0x381,8,08 00 00 00 00 00 00 00
79396.9,0x2C1,8,02 19 06 00 00 D0 92 09
79403.2,0x2F1,8,0C 0D 50 98 01 86 32 34
79412.0,0x201,8,02 00 00 00 00 00 00 00
79416.9,0x2C1,8,B3 1A 98 00 00 00 00 00
79428.9,0x381,8,09 00 00 00 00 00 00 00
79437.0,0x201,8,03 00 00 00 00 00 00 00
79437.5,0x2C1,8,04 00 00 00 00 00 00 00
79456.9,0x2C1,8,50 44 FE 00 50 8E 02 00
79459.6,0x281,6,1C 00 FF 1F 00 01
79460.2,0x2B4,6,3A 05 0A 0F FC 00
79460.5,0x224,8,04 08 00 A0 E3 00 10 08
79462.0,0x201,8,00 32 50 1A 00 E4 FF 00
79467.0,0x381,8,0A 00 00 00 00 00 00 00
79467.3,0x29D,4,00 00 00 20
79476.9,0x2C1,8,21 2B 0D 0A 02 00 00 00
79486.9,0x201,8,59 38 98 00 01 00 00 00
79497.1,0x2C1,8,02 19 06 00 00 D0 92 09
79503.3,0x2F1,8,0D C9 9B 40 21 00 08 00
79505.1,0x381,8,0B 00 00 00 00 00 00 00
79512.0,0x201,8,02 00 00 00 00 00 00 00
79517.1,0x2C1,8,B3 1A 98 00 00 00 00 00
79537.1,0x201,8,03 00 00 00 00 00 00 00
79537.6,0x2C1,8,04 00 00 00 00 00 00 00
79542.9,0x381,8,0C 00 00 00 00 00 00 00
79556.9,0x2C1,8,50 48 FE 00 50 8E 02 00
79559.6,0x281,6,1B 00 FF 1F 00 01
79560.3,0x2B4,6,36 05 0A 0F FA 00
79560.5,0x224,8,04 08 00 A0 E3 00 10 08
79562.0,0x201,8,00 33 51 1A 00 E4 FF 00
79565.3,0x29D,4,00 00 00 20
79576.9,0x2C1,8,21 2B 0D 0A 02 00 00 00
79582.1,0x381,8,0D 00 00 00 00 00 00 00
79586.9,0x201,8,59 38 98 00 01 00 00 00
79597.1,0x2C1,8,02 19 06 00 00 D0 92 09
79603.2,0x2F1,8,0E 00 00 00 00 00 00 00
79612.0,0x201,8,02 00 00 00 00 00 00 00
79616.9,0x2C1,8,B3 1A 98 00 00 00 00 00
79619.4,0x381,8,0E 00 00 00 00 E0 FF 00
79637.1,0x201,8,03 00 00 00 00 00 00 00
79637.3,0x2C1,8,04 00 00 00 00 00 00 00
79656.9,0x2C1,8,50 48 FE 00 50 8E 02 00
79657.2,0x381,8,EF FF FF CD 03 00 CF 0C
79659.6,0x281,6,1B 00 FF 1F 00 01
79660.5,0x224,8,04 08 00 E0 E3 00 10 08
79660.7,0x2B4,6,3A 05 0D 0F FB 00
79662.1,0x201,8,00 32 4F 19 00 E4 FF 00
79665.3,0x29D,4,00 00 00 20
79670.2,0x333,5,84 0A 2F 07 00
79677.7,0x2C1,8,21 2B 0D 0A 02 00 00 00
79686.9,0x201,8,59 38 98 00 01 00 00 00
79695.0,0x381,8,10 00 00 00 00 00 00 00
79696.9,0x2C1,8,02 19 06 00 00 D0 92 09
79703.2,0x2F1,8,0F 5E 69 96 99 B3 39 00
79712.0,0x201,8,02 00 00 00 00 00 00 00
79717.0,0x2C1,8,B3 1A 98 00 00 00 00 00
79733.0,0x381,8,11 00 00 00 00 00 00 00
79737.1,0x201,8,03 00 00 00 00 00 00 00
79737.6,0x2C1,8,04 00 00 00 00 00 00 00
79757.1,0x2C1,8,50 48 FE 00 50 8E 02 00
79759.3,0x224,8,04 08 00 C0 E3 00 10 08
79759.9,0x281,6,1C 00 FF 1F 00 01
79760.8,0x2B4,6,3A 05 0A 0F 01 01
79762.0,0x201,8,00 32 50 1A 00 E4 FF 00
79765.1,0x29D,4,00 00 00 20
79770.9,0x381,8,B2 00 00 00 00 00 A8 00
79777.2,0x2C1,8,21 2B 0D 0A 02 00 00 00
79786.9,0x201,8,59 38 98 00 01 00 00 00
79796.9,0x2C1,8,02 19 06 00 00 D0 92 09
79803.2,0x2F1,8,10 00 00 D3 13 00 00 00
79809.2,0x381,8,13 00 00 00 00 04 FC FF
79812.1,0x201,8,02 00 00 00 00 00 00 00
79817.0,0x2C1,8,B3 1A 98 00 00 00 00 00
79837.1,0x201,8,03 00 00 00 00 00 00 00
79837.6,0x2C1,8,04 00 00 00 00 00 00 00
79837.8,0x301,8,0D 5F FE 36 6F 00 00 00
79847.4,0x381,8,14 00 00 00 00 00 00 00
79857.0,0x2C1,8,50 48 FE 00 50 8E 02 00
79859.4,0x281,6,1B 00 FF 1F 00 01
79860.9,0x2B4,6,3C 05 0C 0F FA 00
79862.1,0x201,8,00 32 50 19 00 E4 FF 00
79862.9,0x224,8,04 08 00 A0 E3 00 10 08
79865.2,0x29D,4,00 00 00 20
79876.9,0x2C1,8,21 2B 0D 0A 02 00 00 00
79885.2,0x381,8,15 40 58 32 50 00 1A 01
79886.9,0x201,8,59 38 98 00 01 00 00 00
79896.9,0x2C1,8,02 19 06 00 00 D0 92 09
79903.5,0x2F1,8,11 54 00 4B 00 75 0C 00
79912.0,0x201,8,02 00 00 00 00 00 00 00
79917.5,0x2C1,8,B3 1A 98 00 00 00 00 00
79922.9,0x381,8,16 10 00 00 00 7F 00 00
79937.2,0x201,8,03 00 00 00 00 00 00 00
79937.7,0x2C1,8,04 00 00 00 00 00 00 00
79957.0,0x2C1,8,50 48 FE 00 50 8E 02 00
79959.4,0x281,6,1B 00 FF 1F 00 01
79960.5,0x224,8,04 08 00 C0 E3 00 10 08
79960.8,0x2B4,6,3A 05 0C 0F 01 01
79961.9,0x381,8,17 00 00 00 00 00 00 00
79962.1,0x201,8,00 32 51 1A 00 E4 FF 00
79965.4,0x29D,4,00 00 00 20
79976.9,0x2C1,8,21 2B 0D 0A 02 00 00 00
79987.2,0x201,8,59 38 98 00 01 00 00 00
79997.2,0x2C1,8,02 19 06 00 00 D0 92 09
79998.9,0x381,8,18 00 00 00 00 00 00 00
80003.2,0x2F1,8,32 11 00 00 00 01 00 00
80012.0,0x201,8,02 00 00 00 00 00 00 00
80017.0,0x2C1,8,B3 1A 98 00 00 00 00 00
80037.1,0x201,8,03 00 00 00 00 00 00 00
80037.3,0x2C1,8,04 00 00 00 00 00 00 00
80037.6,0x381,8,19 00 00 00 00 00 00 00
80057.2,0x2C1,8,58 48 FE 00 50 8E 02 00
80059.9,0x224,8,04 08 00 60 E3 00 10 08
80060.1,0x281,6,1B 00 FF 1F 00 01
80060.3,0x2B4,6,3A 05 0B 0F F7 00
80062.2,0x201,8,00 33 50 1A 00 E4 FF 00
80066.5,0x29D,4,00 00 00 20
80075.1,0x381,8,80 89 07 40 DE 00 A8 15
80077.2,0x2C1,8,21 2B 0D 0A 02 00 00 00
80086.9,0x201,8,59 38 98 00 01 00 00 00
80097.0,0x2C1,8,02 19 06 00 00 D0 92 09
80103.2,0x2F1,8,00 91 34 01 43 00 10 00
80112.1,0x201,8,02 00 00 00 00 00 00 00
80113.2,0x381,8,81 5D 00 0E 97 94 94 40
80117.0,0x2C1,8,B3 1A 98 00 00 00 00 00
80137.1,0x201,8,03 00 00 00 00 00 00 00
80137.6,0x2C1,8,04 00 00 00 00 00 00 00
80150.9,0x381,8,22 A0 F8 77 41 20 00 00
80157.2,0x2C1,8,58 48 FE 00 50 8E 02 00
80159.6,0x281,6,1B 00 FF 1F 00 01
80160.3,0x224,8,04 08 00 A0 E3 00 10 08
80160.5,0x2B4,6,39 05 0C 0F FA 00
80162.1,0x201,8,00 32 51 1A 00 E4 FF 00
80165.6,0x29D,4,00 00 00 20
80169.4,0x333,5,84 0A 2F 07 00
80177.0,0x2C1,8,21 2B 0D 0A 02 00 00 00
80186.9,0x201,8,59 38 98 00 01 00 00 00
80189.9,0x381,8,A3 32 3E 00 4C 29 04 00
80197.2,0x2C1,8,02 19 06 00 00 D0 92 09
80203.2,0x2F1,8,01 91 37 01 43 00 0A 00
80212.1,0x201,8,02 00 00 00 00 00 00 00
80217.0,0x2C1,8,B3 1A 98 00 00 00 00 00
80227.0,0x381,8,04 00 00 00 00 00 00 00
80237.1,0x201,8,03 00 00 00 00 00 00 00
80237.6,0x2C1,8,04 00 00 00 00 00 00 00
80237.8,0x321,8,37 DE A8 91 01 8A A0 9D
80257.0,0x2C1,8,58 44 FE 00 50 8E 02 00
80259.7,0x281,6,1B 00 FF 1F 00 01
80260.3,0x2B4,6,3A 05 0C 0F 00 01
80260.6,0x224,8,04 08 00 A0 E3 00 10 08
80262.1,0x201,8,00 33 4F 1A 00 E4 FF 00
80265.3,0x381,8,05 00 00 00 00 D9 64 08
80266.4,0x29D,4,00 00 00 20
80277.0,0x2C1,8,21 2B 0D 0A 02 00 00 00
80287.0,0x201,8,59 38 98 00 01 00 00 00
80297.0,0x2C1,8,02 19 06 00 00 D0 92 09
80303.3,0x2F1,8,02 91 3A 81 42 00 00 00
80303.5,0x381,8,06 00 00 00 00 00 00 00
80312.0,0x201,8,02 00 00 00 00 00 00 00
80317.2,0x2C1,8,B3 1A 98 00 00 00 00 00
80337.2,0x201,8,03 00 00 00 00 00 00 00
80337.7,0x2C1,8,04 00 00 00 00 00 00 00
80341.4,0x381,8,07 00 00 00 00 00 00 00
80357.0,0x2C1,8,58 44 FE 00 50 8E 02 00
80359.6,0x281,6,1B 00 FF 1F 00 01
80360.4,0x224,8,04 08 00 C0 E3 00 10 08
80360.6,0x2B4,6,3A 05 09 0F F7 00
80362.1,0x201,8,00 32 4F 1A 00 E4 FF 00
80366.5,0x29D,4,00 00 00 20
80376.9,0x2C1,8,21 2B 0D 0A 02 00 00 00
80379.2,0x381,8,08 00 00 00 00 00 00 00
80387.0,0x201,8,59 38 98 00 01 00 00 00
80397.2,0x2C1,8,02 19 06 00 00 D0 92 09
80403.3,0x2F1,8,03 91 35 81 42 00 01 00
80412.0,0x201,8,02 00 00 00 00 00 00 00
80417.0,0x2C1,8,B3 1A 98 00 00 00 00 00
80417.2,0x381,8,09 00 00 00 00 00 00 00
80437.0,0x2C1,8,04 00 00 00 00 00 00 00
80437.2,0x201,8,03 00 00 00 00 00 00 00
80455.0,0x381,8,0A 00 00 00 00 00 00 00
80457.0,0x2C1,8,58 44 FE 00 50 8E 02 00
80459.9,0x281,6,1B 00 FF 1F 00 01
80460.3,0x2B4,6,3C 05 0A 0F FB 00
80460.5,0x224,8,04 08 00 C0 E3 00 10 08
80462.2,0x201,8,00 33 4F 1A 00 E4 FF 00
80467.4,0x29D,4,00 00 00 20
80477.5,0x2C1,8,21 2B 0D 0A 02 00 00 00
80486.9,0x201,8,59 38 98 00 01 00 00 00
80493.2,0x381,8,0B 00 00 00 00 00 00 00
80497.0,0x2C1,8,02 19 06 00 00 D0 92 09
80503.4,0x2F1,8,04 10 37 81 2F 00 01 00
80512.1,0x201,8,02 00 00 00 00 00 00 00
80517.0,0x2C1,8,B3 1A 98 00 00 00 00 00
80531.0,0x381,8,0C 00 00 00 00 00 00 00
80537.1,0x201,8,03 00 00 00 00 00 00 00
80537.6,0x2C1,8,04 00 00 00 00 00 00 00
80557.2,0x2C1,8,58 44 FE 00 50 8E 02 00
80559.7,0x281,6,1C 00 FF 1F 00 01
80560.3,0x2B4,6,39 05 0B 0F F6 00
80560.6,0x224,8,04 08 00 C0 E3 00 10 08
80562.1,0x201,8,00 32 50 1A 00 E4 FF 00
80565.2,0x29D,4,00 00 00 20
80569.0,0x381,8,0D 00 00 00 00 00 00 00
80577.0,0x2C1,8,21 2B 0D 0A 02 00 00 00
80587.0,0x201,8,59 38 98 00 01 00 00 00
80597.0,0x2C1,8,02 19 06 00 00 D0 92 09
80603.5,0x2F1,8,05 10 36 01 2F 00 01 00
80607.0,0x381,8,0E 00 00 00 00 E0 FF 00
80612.1,0x201,8,02 00 00 00 00 00 00 00
80617.3,0x2C1,8,B3 1A 98 00 00 00 00 00
80637.1,0x201,8,03 00 00 00 00 00 00 00
80637.6,0x2C1,8,04 00 00 00 00 00 00 00
80645.2,0x381,8,EF FF FF CD 03 00 CF 0C
80657.0,0x2C1,8,58 44 FE 00 50 8E 02 00
80659.7,0x281,6,1C 00 FF 1F 00 01
80660.4,0x2B4,6,3A 05 0B 0F FD 00
80660.6,0x224,8,04 08 00 A0 E3 00 10 08
80662.2,0x201,8,00 33 4F 1A 00 E4 FF 00
80665.2,0x29D,4,00 00 00 20
80670.5,0x333,5,84 0A 2F 07 00
80677.0,0x2C1,8,21 2B 0D 0A 02 00 00 00
80683.0,0x381,8,10 00 00 00 00 00 00 00
80687.2,0x201,8,59 38 98 00 01 00 00 00
80697.0,0x2C1,8,02 19 06 00 00 D0 92 09
80703.3,0x2F1,8,06 10 33 01 08 00 01 00
80712.1,0x201,8,02 00 00 00 00 00 00 00
80717.2,0x2C1,8,B3 1A 98 00 00 00 00 00
80721.5,0x381,8,11 00 00 00 00 00 00 00
80737.2,0x201,8,03 00 00 00 00 00 00 00
80737.6,0x2C1,8,04 00 00 00 00 00 00 00
80757.3,0x2C1,8,50 44 FE 00 50 8E 02 00
80759.3,0x224,8,04 08 00 C0 E3 00 10 08
80759.9,0x281,6,1B 00 FF 1F 00 01
80760.8,0x2B4,6,3B 05 0A 0F FA 00
80762.2,0x201,8,00 33 50 1A 00 E4 FF 00
80762.5,0x381,8,B2 00 00 00 00 00 A8 00
80765.4,0x29D,4,00 00 00 20
80777.0,0x2C1,8,21 2B 0D 0A 02 00 00 00
80787.0,0x201,8,59 38 98 00 01 00 00 00
80797.2,0x2C1,8,02 19 06 00 00 D0 92 09
80798.0,0x381,8,13 00 00 00 00 03 FC FF
80803.3,0x2F1,8,07 00 00 00 00 00 00 00
80812.1,0x201,8,02 00 00 00 00 00 00 00
80817.0,0x2C1,8,B3 1A 98 00 00 00 00 00
80835.1,0x381,8,14 00 00 00 00 00 00 00
80837.0,0x301,8,11 00 00 00 00 00 00 00
80837.3,0x201,8,03 00 00 00 00 00 00 00
80837.5,0x2C1,8,04 00 00 00 00 00 00 00
80857.0,0x2C1,8,50 44 FE 00 50 8E 02 00
80859.5,0x281,6,1B 00 FF 1F 00 01
80860.7,0x2B4,6,3A 05 09 0F FC 00
80862.2,0x201,8,00 32 4E 19 00 E4 FF 00
80863.0,0x224,8,04 08 00 C0 E3 00 10 08
80865.2,0x29D,4,00 00 00 20
80873.0,0x381,8,15 40 58 32 50 00 1A 01
80877.2,0x2C1,8,21 2B 0D 0A 02 00 00 00
80887.0,0x201,8,59 38 98 00 01 00 00 00
80897.3,0x2C1,8,02 19 06 00 00 D0 92 09
80903.3,0x2F1,8,08 01 00 00 00 48 04 00
80911.5,0x381,8,16 10 00 00 00 7F 00 00
80912.2,0x201,8,02 00 00 00 00 00 00 00
80917.0,0x2C1,8,B3 1A 98 00 00 00 00 00
80937.2,0x201,8,03 00 00 00 00 00 00 00
80937.6,0x2C1,8,04 00 00 00 00 00 00 00
80949.3,0x381,8,17 00 00 00 00 00 00 00
80957.3,0x2C1,8,50 44 FE 00 50 8E 02 00
80959.5,0x281,6,1B 00 FF 1F 00 01
80960.7,0x224,8,04 08 00 C0 E3 00 10 08
80960.9,0x2B4,6,3A 05 0A 0F FC 00
80962.1,0x201,8,00 32 50 1A 00 E4 FF 00
80965.7,0x29D,4,00 00 00 20
80977.0,0x2C1,8,21 2B 0D 0A 02 00 00 00
80987.1,0x201,8,59 38 98 00 01 00 00 00
80987.3,0x381,8,18 00 00 00 00 00 00 00
80997.0,0x2C1,8,02 19 06 00 00 D0 92 09
81003.4,0x2F1,8,09 01 00 00 00 40 03 00
81012.1,0x201,8,02 00 00 00 00 00 00 00
81017.1,0x2C1,8,B3 1A 98 00 00 00 00 00
81025.2,0x381,8,19 00 00 00 00 00 00 00
81037.2,0x201,8,03 00 00 00 00 00 00 00
81037.7,0x2C1,8,04 00 00 00 00 00 00 00
81057.1,0x2C1,8,50 44 FE 00 50 8E 02 00
81059.7,0x281,6,1B 00 FF 1F 00 01
81060.5,0x224,8,04 08 00 80 E3 00 10 08
81061.0,0x2B4,6,39 05 09 0F F8 00
81062.1,0x201,8,00 32 4F 1A 00 E4 FF 00
81063.1,0x381,8,80 89 07 40 DE 00 A8 15
81066.6,0x29D,4,00 00 00 20
81077.1,0x2C1,8,21 2B 0D 0A 02 00 00 00
81087.1,0x201,8,59 38 98 00 01 00 00 00
81097.1,0x2C1,8,02 19 06 00 00 D0 92 09
81101.9,0x381,8,81 5D 00 0E 97 94 94 40
81103.3,0x2F1,8,0A 85 01 00 00 00 00 00
81112.2,0x201,8,02 00 00 00 00 00 00 00
81117.3,0x2C1,8,B3 1A 98 00 00 00 00 00
81137.2,0x201,8,03 00 00 00 00 00 00 00
81137.7,0x2C1,8,04 00 00 00 00 00 00 00
81139.0,0x381,8,22 A0 F8 77 41 20 00 00
81157.1,0x2C1,8,50 44 FE 00 50 8E 02 00
81159.5,0x281,6,1A 00 FF 1F 00 01
81160.5,0x224,8,04 08 00 80 E3 00 10 08
81160.8,0x2B4,6,39 05 0A 0F FA 00
81162.1,0x201,8,00 32 50 19 00 E4 FF 00
81165.7,0x29D,4,00 00 00 20
81169.5,0x333,5,84 0A 2F 07 00
81177.3,0x2C1,8,21 2B 0D 0A 02 00 00 00
81177.5,0x381,8,A3 30 3E 00 4C 99 04 00
81187.0,0x201,8,59 38 98 00 01 00 00 00
81197.3,0x2C1,8,02 19 06 00 00 D0 92 09
81203.4,0x2F1,8,2B 8D 00 00 00 00 00 00
81212.2,0x201,8,02 00 00 00 00 00 00 00
81215.1,0x381,8,04 00 00 00 00 00 00 00
81217.1,0x2C1,8,B3 1A 98 00 00 00 00 00
81237.1,0x321,8,37 DE A8 91 01 8A B0 AD
81237.3,0x201,8,03 00 00 00 00 00 00 00
81237.6,0x2C1,8,04 00 00 00 00 00 00 00
81253.1,0x381,8,05 00 00 00 00 D9 64 08
81257.1,0x2C1,8,50 44 FE 00 50 8E 02 00
81259.5,0x281,6,1A 00 FF 1F 00 01
81260.6,0x224,8,04 08 00 C0 E3 00 10 08
81260.8,0x2B4,6,3A 05 0B 0F F1 00
81262.1,0x201,8,00 33 4F 1A 00 E4 FF 00
81266.7,0x29D,4,00 00 00 20
81277.3,0x2C1,8,21 2B 0D 0A 02 00 00 00
81287.1,0x201,8,59 38 98 00 01 00 00 00
81291.5,0x381,8,06 00 00 00 00 00 00 00
81297.1,0x2C1,8,02 19 06 00 00 D0 92 09
81303.6,0x2F1,8,0C 0D 40 18 01 86 32 35
81312.2,0x201,8,02 00 00 00 00 00 00 00
81317.3,0x2C1,8,B3 1A 98 00 00 00 00 00
81329.1,0x381,8,07 00 00 00 00 00 00 00
81337.2,0x201,8,03 00 00 00 00 00 00 00
81337.7,0x2C1,8,04 00 00 00 00 00 00 00
81357.3,0x2C1,8,50 44 FE 00 50 8E 02 00
81359.6,0x281,6,1A 00 FF 1F 00 01
81360.7,0x224,8,04 08 00 60 E3 00 10 08
81360.9,0x2B4,6,38 05 0A 0F 01 01
81362.2,0x201,8,00 33 50 1A 00 E4 FF 00
81365.3,0x29D,4,00 00 00 20
81367.2,0x381,8,08 00 00 00 00 00 00 00
81377.1,0x2C1,8,21 2B 0D 0A 02 00 00 00
81387.3,0x201,8,59 38 98 00 01 00 00 00
81397.1,0x2C1,8,02 19 06 00 00 D0 92 09
81403.5,0x2F1,8,0D C9 9B 40 21 40 07 00
81405.6,0x381,8,09 00 00 00 00 00 00 00
81412.2,0x201,8,02 00 00 00 00 00 00 00
81417.1,0x2C1,8,B3 1A 98 00 00 00 00 00
81437.2,0x201,8,03 00 00 00 00 00 00 00
81437.7,0x2C1,8,04 00 00 00 00 00 00 00
81443.3,0x381,8,0A 00 00 00 00 00 00 00
81457.3,0x2C1,8,50 48 FE 00 50 8E 02 00
81460.0,0x224,8,04 08 00 A0 E3 00 10 08
81460.2,0x281,6,19 00 FF 1F 00 01
81460.4,0x2B4,6,38 05 09 0F F2 00
81462.2,0x201,8,00 32 50 19 00 E4 FF 00
81466.4,0x29D,4,00 00 00 20
81477.1,0x2C1,8,21 2B 0D 0A 02 00 00 00
81481.6,0x381,8,0B 00 00 00 00 00 00 00
81487.1,0x201,8,59 28 98 00 01 00 00 00
81497.1,0x2C1,8,02 19 06 00 00 D0 92 09
81503.6,0x2F1,8,0E 00 00 00 00 00 00 00
81512.2,0x201,8,02 00 00 00 00 00 00 00
81517.4,0x2C1,8,B3 1A 98 00 00 00 00 00
81519.6,0x381,8,0C 00 00 00 00 00 00 00
81537.2,0x201,8,03 00 00 00 00 00 00 00
81537.7,0x2C1,8,04 00 00 00 00 00 00 00
81557.1,0x2C1,8,50 48 FE 00 50 8E 02 00
81557.4,0x381,8,0D 00 00 00 00 00 00 00
81559.8,0x281,6,18 00 FF 1F 00 01
81560.5,0x224,8,04 08 00 80 E3 00 10 08
81560.7,0x2B4,6,39 05 09 0F FC 00
81562.2,0x201,8,00 31 50 1A 00 E4 FF 00
81565.7,0x29D,4,00 00 00 20
81577.1,0x2C1,8,21 2B 0D 0A 02 00 00 00
81587.1,0x201,8,59 28 98 00 01 00 00 00
81595.2,0x381,8,0E 00 00 00 00 E0 FF 00
81597.6,0x2C1,8,02 19 06 00 00 D0 92 09
81603.4,0x2F1,8,0F 5F 79 96 99 C3 39 00
81612.2,0x201,8,02 00 00 00 00 00 00 00
81617.1,0x2C1,8,B3 1A 98 00 00 00 00 00
81633.2,0x381,8,EF FF FF CD 03 00 CF 0C
81637.2,0x201,8,03 00 00 00 00 00 00 00
81637.5,0x2C1,8,04 00 00 00 00 00 00 00
81657.1,0x2C1,8,50 44 FE 00 50 8E 02 00
81659.6,0x281,6,18 00 FF 1F 00 01
81660.6,0x224,8,04 08 00 80 E3 00 10 08
81660.8,0x2B4,6,38 05 09 0F FE 00
81662.3,0x201,8,00 31 4F 1A 00 E4 FF 00
81665.5,0x29D,4,00 00 00 20
81670.7,0x333,5,84 0A 2F 07 00
81671.6,0x381,8,10 00 00 00 00 00 00 00
81677.3,0x2C1,8,21 2B 0D 0A 02 00 00 00
81687.1,0x201,8,59 28 98 00 01 00 00 00
81697.1,0x2C1,8,02 19 06 00 00 D0 92 09
81703.4,0x2F1,8,10 00 00 D6 13 00 00 00
81709.6,0x381,8,11 00 00 00 00 00 00 00
81712.2,0x201,8,02 00 00 00 00 00 00 00
81717.1,0x2C1,8,B3 1A 98 00 00 00 00 00
81737.4,0x201,8,03 00 00 00 00 00 00 00
81737.9,0x2C1,8,04 00 00 00 00 00 00 00
81747.1,0x381,8,B2 00 00 00 00 00 A8 00
81757.3,0x2C1,8,50 44 FE 00 50 8E 02 00
81759.2,0x224,8,04 08 00 80 E3 00 10 08
81760.1,0x281,6,16 00 FF 1F 00 01
81760.9,0x2B4,6,3B 05 09 0F FB 00
81762.3,0x201,8,00 31 50 1A 00 E4 FF 00
81765.7,0x29D,4,00 00 00 20
81777.1,0x2C1,8,21 2B 0D 0A 02 00 00 00
81785.1,0x381,8,13 00 00 00 00 04 FC FF
81787.1,0x201,8,59 28 98 00 01 00 00 00
81797.1,0x2C1,8,02 19 06 00 00 D0 92 09
81803.1,0x2F1,8,11 54 00 4B 00 76 0C 00
81812.2,0x201,8,02 00 00 00 00 00 00 00
81817.1,0x2C1,8,B3 1A 98 00 00 00 00 00
81823.1,0x381,8,14 00 00 00 00 00 00 00
81837.2,0x201,8,03 00 00 00 00 00 00 00
81837.7,0x2C1,8,04 00 00 00 00 00 00 00
81838.0,0x301,8,12 5C 0A D0 26 6F 00 AE
81857.1,0x2C1,8,50 44 FE 00 50 8E 02 00
81859.9,0x281,6,17 00 FF 1F 00 01
81860.7,0x2B4,6,3D 05 09 0F FD 00
81861.4,0x381,8,15 40 58 32 50 00 1A 01
81862.2,0x201,8,00 32 4F 1A 00 E4 FF 00
81863.7,0x224,8,04 08 00 A0 E3 00 10 08
81865.5,0x29D,4,00 00 00 20
81877.4,0x2C1,8,21 2B 0D 0A 02 00 00 00
81887.1,0x201,8,59 28 98 00 01 00 00 00
81897.1,0x2C1,8,02 19 06 00 00 D0 92 09
81899.1,0x381,8,16 10 00 00 00 7F 00 00
81903.4,0x2F1,8,32 14 00 00 00 01 00 00
81912.2,0x201,8,02 00 00 00 00 00 00 00
81917.4,0x2C1,8,B3 1A 98 00 00 00 00 00
81937.2,0x201,8,03 00 00 00 00 00 00 00
81937.8,0x2C1,8,04 00 00 00 00 00 00 00
81938.0,0x381,8,17 00 00 00 00 00 00 00
81957.2,0x2C1,8,50 44 FE 00 50 8E 02 00
81959.8,0x281,6,17 00 FF 1F 00 01
81960.5,0x2B4,6,3A 05 0A 0F FC 00
81960.8,0x224,8,04 08 00 C0 E3 00 10 08
81962.2,0x201,8,00 31 50 1A 00 E4 FF 00
81965.7,0x29D,4,00 00 00 20
81976.0,0x381,8,18 00 00 00 00 00 00 00
81977.2,0x2C1,8,21 2B 0D 0A 02 00 00 00
81987.2,0x201,8,59 28 98 00 01 00 00 00
81997.4,0x2C1,8,02 19 06 00 00 D0 92 09
82004.1,0x2F1,8,00 91 34 01 43 00 10 00
82012.3,0x201,8,02 00 00 00 00 00 00 00
82013.4,0x381,8,19 00 00 00 00 00 00 00
82017.4,0x2C1,8,B3 1A 98 00 00 00 00 00
82037.3,0x201,8,03 00 00 00 00 00 00 00
82037.5,0x2C1,8,04 00 00 00 00 00 00 00
82051.4,0x381,8,80 89 07 40 DE 00 A8 15
82057.2,0x2C1,8,50 44 FE 00 50 8E 02 00
82060.0,0x281,6,16 00 FF 1F 00 01
82060.4,0x2B4,6,3B 05 0A 0F F8 00
82060.7,0x224,8,04 08 00 C0 E3 00 10 08
82062.3,0x201,8,00 30 4E 19 00 E4 FF 00
82066.7,0x29D,4,00 00 00 20
82077.4,0x2C1,8,21 2B 0D 0A 02 00 00 00
82087.4,0x201,8,59 28 98 00 01 00 00 00
82090.1,0x381,8,81 5D 00 0E 97 94 94 40
82097.2,0x2C1,8,02 19 06 00 00 D0 92 09
82103.6,0x2F1,8,01 11 37 01 43 80 08 00
82112.2,0x201,8,02 00 00 00 00 00 00 00
82117.2,0x2C1,8,B3 1A 98 00 00 00 00 00
82127.2,0x381,8,22 A0 F8 77 41 20 00 00
82137.4,0x201,8,03 00 00 00 00 00 00 00
82137.9,0x2C1,8,04 00 00 00 00 00 00 00
82158.7,0x2C1,8,50 44 FE 00 50 8E 02 00
82159.6,0x281,6,16 00 FF 1F 00 01
82160.8,0x224,8,04 08 00 C0 E3 00 10 08
82161.0,0x2B4,6,3D 05 09 0F F3 00
82162.3,0x201,8,00 32 50 1A 00 E4 FF 00
82165.4,0x381,8,A3 30 3E 00 4C 29 04 00
82165.8,0x29D,4,00 00 00 20
82169.7,0x333,5,84 0A 2F 07 00
82177.2,0x2C1,8,21 2B 0D 0A 02 00 00 00
82187.2,0x201,8,59 28 98 00 01 00 00 00
82197.2,0x2C1,8,02 19 06 00 00 D0 92 09
82203.2,0x2F1,8,02 11 3A 81 42 00 00 00
82203.7,0x381,8,04 00 00 00 00 00 00 00
82212.2,0x201,8,02 00 00 00 00 00 00 00
82217.2,0x2C1,8,B3 1A 98 00 00 00 00 00
82237.3,0x201,8,03 00 00 00 00 00 00 00
82237.8,0x2C1,8,04 00 00 00 00 00 00 00
82238.0,0x321,8,37 DA A8 91 01 8A C0 B9
82241.9,0x381,8,05 00 00 00 80 D9 64 08
82257.2,0x2C1,8,50 44 FE 00 50 8E 02 00
82260.0,0x281,6,16 00 FF 1F 00 01
82260.7,0x224,8,04 08 00 A0 E3 00 10 08
82260.8,0x2B4,6,39 05 0B 0F FC 00
82262.3,0x201,8,00 32 4F 1A 00 E4 FF 00
82266.7,0x29D,4,00 00 00 20
82277.2,0x2C1,8,21 2B 0D 0A 02 00 00 00
82279.4,0x381,8,06 00 00 00 00 00 00 00
82287.2,0x201,8,59 28 98 00 01 00 00 00
82297.4,0x2C1,8,02 19 06 00 00 D0 92 09
82303.3,0x2F1,8,03 11 36 81 42 00 01 00
82312.3,0x201,8,02 00 00 00 00 00 00 00
82317.4,0x2C1,8,B3 1A 98 00 00 00 00 00
82317.7,0x381,8,07 00 00 00 00 00 00 00
82337.3,0x201,8,03 00 00 00 00 00 00 00
82337.8,0x2C1,8,04 00 00 00 00 00 00 00
82355.2,0x381,8,08 00 00 00 00 00 00 00
82357.2,0x2C1,8,50 44 FE 00 50 8E 02 00
82359.5,0x281,6,16 00 FF 1F 00 01
82360.1,0x2B4,6,3B 05 09 0F F3 00
82360.9,0x224,8,04 08 00 80 E3 00 10 08
82362.4,0x201,8,00 32 50 1A 00 E4 FF 00
82365.8,0x29D,4,00 00 00 20
82377.2,0x2C1,8,21 2B 0D 0A 02 00 00 00
82387.2,0x201,8,59 28 98 00 01 00 00 00
82393.2,0x381,8,09 00 00 00 00 00 00 00
82397.4,0x2C1,8,02 19 06 00 00 D0 92 09
82403.3,0x2F1,8,04 10 37 81 2F 00 01 00
82412.3,0x201,8,02 00 00 00 00 00 00 00
82417.4,0x2C1,8,B3 1A 98 00 00 00 00 00
82431.4,0x381,8,0A 00 00 00 00 00 00 00
82437.3,0x201,8,03 00 00 00 00 00 00 00
82437.5,0x2C1,8,04 00 00 00 00 00 00 00
82457.2,0x2C1,8,50 44 FE 00 50 8E 02 00
82460.0,0x281,6,16 00 FF 1F 00 01
82460.5,0x2B4,6,38 05 0A 0F FE 00
82460.7,0x224,8,04 08 00 80 E3 00 10 08
82462.4,0x201,8,00 32 4F 1A 00 E4 FF 00
82467.7,0x29D,4,00 00 00 20
82469.3,0x381,8,0B 00 00 00 00 00 00 00
82477.4,0x2C1,8,21 2B 0D 0A 02 00 00 00
82487.2,0x201,8,59 28 98 00 01 00 00 00
82497.2,0x2C1,8,02 19 06 00 00 D0 92 09
82503.5,0x2F1,8,05 10 36 01 2F 00 01 00
82507.4,0x381,8,0C 00 00 00 00 00 00 00
82512.3,0x201,8,02 00 00 00 00 00 00 00
82517.2,0x2C1,8,B3 1A 98 00 00 00 00 00
82537.4,0x201,8,03 00 00 00 00 00 00 00
82537.9,0x2C1,8,04 00 00 00 00 00 00 00
82545.2,0x381,8,0D 00 00 00 00 00 00 00
82557.4,0x2C1,8,50 44 FE 00 50 8E 02 00
82559.7,0x281,6,15 00 FF 1F 00 01
82560.6,0x224,8,04 08 00 80 E3 00 10 08
82560.8,0x2B4,6,38 05 0A 0F FC 00
82562.3,0x201,8,00 32 50 1A 00 E4 FF 00
82565.8,0x29D,4,00 00 00 20
82577.4,0x2C1,8,21 2B 0D 0A 02 00 00 00
82583.2,0x381,8,0E 00 00 00 00 E0 FF 00
82587.2,0x201,8,59 28 98 00 01 00 00 00
82597.2,0x2C1,8,02 19 06 00 00 D0 92 09
82603.3,0x2F1,8,06 90 32 01 08 00 00 00
82612.3,0x201,8,02 00 00 00 00 00 00 00
82617.2,0x2C1,8,B3 1A 98 00 00 00 00 00
82621.6,0x381,8,EF FF FF CD 03 00 CF 0C
82637.5,0x201,8,03 00 00 00 00 00 00 00
82637.8,0x2C1,8,04 00 00 00 00 00 00 00
82657.2,0x2C1,8,50 44 FE 00 50 8E 02 00
82660.1,0x281,6,16 00 FF 1F 00 01
82660.7,0x224,8,04 08 00 80 E3 00 10 08
82660.9,0x2B4,6,39 05 09 0F FE 00
82661.1,0x381,8,10 00 00 00 00 00 00 00
82662.3,0x201,8,00 32 50 1A 00 E4 FF 00
82666.3,0x29D,4,00 00 00 20
82670.7,0x333,5,84 0A 2F 07 00
82677.2,0x2C1,8,21 2B 0D 0A 02 00 00 00
82687.2,0x201,8,59 28 98 00 01 00 00 00
82697.2,0x2C1,8,02 19 06 00 00 D0 92 09
82697.5,0x381,8,11 00 00 00 00 00 00 00
82703.7,0x2F1,8,07 00 00 00 00 00 00 00
82712.3,0x201,8,02 00 00 00 00 00 00 00
82717.7,0x2C1,8,B3 1A 98 00 00 00 00 00
82735.2,0x381,8,B2 00 00 00 00 00 A8 00
82737.3,0x201,8,03 00 00 00 00 00 00 00
82737.8,0x2C1,8,04 00 00 00 00 00 00 00
82757.2,0x2C1,8,50 44 FE 00 50 8E 02 00
82759.4,0x224,8,04 08 00 A0 E3 00 10 08
82760.0,0x281,6,17 00 FF 1F 00 01
82760.9,0x2B4,6,3A 05 0B 0F FB 00
82762.3,0x201,8,00 32 4F 1A 00 E4 FF 00
82765.8,0x29D,4,00 00 00 20
82773.5,0x381,8,13 00 00 00 00 04 FC FF
82777.2,0x2C1,8,21 2B 0D 0A 02 00 00 00
82787.5,0x201,8,59 28 98 00 01 00 00 00
82797.5,0x2C1,8,02 19 06 00 00 D0 92 09
82803.5,0x2F1,8,08 01 00 00 00 60 03 00
82811.4,0x381,8,14 00 00 00 00 00 00 00
82812.3,0x201,8,02 00 00 00 00 00 00 00
82817.2,0x2C1,8,B3 1A 98 00 00 00 00 00
82837.3,0x201,8,03 00 00 00 00 00 00 00
82837.6,0x2C1,8,04 00 00 00 00 00 00 00
82837.8,0x301,8,13 03 00 00 00 00 00 00
82849.3,0x381,8,15 40 58 32 50 00 1A 01
82857.5,0x2C1,8,50 44 FE 00 50 8E 02 00
82859.7,0x281,6,18 00 FF 1F 00 01
82860.9,0x2B4,6,3B 05 09 0F F4 00
82862.4,0x201,8,00 32 50 1A 00 E4 FF 00
82862.9,0x224,8,04 08 00 A0 E3 00 10 08
82865.6,0x29D,4,00 00 00 20
82877.5,0x2C1,8,21 2B 0D 0A 02 00 00 00
82887.2,0x201,8,59 28 98 00 01 00 00 00
82887.5,0x381,8,16 10 00 00 00 7F 00 00
82897.2,0x2C1,8,02 19 06 00 00 D0 92 09
82903.3,0x2F1,8,09 01 00 00 00 50 03 00
82912.3,0x201,8,02 00 00 00 00 00 00 00
82917.3,0x2C1,8,B3 1A 98 00 00 00 00 00
82926.2,0x381,8,17 00 00 00 00 00 00 00
82937.3,0x201,8,03 00 00 00 00 00 00 00
82937.8,0x2C1,8,04 00 00 00 00 00 00 00
82957.4,0x2C1,8,50 44 FE 00 50 8E 02 00
82959.7,0x281,6,18 00 FF 1F 00 01
82960.1,0x2B4,6,39 05 0A 0F F9 00
82961.0,0x224,8,04 08 00 80 E3 00 10 08
82962.3,0x201,8,00 32 4F 1A 00 E4 FF 00
82963.4,0x381,8,18 00 00 00 00 00 00 00
82966.7,0x29D,4,00 00 00 20
82977.2,0x2C1,8,21 2B 0D 0A 02 00 00 00
82987.2,0x201,8,59 28 98 00 01 00 00 00
82997.5,0x2C1,8,02 19 06 00 00 D0 92 09
83001.9,0x381,8,19 00 00 00 00 00 00 00
83003.3,0x2F1,8,0A 85 01 00 00 00 00 00
83012.3,0x201,8,02 00 00 00 00 00 00 00
83017.2,0x2C1,8,B3 1A 98 00 00 00 00 00
83037.4,0x201,8,03 00 00 00 00 00 00 00
83037.9,0x2C1,8,04 00 00 00 00 00 00 00
83039.5,0x381,8,80 89 07 40 DE 00 A8 15
83057.3,0x2C1,8,50 44 FE 00 50 8E 02 00
83060.0,0x281,6,19 00 FF 1F 00 01
83060.7,0x224,8,04 08 00 60 E3 00 10 08
83060.9,0x2B4,6,3C 05 08 0F F4 00
83062.4,0x201,8,00 32 50 1A 00 E4 FF 00
83068.0,0x29D,4,00 00 00 20
83077.3,0x2C1,8,21 2B 0D 0A 02 00 00 00
83077.5,0x381,8,81 5D 00 0E 97 94 94 40
83087.2,0x201,8,59 38 98 00 01 00 00 00
83097.2,0x2C1,8,02 19 06 00 00 D0 92 09
83103.3,0x2F1,8,2B 89 00 00 00 00 00 00
83112.3,0x201,8,02 00 00 00 00 00 00 00
83115.2,0x381,8,22 A0 F8 77 41 20 00 00
83117.5,0x2C1,8,B3 1A 98 00 00 00 00 00
83137.3,0x201,8,03 00 00 00 00 00 00 00
83138.0,0x2C1,8,04 00 00 00 00 00 00 00
83153.3,0x381,8,A3 32 3E 00 4C 99 04 00
83157.3,0x2C1,8,50 48 FE 00 50 8E 02 00
83159.9,0x281,6,19 00 FF 1F 00 01
83160.6,0x224,8,04 08 00 C0 E3 00 10 08
83160.9,0x2B4,6,39 05 09 0F F3 00
83162.4,0x201,8,00 33 50 19 00 E4 FF 00
83166.5,0x29D,4,00 00 00 20
83169.6,0x333,5,84 0A 2F 07 00
83177.4,0x2C1,8,21 2B 0D 0A 02 00 00 00
83187.2,0x201,8,59 28 98 00 01 00 00 00
83191.4,0x381,8,04 00 00 00 00 00 00 00
83197.5,0x2C1,8,02 19 06 00 00 D0 92 09
83203.5,0x2F1,8,0C 0D 40 58 01 86 32 34
83212.3,0x201,8,02 00 00 00 00 00 00 00
83217.3,0x2C1,8,B3 1A 98 00 00 00 00 00
83229.8,0x381,8,05 00 00 00 00 D9 64 08
83237.4,0x201,8,03 00 00 00 00 00 00 00
83237.7,0x2C1,8,04 00 00 00 00 00 00 00
83238.0,0x321,8,37 DE A8 91 01 8A D0 CD
83258.2,0x2C1,8,50 44 FE 00 50 8E 02 00
83259.7,0x281,6,19 00 FF 1F 00 01
83260.4,0x224,8,04 08 00 40 E3 00 10 08
83260.7,0x2B4,6,39 05 0A 0F F8 00
83262.4,0x201,8,00 32 4F 1A 00 E4 FF 00
83266.6,0x29D,4,00 00 00 20
83267.9,0x381,8,06 00 00 00 00 00 00 00
83277.7,0x2C1,8,21 2B 0D 0A 02 00 00 00
83287.2,0x201,8,59 28 98 00 01 00 00 00
83297.3,0x2C1,8,02 19 06 00 00 D0 92 09
83303.3,0x2F1,8,0D C9 9B 40 21 80 06 00
83305.7,0x381,8,07 00 00 00 00 00 00 00
83312.3,0x201,8,02 00 00 00 00 00 00 00
83317.3,0x2C1,8,B3 1A 98 00 00 00 00 00
83337.3,0x2C1,8,04 00 00 00 00 00 00 00
83337.5,0x201,8,03 00 00 00 00 00 00 00
83343.3,0x381,8,08 00 00 00 00 00 00 00
83357.5,0x2C1,8,50 48 FE 00 50 8E 02 00
83359.7,0x281,6,19 00 FF 1F 00 01
83360.1,0x2B4,6,3B 05 0A 0F FA 00
83361.1,0x224,8,04 08 00 80 E3 00 10 08
83362.4,0x201,8,00 32 50 1A 00 E4 FF 00
83365.8,0x29D,4,00 00 00 20
83377.5,0x2C1,8,21 2B 0D 0A 02 00 00 00
83381.6,0x381,8,09 00 00 00 00 00 00 00
83387.3,0x201,8,59 28 98 00 01 00 00 00
83397.2,0x2C1,8,02 19 06 00 00 D0 92 09
83404.1,0x2F1,8,0E 00 00 00 00 00 00 00
83412.3,0x201,8,02 00 00 00 00 00 00 00
83417.5,0x2C1,8,B3 1A 98 00 00 00 00 00
83420.0,0x381,8,0A 00 00 00 00 00 00 00
83437.5,0x201,8,03 00 00 00 00 00 00 00
83437.8,0x2C1,8,04 00 00 00 00 00 00 00
83457.3,0x2C1,8,50 48 FE 00 50 8E 02 00
83457.5,0x381,8,0B 00 00 00 00 00 00 00
83459.5,0x281,6,18 00 FF 1F 00 01
83459.9,0x2B4,6,3B 05 09 0F FB 00
83460.9,0x224,8,04 08 00 60 E3 00 10 08
83462.3,0x201,8,00 32 50 19 00 E4 FF 00
83467.6,0x29D,4,00 00 00 20
83477.3,0x2C1,8,21 2B 0D 0A 02 00 00 00
83487.5,0x201,8,59 28 98 00 01 00 00 00
83495.3,0x381,8,0C 00 00 00 00 00 00 00
83497.3,0x2C1,8,02 19 06 00 00 D0 92 09
83503.6,0x2F1,8,0F 5E A9 96 99 B3 39 00
83512.4,0x201,8,02 00 00 00 00 00 00 00
83517.5,0x2C1,8,B3 1A 98 00 00 00 00 00
83533.6,0x381,8,0D 00 00 00 00 00 00 00
83537.5,0x201,8,03 00 00 00 00 00 00 00
83538.0,0x2C1,8,04 00 00 00 00 00 00 00
83557.5,0x2C1,8,50 48 FE 00 50 8E 02 00
83559.5,0x281,6,17 00 FF 1F 00 01
83560.1,0x2B4,6,3A 05 0A 0F 00 01
83561.1,0x224,8,04 08 00 60 E3 00 10 08
83562.5,0x201,8,00 32 50 1A 00 E4 FF 00
83566.4,0x29D,4,00 00 00 20
83571.9,0x381,8,0E 00 00 00 00 E0 FF 00
83577.3,0x2C1,8,21 2B 0D 0A 02 00 00 00
83587.3,0x201,8,59 28 98 00 01 00 00 00
83597.5,0x2C1,8,02 19 06 00 00 D0 92 09
83603.5,0x2F1,8,10 00 00 D3 13 00 00 00
83609.3,0x381,8,EF FF FF CD 03 00 CF 0C
83612.4,0x201,8,02 00 00 00 00 00 00 00
83617.3,0x2C1,8,B3 1A 98 00 00 00 00 00
83637.3,0x201,8,03 00 00 00 00 00 00 00
83637.5,0x2C1,8,04 00 00 00 00 00 00 00
83647.3,0x381,8,10 00 00 00 00 00 00 00
83657.3,0x2C1,8,50 48 FE 00 50 8E 02 00
83659.7,0x281,6,18 00 FF 1F 00 01
83660.1,0x2B4,6,34 05 0A 0F FC 00
83661.4,0x224,8,04 08 00 80 E3 00 10 08
83662.4,0x201,8,00 32 50 1A 00 E4 FF 00
83665.9,0x29D,4,00 00 00 20
83670.4,0x333,5,84 0A 2F 07 00
83673.8,0x333,5,84 0B 2F 07 00
83677.5,0x2C1,8,21 2B 0D 0A 02 00 00 00
83685.3,0x381,8,11 00 00 00 00 00 00 00
83687.3,0x201,8,59 28 98 00 01 00 00 00
83697.5,0x2C1,8,02 19 06 00 00 D0 92 09
83703.3,0x2F1,8,11 54 00 4B 00 78 0C 00
83712.4,0x201,8,02 00 00 00 00 00 00 00
83717.3,0x2C1,8,B3 1A 98 00 00 00 00 00
83723.3,0x381,8,B2 00 00 00 00 00 A8 00
83737.3,0x2C1,8,04 00 00 00 00 00 00 00
83737.6,0x201,8,03 00 00 00 00 00 00 00
83757.5,0x2C1,8,50 48 FE 00 50 8E 02 00
83759.3,0x224,8,04 08 00 80 E3 00 10 08
83760.2,0x281,6,18 00 FF 1F 00 01
83761.6,0x2B4,6,3A 05 07 0F F9 00
83762.4,0x201,8,00 32 50 1A 00 E4 FF 00
83763.0,0x381,8,13 00 00 00 00 04 FC FF
83765.6,0x29D,4,00 00 00 20
83777.3,0x2C1,8,21 2B 0D 0A 02 00 00 00
83787.3,0x201,8,59 28 98 00 01 00 00 00
83797.3,0x2C1,8,02 19 06 00 00 D0 92 09
83799.3,0x381,8,14 00 00 00 00 00 00 00
83803.6,0x2F1,8,32 0E 00 00 00 01 00 00
83812.4,0x201,8,02 00 00 00 00 00 00 00
83817.3,0x2C1,8,B3 1A 98 00 00 00 00 00
83837.3,0x301,8,14 05 00 82 0A FC FD 00
83837.6,0x201,8,03 00 00 00 00 00 00 00
83838.1,0x2C1,8,04 00 00 00 00 00 00 00
83838.5,0x381,8,15 40 58 32 50 00 1A 01
83857.3,0x2C1,8,58 48 FE 00 50 8E 02 00
83859.3,0x224,8,04 08 00 80 E3 00 10 08
83860.2,0x281,6,17 00 FF 1F 00 01
83861.3,0x2B4,6,39 05 09 0F FD 00
83862.4,0x201,8,00 33 50 1A 00 E4 FF 00
83866.4,0x29D,4,00 00 00 20
83875.7,0x381,8,16 10 00 00 00 7F 00 00
83877.3,0x2C1,8,21 2B 0D 0A 02 00 00 00
83887.3,0x201,8,59 28 98 00 01 00 00 00
83897.3,0x2C1,8,02 19 06 00 00 D0 92 09
83903.6,0x2F1,8,00 91 34 01 43 00 10 00
83912.4,0x201,8,02 00 00 00 00 00 00 00
83913.4,0x381,8,17 00 00 00 00 00 00 00
83917.5,0x2C1,8,B3 1A 98 00 00 00 00 00
83937.6,0x201,8,03 00 00 00 00 00 00 00
83938.0,0x2C1,8,04 00 00 00 00 00 00 00
83951.4,0x381,8,18 00 00 00 00 00 00 00
83957.3,0x2C1,8,58 48 FE 00 50 8E 02 00
83959.5,0x281,6,16 00 FF 1F 00 01
83960.4,0x2B4,6,39 05 0A 0F F3 00
83961.3,0x224,8,04 08 00 80 E3 00 10 08
83962.6,0x201,8,00 32 50 1A 00 E4 FF 00
83967.2,0x29D,4,00 00 00 20
83977.5,0x2C1,8,21 2B 0D 0A 02 00 00 00
83987.3,0x201,8,59 28 98 00 01 00 00 00
83990.0,0x381,8,19 00 00 00 00 00 00 00
83997.5,0x2C1,8,02 19 06 00 00 D0 92 09
84003.7,0x2F1,8,01 91 37 01 43 80 08 00
84012.4,0x201,8,02 00 00 00 00 00 00 00
84017.3,0x2C1,8,B3 1A 98 00 00 00 00 00
84027.3,0x381,8,80 89 07 40 DE 00 A8 15
84037.5,0x201,8,03 00 00 00 00 00 00 00
84037.7,0x2C1,8,04 00 00 00 00 00 00 00
84057.3,0x2C1,8,58 48 FE 00 50 8E 02 00
84059.7,0x281,6,17 00 FF 1F 00 01
84060.4,0x2B4,6,3B 05 08 0F FB 00
84061.4,0x224,8,04 08 00 60 E3 00 10 08
84062.5,0x201,8,00 32 51 1A 00 E4 FF 00
84066.0,0x381,8,81 5D 00 0E 97 94 94 40
84067.3,0x29D,4,00 00 00 20
84077.5,0x2C1,8,21 2B 0D 0A 02 00 00 00
84087.3,0x201,8,59 28 98 00 01 00 00 00
84097.3,0x2C1,8,02 19 06 00 00 D0 92 09
84103.8,0x2F1,8,02 91 3A 81 42 00 00 00
84104.3,0x381,8,22 A0 F8 77 41 20 00 00
84112.4,0x201,8,02 00 00 00 00 00 00 00
84117.5,0x2C1,8,B3 1A 98 00 00 00 00 00
84128.2,0x333,5,84 0C 2F 07 00
84137.6,0x201,8,03 00 00 00 00 00 00 00
84138.0,0x2C1,8,04 00 00 00 00 00 00 00
84141.7,0x381,8,A3 32 3E 00 4C 29 04 00
84157.5,0x2C1,8,58 48 FE 00 50 8E 02 00
84159.7,0x281,6,17 00 FF 1F 00 01
84160.1,0x2B4,6,38 05 0B 0F F5 00
84161.1,0x224,8,04 08 00 80 E3 00 10 08
84162.4,0x201,8,00 33 50 1A 00 E4 FF 00
84167.1,0x29D,4,00 00 00 20
84170.2,0x333,5,84 0C 2F 07 00
84177.3,0x2C1,8,21 2B 0D 0A 02 00 00 00
84179.4,0x381,8,04 00 00 00 00 00 00 00
84187.5,0x201,8,59 28 98 00 01 00 00 00
84197.3,0x2C1,8,02 19 06 00 00 D0 92 09
84203.6,0x2F1,8,03 91 35 81 42 00 01 00
84212.4,0x201,8,02 00 00 00 00 00 00 00
84217.3,0x2C1,8,B3 1A 98 00 00 00 00 00
84217.6,0x381,8,05 00 00 00 00 D9 64 08
84237.3,0x321,8,37 DE A8 91 01 8A E0 DD
84237.5,0x201,8,03 00 00 00 00 00 00 00
84238.0,0x2C1,8,04 00 00 00 00 00 00 00
84255.3,0x381,8,06 00 00 00 00 00 00 00
84257.5,0x2C1,8,58 44 FE 00 50 8E 02 00
84259.7,0x281,6,18 00 FF 1F 00 01
84260.4,0x2B4,6,3B 05 09 0F FD 00
84261.6,0x224,8,04 08 00 60 E3 00 10 08
84262.5,0x201,8,00 32 50 1A 00 E4 FF 00
84267.1,0x29D,4,00 00 00 20
84277.3,0x2C1,8,21 2B 0D 0A 02 00 00 00
84287.3,0x201,8,59 28 98 00 01 00 00 00
84293.3,0x381,8,07 00 00 00 00 00 00 00
84297.3,0x2C1,8,02 19 06 00 00 D0 92 09
84303.6,0x2F1,8,04 10 37 81 2F 00 01 00
84312.4,0x201,8,02 00 00 00 00 00 00 00
84317.5,0x2C1,8,B3 1A 98 00 00 00 00 00
84331.4,0x381,8,08 00 00 00 00 00 00 00
84337.3,0x2C1,8,04 00 00 00 00 00 00 00
84337.6,0x201,8,03 00 00 00 00 00 00 00
84357.3,0x2C1,8,50 44 FE 00 50 8E 02 00
84359.6,0x281,6,18 00 FF 1F 00 01
84360.5,0x2B4,6,3B 05 0A 0F 01 01
84361.4,0x224,8,04 08 00 40 E3 00 10 08
84362.6,0x201,8,00 34 50 1A 00 E4 FF 00
84366.9,0x29D,4,00 00 00 20
84370.2,0x381,8,09 00 00 00 00 00 00 00
84377.3,0x2C1,8,21 2B 0D 0A 02 00 00 00
84387.3,0x201,8,59 28 98 00 01 00 00 00
84397.8,0x2C1,8,02 19 06 00 00 D0 92 09
84403.6,0x2F1,8,05 10 36 01 2F 00 01 00
84407.3,0x381,8,0A 00 00 00 00 00 00 00
84412.4,0x201,8,02 00 00 00 00 00 00 00
84417.3,0x2C1,8,B3 1A 98 00 00 00 00 00
84437.4,0x2C1,8,04 00 00 00 00 00 00 00
84437.6,0x201,8,03 00 00 00 00 00 00 00
84446.0,0x381,8,0B 00 00 00 00 00 00 00
84457.3,0x2C1,8,50 44 FE 00 50 8E 02 00
84459.4,0x224,8,04 08 00 80 E3 00 10 08
84460.1,0x281,6,19 00 FF 1F 00 01
84460.7,0x2B4,6,38 05 0A 0F FB 00
84462.4,0x201,8,00 32 4F 19 00 E4 FF 00
84468.1,0x29D,4,00 00 00 20
84477.6,0x2C1,8,21 2B 0D 0A 02 00 00 00
84483.3,0x381,8,0C 00 00 00 00 00 00 00
84487.3,0x201,8,59 28 98 00 01 00 00 00
84497.3,0x2C1,8,02 19 06 00 00 D0 92 09
84503.4,0x2F1,8,06 10 33 01 08 00 01 00
84512.4,0x201,8,02 00 00 00 00 00 00 00
84517.3,0x2C1,8,B3 1A 98 00 00 00 00 00
84521.6,0x381,8,0D 00 00 00 00 00 00 00
84537.5,0x201,8,03 00 00 00 00 00 00 00
84538.0,0x2C1,8,04 00 00 00 00 00 00 00
84557.5,0x2C1,8,50 44 FE 00 50 8E 02 00
84559.7,0x281,6,19 00 FF 1F 00 01
84559.9,0x2B4,6,3C 05 09 0F FA 00
84560.9,0x224,8,04 08 00 A0 E3 00 10 08
84561.8,0x381,8,0E 00 00 00 00 E0 FF 00
84562.6,0x201,8,00 32 4F 1A 00 E4 FF 00
84566.9,0x29D,4,00 00 00 20
84577.3,0x2C1,8,21 2B 0D 0A 02 00 00 00
84587.3,0x201,8,59 38 98 00 01 00 00 00
84597.3,0x2C1,8,02 19 06 00 00 D0 92 09
84597.6,0x381,8,EF FF FF CD 03 00 CF 0C
84603.8,0x2F1,8,07 00 00 00 00 00 00 00
84612.4,0x201,8,02 00 00 00 00 00 00 00
84617.4,0x2C1,8,B3 1A 98 00 00 00 00 00
84635.8,0x381,8,10 00 00 00 00 00 00 00
84637.6,0x201,8,03 00 00 00 00 00 00 00
84638.1,0x2C1,8,04 00 00 00 00 00 00 00
84657.4,0x2C1,8,50 44 FE 00 50 8E 02 00
84659.7,0x281,6,19 00 FF 1F 00 01
84660.2,0x2B4,6,3A 05 09 0F F9 00
84661.0,0x224,8,04 08 00 60 E3 00 10 08
84662.4,0x201,8,00 32 4F 1A 00 E4 FF 00
84666.9,0x29D,4,00 00 00 20
84670.7,0x333,5,84 0C 2F 07 00
84673.4,0x381,8,11 00 00 00 00 00 00 00
84677.6,0x2C1,8,21 2B 0D 0A 02 00 00 00
84687.3,0x201,8,59 38 98 00 01 00 00 00
84697.3,0x2C1,8,02 19 06 00 00 D0 92 09
84703.6,0x2F1,8,08 01 00 00 00 F0 02 00
84711.4,0x381,8,B2 00 00 00 00 00 A8 00
84712.4,0x201,8,02 00 00 00 00 00 00 00
84717.6,0x2C1,8,B3 1A 98 00 00 00 00 00
84737.4,0x2C1,8,04 00 00 00 00 00 00 00
84737.6,0x201,8,03 00 00 00 00 00 00 00
84749.6,0x381,8,13 00 00 00 00 04 FC FF
84757.4,0x2C1,8,50 44 FE 00 50 8E 02 00
84759.4,0x224,8,04 08 00 40 E3 00 10 08
84760.1,0x281,6,19 00 FF 1F 00 01
84761.0,0x2B4,6,38 05 0A 0F F7 00
84762.4,0x201,8,00 32 4F 1A 00 E4 FF 00
84766.9,0x29D,4,00 00 00 20
84777.4,0x2C1,8,21 2B 0D 0A 02 00 00 00
84787.4,0x201,8,59 28 98 00 01 00 00 00
84787.6,0x381,8,14 00 00 00 00 00 00 00
84797.6,0x2C1,8,02 19 06 00 00 D0 92 09
84803.8,0x2F1,8,09 01 00 00 00 70 03 00
84812.4,0x201,8,02 00 00 00 00 00 00 00
84817.6,0x2C1,8,B3 1A 98 00 00 00 00 00
84825.5,0x381,8,15 40 58 32 50 00 1A 01
84837.4,0x2C1,8,04 00 00 00 00 00 00 00
84837.7,0x201,8,03 00 00 00 00 00 00 00
84837.9,0x301,8,10 00 00 00 07 33 36 73
84857.4,0x2C1,8,50 44 FE 00 50 8E 02 00
84859.6,0x281,6,18 00 FF 1F 00 01
84860.1,0x2B4,6,39 05 09 0F EF 00
84861.0,0x224,8,04 08 00 A0 E3 00 10 08
84862.5,0x201,8,00 33 50 1A 00 E4 FF 00
84863.4,0x381,8,16 10 00 00 00 7F 00 00
84866.8,0x29D,4,00 00 00 20
84877.6,0x2C1,8,21 2B 0D 0A 02 00 00 00
84887.6,0x201,8,59 28 98 00 01 00 00 00
84897.4,0x2C1,8,02 19 06 00 00 D0 92 09
84902.2,0x381,8,17 00 00 00 00 00 00 00
84903.4,0x2F1,8,0A 85 01 00 00 00 00 00
84912.4,0x201,8,02 00 00 00 00 00 00 00
84917.4,0x2C1,8,B3 1A 98 00 00 00 00 00
84937.7,0x201,8,03 00 00 00 00 00 00 00
84938.1,0x2C1,8,04 00 00 00 00 00 00 00
84939.4,0x381,8,18 00 00 00 00 00 00 00
84957.8,0x2C1,8,50 44 FE 00 50 8E 02 00
84959.8,0x281,6,17 00 FF 1F 00 01
84960.2,0x2B4,6,3A 05 0A 0F FC 00
84961.4,0x224,8,04 08 00 60 E3 00 10 08
84962.5,0x201,8,00 32 4F 1A 00 E4 FF 00
84966.8,0x29D,4,00 00 00 20
84977.4,0x2C1,8,21 2B 0D 0A 02 00 00 00
84977.6,0x381,8,19 00 00 00 00 00 00 00
84987.4,0x201,8,59 28 98 00 01 00 00 00
84997.4,0x2C1,8,02 19 06 00 00 D0 92 09
85003.7,0x2F1,8,2B 76 00 00 00 00 00 00
85012.5,0x201,8,02 00 00 00 00 00 00 00
85015.4,0x381,8,80 89 07 40 DE 00 A8 15
85017.4,0x2C1,8,B3 1A 98 00 00 00 00 00
85037.6,0x201,8,03 00 00 00 00 00 00 00
85038.0,0x2C1,8,04 00 00 00 00 00 00 00
85053.9,0x381,8,81 5D 00 0E 97 94 94 40
85057.4,0x2C1,8,50 44 FE 00 50 8E 02 00
85060.0,0x281,6,17 00 FF 1F 00 01
85060.3,0x224,8,04 08 00 60 E3 00 10 08
85060.7,0x2B4,6,3B 05 0B 0F FA 00
85062.5,0x201,8,00 32 50 1A 00 E4 FF 00
85067.0,0x29D,4,00 00 00 20
85077.4,0x2C1,8,21 2B 0D 0A 02 00 00 00
85087.4,0x201,8,59 28 98 00 01 00 00 00
85091.6,0x381,8,22 A0 F8 77 41 20 00 00
85097.6,0x2C1,8,02 19 06 00 00 D0 92 09
85103.6,0x2F1,8,0C 1D 40 D8 01 86 32 34
85112.5,0x201,8,02 00 00 00 00 00 00 00
85117.6,0x2C1,8,B3 1A 98 00 00 00 00 00
85129.8,0x381,8,A3 32 3E 00 4C 29 04 00
85137.7,0x201,8,03 00 00 00 00 00 00 00
85138.1,0x2C1,8,04 00 00 00 00 00 00 00
85157.4,0x2C1,8,50 44 FE 00 50 8E 02 00
85159.6,0x281,6,18 00 FF 1F 00 01
85160.1,0x2B4,6,39 05 0B 0F FC 00
85161.0,0x224,8,04 08 00 A0 E3 00 10 08
85162.6,0x201,8,00 32 4F 1A 00 E4 FF 00
85167.0,0x29D,4,00 00 00 20
85168.1,0x381,8,04 00 00 00 00 00 00 00
85170.0,0x333,5,84 0C 2F 07 00
85177.4,0x2C1,8,21 2B 0D 0A 02 00 00 00
85187.4,0x201,8,59 28 98 00 01 00 00 00
85197.6,0x2C1,8,02 19 06 00 00 D0 92 09
85203.7,0x2F1,8,0D 49 9C 40 21 40 07 00
85205.4,0x381,8,05 00 00 00 80 D8 64 08
85212.5,0x201,8,02 00 00 00 00 00 00 00
85217.4,0x2C1,8,B3 1A 98 00 00 00 00 00
85237.4,0x2C1,8,04 00 00 00 00 00 00 00
85237.7,0x201,8,03 00 00 00 00 00 00 00
85238.1,0x321,8,37 DE A8 91 01 8A F0 ED
85243.4,0x381,8,06 00 00 00 00 00 00 00
85257.4,0x2C1,8,50 44 FE 00 50 8E 02 00
85259.1,0x224,8,04 08 00 40 E3 00 10 08
85259.8,0x281,6,17 00 FF 1F 00 01
85260.5,0x2B4,6,3A 05 0A 0F 02 01
85262.5,0x201,8,00 33 50 1A 00 E4 FF 00
85266.9,0x29D,4,00 00 00 20
85277.7,0x2C1,8,21 2B 0D 0A 02 00 00 00
85281.7,0x381,8,07 00 00 00 00 00 00 00
85287.4,0x201,8,59 28 98 00 01 00 00 00
85297.4,0x2C1,8,02 19 06 00 00 D0 92 09
85303.7,0x2F1,8,0E 00 00 00 00 00 00 00
85312.5,0x201,8,02 00 00 00 00 00 00 00
85317.4,0x2C1,8,B3 1A 98 00 00 00 00 00
85319.9,0x381,8,08 00 00 00 00 00 00 00
85337.4,0x2C1,8,04 00 00 00 00 00 00 00
85337.7,0x201,8,03 00 00 00 00 00 00 00
85357.7,0x2C1,8,50 44 FE 00 50 8E 02 00
85359.4,0x224,8,04 08 00 60 E3 00 10 08
85359.9,0x281,6,16 00 FF 1F 00 01
85360.5,0x2B4,6,3A 05 09 0F FA 00
85362.1,0x381,8,09 00 00 00 00 00 00 00
85362.6,0x201,8,00 32 4F 1A 00 E4 FF 00
85366.7,0x29D,4,00 00 00 20
85377.7,0x2C1,8,21 2B 0D 0A 02 00 00 00
85387.4,0x201,8,59 28 98 00 01 00 00 00
85395.6,0x381,8,0A 00 00 00 00 00 00 00
85397.4,0x2C1,8,02 19 06 00 00 D0 92 09
85403.7,0x2F1,8,0F 5F B9 96 99 C3 39 00
85412.5,0x201,8,02 00 00 00 00 00 00 00
85417.4,0x2C1,8,B3 1A 98 00 00 00 00 00
85434.0,0x381,8,0B 00 00 00 00 00 00 00
85437.7,0x201,8,03 00 00 00 00 00 00 00
85437.9,0x2C1,8,04 00 00 00 00 00 00 00
85457.4,0x2C1,8,50 44 FE 00 50 8E 02 00
85459.1,0x224,8,04 08 00 60 E3 00 10 08
85459.8,0x281,6,17 00 FF 1F 00 01
85460.4,0x2B4,6,3B 05 0C 0F FD 00
85462.5,0x201,8,00 31 4F 1A 00 E4 FF 00
85467.7,0x29D,4,00 00 00 20
85471.6,0x381,8,0C 00 00 00 00 00 00 00
85477.4,0x2C1,8,21 2B 0D 0A 02 00 00 00
85487.4,0x201,8,59 28 98 00 01 00 00 00
85497.4,0x2C1,8,02 19 06 00 00 D0 92 09
85503.5,0x2F1,8,10 00 00 CF 13 00 00 00
85509.7,0x381,8,0D 00 00 00 00 00 00 00
85512.5,0x201,8,02 00 00 00 00 00 00 00
85517.9,0x2C1,8,B3 1A 98 00 00 00 00 00
85537.6,0x201,8,03 00 00 00 00 00 00 00
85538.1,0x2C1,8,04 00 00 00 00 00 00 00
85547.4,0x381,8,0E 00 00 00 00 E0 FF 00
85557.4,0x2C1,8,50 44 FE 00 50 8E 02 00
85559.7,0x281,6,17 00 FF 1F 00 01
85560.1,0x2B4,6,39 05 0E 0F F4 00
85561.0,0x224,8,04 08 00 60 E3 00 10 08
85562.5,0x201,8,00 31 50 1A 00 E4 FF 00
85567.0,0x29D,4,00 00 00 20
85577.5,0x2C1,8,21 2B 0D 0A 02 00 00 00
85585.4,0x381,8,EF FF FF CD 03 00 CF 0C
85587.6,0x201,8,59 28 98 00 01 00 00 00
85597.7,0x2C1,8,02 19 06 00 00 D0 92 09
85603.5,0x2F1,8,11 54 00 4B 00 7A 0C 00
85612.5,0x201,8,02 00 00 00 00 00 00 00
85617.6,0x2C1,8,B3 1A 98 00 00 00 00 00
85623.4,0x381,8,10 00 00 00 00 00 00 00
85637.7,0x201,8,03 00 00 00 00 00 00 00
85638.0,0x2C1,8,04 00 00 00 00 00 00 00
85657.7,0x2C1,8,50 44 FE 00 50 8E 02 00
85659.9,0x281,6,16 00 FF 1F 00 01
85660.1,0x2B4,6,39 05 0A 0F F9 00
85661.0,0x224,8,04 08 00 40 E3 00 10 08
85661.9,0x381,8,11 00 00 00 00 00 00 00
85662.6,0x201,8,00 32 50 1A 00 E4 FF 00
85666.5,0x29D,4,00 00 00 20
85670.4,0x333,5,84 0C 2F 07 00
85677.7,0x2C1,8,21 2B 0D 0A 02 00 00 00
85687.4,0x201,8,59 28 98 00 01 00 00 00
85697.4,0x2C1,8,02 19 06 00 00 D0 92 09
85699.7,0x381,8,B2 00 00 00 00 00 A8 00
85703.9,0x2F1,8,32 15 00 00 00 01 00 00
85712.5,0x201,8,02 00 00 00 00 00 00 00
85717.4,0x2C1,8,B3 1A 98 00 00 00 00 00
85737.7,0x201,8,03 00 00 00 00 00 00 00
85738.0,0x2C1,8,04 00 00 00 00 00 00 00
85738.2,0x381,8,13 00 00 00 00 04 FC FF
85757.7,0x2C1,8,50 44 FE 00 50 8E 02 00
85759.5,0x224,8,04 08 00 40 E3 00 10 08
85760.1,0x281,6,15 00 FF 1F 00 01
85761.0,0x2B4,6,3B 05 0B 0F FC 00
85762.6,0x201,8,00 31 4F 1A 00 E4 FF 00
85766.4,0x29D,4,00 00 00 20
85776.1,0x381,8,14 00 00 00 00 00 00 00
85777.5,0x2C1,8,21 2B 0D 0A 02 00 00 00
85787.5,0x201,8,59 28 98 00 01 00 00 00
85797.7,0x2C1,8,02 19 06 00 00 D0 92 09
85803.7,0x2F1,8,00 11 34 01 43 00 10 00
85812.6,0x201,8,02 00 00 00 00 00 00 00
85813.4,0x381,8,15 40 58 32 50 00 1A 01
85817.5,0x2C1,8,B3 1A 98 00 00 00 00 00
85837.5,0x301,8,17 00 00 00 07 33 36 73
85837.7,0x201,8,03 00 00 00 00 00 00 00
85838.2,0x2C1,8,04 00 00 00 00 00 00 00
85851.5,0x381,8,16 10 00 00 00 7F 00 00
85857.5,0x2C1,8,50 44 FE 00 50 8E 02 00
85859.5,0x224,8,04 08 00 60 E3 00 10 08
85860.2,0x281,6,16 00 FF 1F 00 01
85860.9,0x2B4,6,3B 05 0B 0F F4 00
85862.6,0x201,8,00 31 50 1A 00 E4 FF 00
85866.7,0x29D,4,00 00 00 20
85877.5,0x2C1,8,21 2B 0D 0A 02 00 00 00
85887.4,0x201,8,59 28 98 00 01 00 00 00
85890.3,0x381,8,17 00 00 00 00 00 00 00
85897.5,0x2C1,8,02 19 06 00 00 D0 92 09
85903.7,0x2F1,8,01 91 37 01 43 80 08 00
85912.5,0x201,8,02 00 00 00 00 00 00 00
85917.7,0x2C1,8,B3 1A 98 00 00 00 00 00
85927.5,0x381,8,18 00 00 00 00 00 00 00
85937.7,0x201,8,03 00 00 00 00 00 00 00
85938.2,0x2C1,8,04 00 00 00 00 00 00 00
85957.5,0x2C1,8,50 44 FE 00 50 8E 02 00
85959.7,0x281,6,17 00 FF 1F 00 01
85960.1,0x2B4,6,3A 05 0C 0F F8 00
85961.1,0x224,8,04 08 00 40 E3 00 10 08
85962.5,0x201,8,00 31 4F 1A 00 E4 FF 00
85966.6,0x29D,4,00 00 00 20
85967.5,0x381,8,19 00 00 00 00 00 00 00
85977.5,0x2C1,8,21 2B 0D 0A 02 00 00 00
85987.4,0x201,8,59 28 98 00 01 00 00 00
85997.7,0x2C1,8,02 19 06 00 00 D0 92 09
86004.3,0x2F1,8,02 91 3A 81 42 00 00 00
86004.6,0x381,8,80 89 07 40 DE 00 A8 15
86012.5,0x201,8,02 00 00 00 00 00 00 00
86017.5,0x2C1,8,B3 1A 98 00 00 00 00 00
86037.6,0x201,8,03 00 00 00 00 00 00 00
86037.9,0x2C1,8,04 00 00 00 00 00 00 00
86041.5,0x381,8,81 5D 00 0E 97 94 94 40
86057.5,0x2C1,8,50 44 FE 00 50 8E 02 00
86058.9,0x224,8,04 08 00 40 E3 00 10 08
86060.0,0x281,6,16 00 FF 1F 00 01
86060.7,0x2B4,6,3A 05 0B 0F F9 00
86062.6,0x201,8,00 31 50 1A 00 E4 FF 00
86067.5,0x29D,4,00 00 00 20
86077.9,0x2C1,8,21 2B 0D 0A 02 00 00 00
86079.7,0x381,8,22 A0 F8 77 41 20 00 00
86087.5,0x201,8,59 28 98 00 01 00 00 00
86097.5,0x2C1,8,02 19 06 00 00 D0 92 09
86103.8,0x2F1,8,03 11 36 81 42 00 01 00
86112.5,0x201,8,02 00 00 00 00 00 00 00
86117.5,0x2C1,8,B3 1A 98 00 00 00 00 00
86117.7,0x381,8,A3 32 3E 00 4C 29 04 00
86137.7,0x201,8,03 00 00 00 00 00 00 00
86138.2,0x2C1,8,04 00 00 00 00 00 00 00
86155.5,0x381,8,04 00 00 00 00 00 00 00
86157.7,0x2C1,8,50 48 FE 00 50 8E 02 00
86159.5,0x224,8,04 08 00 40 E3 00 10 08
86160.2,0x281,6,15 00 FF 1F 00 01
86160.8,0x2B4,6,3C 05 0B 0F FE 00
86162.8,0x201,8,00 31 50 1A 00 E4 FF 00
86166.6,0x29D,4,00 00 00 20
86170.1,0x333,5,84 0C 2F 07 00
86177.5,0x2C1,8,21 2B 0D 0A 02 00 00 00
86187.5,0x201,8,59 28 98 00 01 00 00 00
86193.4,0x381,8,05 00 00 00 80 D8 64 08
86197.5,0x2C1,8,02 19 06 00 00 D0 92 09
86204.0,0x2F1,8,04 10 37 81 2F 00 01 00
86212.6,0x201,8,02 00 00 00 00 00 00 00
86217.7,0x2C1,8,B3 1A 98 00 00 00 00 00
86231.7,0x381,8,06 00 00 00 00 00 00 00
86237.5,0x321,8,37 DE A8 91 01 8A 00 FD
86237.7,0x201,8,03 00 00 00 00 00 00 00
86238.2,0x2C1,8,04 00 00 00 00 00 00 00
86257.5,0x2C1,8,50 48 FE 00 50 8E 02 00
86258.8,0x224,8,04 08 00 60 E3 00 10 08
86260.0,0x281,6,16 00 FF 1F 00 01
86260.6,0x2B4,6,3C 05 0E 0F FB 00
86262.5,0x201,8,00 32 50 19 00 E4 FF 00
86266.8,0x29D,4,00 00 00 20
86269.9,0x381,8,07 00 00 00 00 00 00 00
86277.5,0x2C1,8,21 2B 0D 0A 02 00 00 00
86287.7,0x201,8,59 28 98 00 01 00 00 00
86297.5,0x2C1,8,02 19 06 00 00 D0 92 09
86303.7,0x2F1,8,05 10 36 01 2F 00 01 00
86307.5,0x381,8,08 00 00 00 00 00 00 00
86312.5,0x201,8,02 00 00 00 00 00 00 00
86317.7,0x2C1,8,B3 1A 98 00 00 00 00 00
86337.5,0x2C1,8,04 00 00 00 00 00 00 00
86337.8,0x201,8,03 00 00 00 00 00 00 00
86345.5,0x381,8,09 00 00 00 00 00 00 00
86357.7,0x2C1,8,50 48 FE 00 50 8E 02 00
86359.0,0x224,8,04 08 00 40 E3 00 10 08
86360.2,0x281,6,17 00 FF 1F 00 01
86360.8,0x2B4,6,38 05 0C 0F F9 00
86362.6,0x201,8,00 31 50 1A 00 E4 FF 00
86366.6,0x29D,4,00 00 00 20
86377.5,0x2C1,8,21 2B 0D 0A 02 00 00 00
86383.5,0x381,8,0A 00 00 00 00 00 00 00
86387.5,0x201,8,59 28 98 00 01 00 00 00
86397.7,0x2C1,8,02 19 06 00 00 D0 92 09
86403.7,0x2F1,8,06 10 33 01 08 00 01 00
86412.5,0x201,8,02 00 00 00 00 00 00 00
86417.5,0x2C1,8,B3 1A 98 00 00 00 00 00
86421.7,0x381,8,0B 00 00 00 00 00 00 00
86437.5,0x2C1,8,04 00 00 00 00 00 00 00
86437.8,0x201,8,03 00 00 00 00 00 00 00
86457.5,0x2C1,8,50 44 FE 00 50 8E 02 00
86458.8,0x224,8,04 08 00 80 E3 00 10 08
86460.0,0x281,6,16 00 FF 1F 00 01
86460.6,0x2B4,6,3B 05 0C 0F F5 00
86462.0,0x381,8,0C 00 00 00 00 00 00 00
86462.6,0x201,8,00 32 50 1A 00 E4 FF 00
86467.6,0x29D,4,00 00 00 20
86477.7,0x2C1,8,21 2B 0D 0A 02 00 00 00
86487.5,0x201,8,59 28 98 00 01 00 00 00
86497.7,0x2C1,8,02 19 06 00 00 D0 92 09
86498.0,0x381,8,0D 00 00 00 00 00 00 00
86503.9,0x2F1,8,07 00 00 00 00 00 00 00
86512.6,0x201,8,02 00 00 00 00 00 00 00
86517.5,0x2C1,8,B3 1A 98 00 00 00 00 00
86535.9,0x381,8,0E 00 00 00 00 E0 FF 00
86537.7,0x201,8,03 00 00 00 00 00 00 00
86538.2,0x2C1,8,04 00 00 00 00 00 00 00
86557.8,0x2C1,8,50 44 FE 00 50 8E 02 00
86559.9,0x281,6,16 00 FF 1F 00 01
86560.1,0x2B4,6,39 05 0C 0F F9 00
86561.1,0x224,8,04 08 00 60 E3 00 10 08
86562.5,0x201,8,00 32 4F 1A 00 E4 FF 00
86566.7,0x29D,4,00 00 00 20
86573.8,0x381,8,EF FF FF CD 03 00 CF 0C
86577.7,0x2C1,8,21 2B 0D 0A 02 00 00 00
86587.5,0x201,8,59 28 98 00 01 00 00 00
86597.5,0x2C1,8,02 19 06 00 00 D0 92 09
86603.8,0x2F1,8,08 01 00 00 00 78 03 00
86611.5,0x381,8,10 00 00 00 00 00 00 00
86612.5,0x201,8,02 00 00 00 00 00 00 00
86617.5,0x2C1,8,B3 1A 98 00 00 00 00 00
86637.8,0x201,8,03 00 00 00 00 00 00 00
86638.2,0x2C1,8,04 00 00 00 00 00 00 00
86649.8,0x381,8,11 00 00 00 00 00 00 00
86657.5,0x2C1,8,50 44 FE 00 50 8E 02 00
86658.8,0x224,8,04 08 00 20 E3 00 10 08
86660.0,0x281,6,15 00 FF 1F 00 01
86660.7,0x2B4,6,39 05 0D 0F F8 00
86662.6,0x201,8,00 32 4F 1A 00 E4 FF 00
86666.0,0x29D,4,00 00 00 20
86670.7,0x333,5,84 0C 2F 07 00
86677.5,0x2C1,8,21 2B 0D 0A 02 00 00 00
86687.5,0x201,8,59 28 98 00 01 00 00 00
86687.8,0x381,8,B2 00 00 00 00 00 A8 00
86697.5,0x2C1,8,02 19 06 00 00 D0 92 09
86703.8,0x2F1,8,09 01 00 00 00 40 03 00
86712.6,0x201,8,02 00 00 00 00 00 00 00
86717.8,0x2C1,8,B3 1A 98 00 00 00 00 00
86726.5,0x381,8,13 00 00 00 00 04 FC FF
86737.8,0x201,8,03 00 00 00 00 00 00 00
86738.2,0x2C1,8,04 00 00 00 00 00 00 00
86757.5,0x2C1,8,50 44 FE 00 50 8E 02 00
86758.8,0x224,8,04 08 00 80 E3 00 10 08
86760.0,0x281,6,15 00 FF 1F 00 01
86760.9,0x2B4,6,38 05 0C 0F F4 00
86762.7,0x201,8,00 33 50 19 00 E4 FF 00
86764.0,0x381,8,14 00 00 00 00 00 00 00
86766.6,0x29D,4,00 00 00 20
86777.5,0x2C1,8,21 2B 0D 0A 02 00 00 00
86787.5,0x201,8,59 28 98 00 01 00 00 00
86797.8,0x2C1,8,02 19 06 00 00 D0 92 09
86801.8,0x381,8,15 40 58 32 50 00 1A 01
86803.8,0x2F1,8,0A 85 01 00 00 00 00 00
86812.6,0x201,8,02 00 00 00 00 00 00 00
86817.5,0x2C1,8,B3 1A 98 00 00 00 00 00
86837.5,0x301,8,18 00 00 00 FF FF FF FF
86837.8,0x201,8,03 00 00 00 00 00 00 00
86838.0,0x2C1,8,04 00 00 00 00 00 00 00
86839.5,0x381,8,16 10 00 00 00 7F 00 00
86857.5,0x2C1,8,50 44 FE 00 50 8E 02 00
86859.1,0x224,8,04 08 00 60 E3 00 10 08
86860.0,0x281,6,15 00 FF 1F 00 01
86860.7,0x2B4,6,3B 05 0E 0F FC 00
86862.6,0x201,8,00 32 4E 1A 00 E4 FF 00
86866.1,0x29D,4,00 00 00 20
86877.8,0x2C1,8,21 2B 0D 0A 02 00 00 00
86878.0,0x381,8,17 00 00 00 00 00 00 00
86887.5,0x201,8,59 28 98 00 01 00 00 00
86897.5,0x2C1,8,02 19 06 00 00 D0 92 09
86904.0,0x2F1,8,2B 76 00 00 00 00 00 00
86912.6,0x201,8,02 00 00 00 00 00 00 00
86916.3,0x381,8,18 00 00 00 00 00 00 00
86917.8,0x2C1,8,B3 1A 98 00 00 00 00 00
86937.8,0x201,8,03 00 00 00 00 00 00 00
86938.3,0x2C1,8,04 00 00 00 00 00 00 00
86953.6,0x381,8,19 00 00 00 00 00 00 00
86958.4,0x2C1,8,50 44 FE 00 50 8E 02 00
86960.0,0x281,6,15 00 FF 1F 00 01
86960.4,0x2B4,6,39 05 0C 0F FB 00
86960.6,0x224,8,04 08 00 20 E3 00 10 08
86962.8,0x201,8,00 32 50 1A 00 E4 FF 00
86966.8,0x29D,4,00 00 00 20
86977.6,0x2C1,8,21 2B 0D 0A 02 00 00 00
86987.8,0x201,8,59 28 98 00 01 00 00 00
86991.8,0x381,8,80 89 07 40 DE 00 A8 15
86997.6,0x2C1,8,02 19 06 00 00 D0 92 09
87004.1,0x2F1,8,0C 11 50 98 01 86 32 34
87012.6,0x201,8,02 00 00 00 00 00 00 00
87017.6,0x2C1,8,B3 1A 98 00 00 00 00 00
87029.8,0x381,8,81 5D 00 0E 97 94 94 40
87037.7,0x201,8,03 00 00 00 00 00 00 00
87038.2,0x2C1,8,04 00 00 00 00 00 00 00
87057.8,0x2C1,8,50 44 FE 00 50 8E 02 00
87058.8,0x224,8,04 08 00 20 E3 00 10 08
87060.0,0x281,6,14 00 FF 1F 00 01
87060.7,0x2B4,6,39 05 0D 0F FD 00
87062.8,0x201,8,00 32 4F 19 00 E4 FF 00
87066.6,0x29D,4,00 00 00 20
87067.6,0x381,8,22 A0 F8 77 41 20 00 00
87077.6,0x2C1,8,21 2B 0D 0A 02 00 00 00
87087.6,0x201,8,59 28 98 00 01 00 00 00
87097.6,0x2C1,8,02 19 06 00 00 D0 92 09
87103.8,0x2F1,8,0D C9 9B 40 21 40 07 00
87105.6,0x381,8,A3 34 3E 00 4C 29 04 00
87112.6,0x201,8,02 00 00 00 00 00 00 00
87117.8,0x2C1,8,B3 1A 98 00 00 00 00 00
87137.8,0x201,8,03 00 00 00 00 00 00 00
87138.3,0x2C1,8,04 00 00 00 00 00 00 00
87143.6,0x381,8,04 00 00 00 00 00 00 00
87157.6,0x2C1,8,50 44 FE 00 50 8E 02 00
87158.9,0x224,8,04 08 00 40 E3 00 10 08
87160.0,0x281,6,14 00 FF 1F 00 01
87160.7,0x2B4,6,3C 05 0C 0F FF 00
87162.7,0x201,8,00 32 4F 1A 00 E4 FF 00
87166.4,0x29D,4,00 00 00 20
87170.4,0x333,5,84 0C 2F 07 00
87177.6,0x2C1,8,21 2B 0D 0A 02 00 00 00
87182.1,0x381,8,05 00 00 00 80 D8 64 08
87187.6,0x201,8,59 28 98 00 01 00 00 00
87198.0,0x2C1,8,02 19 06 00 00 D0 92 09
87203.8,0x2F1,8,0E 00 00 00 00 00 00 00
87212.6,0x201,8,02 00 00 00 00 00 00 00
87217.6,0x2C1,8,B3 1A 98 00 00 00 00 00
87220.1,0x381,8,06 00 00 00 00 00 00 00
87237.6,0x321,8,37 DE A8 91 01 8A 10 0D
87237.8,0x201,8,03 00 00 00 00 00 00 00
87238.1,0x2C1,8,04 00 00 00 00 00 00 00
87257.6,0x2C1,8,58 44 FE 00 50 8E 02 00
87257.8,0x381,8,07 00 00 00 00 00 00 00
87259.8,0x281,6,13 00 FF 1F 00 01
87260.2,0x2B4,6,3B 05 0C 0F FF 00
87261.4,0x224,8,04 08 00 20 E3 00 10 08
87262.6,0x201,8,00 33 50 1A 00 E4 FF 00
87266.6,0x29D,4,00 00 00 20
87277.8,0x2C1,8,21 2B 0D 0A 02 00 00 00
87287.6,0x201,8,59 28 98 00 01 00 00 00
87296.6,0x381,8,08 00 00 00 00 00 00 00
87297.6,0x2C1,8,02 19 06 00 00 D0 92 09
87303.6,0x2F1,8,0F 5E 69 96 99 B3 39 00
87312.6,0x201,8,02 00 00 00 00 00 00 00
87317.7,0x2C1,8,B3 1A 98 00 00 00 00 00
87333.6,0x381,8,09 00 00 00 00 00 00 00
87337.8,0x201,8,03 00 00 00 00 00 00 00
87338.3,0x2C1,8,04 00 00 00 00 00 00 00
87357.8,0x2C1,8,50 44 FE 00 50 8E 02 00
87359.1,0x224,8,04 08 00 80 E3 00 10 08
87360.0,0x281,6,13 00 FF 1F 00 01
87360.7,0x2B4,6,3A 05 0E 0F F3 00
87362.8,0x201,8,00 33 50 19 00 E4 FF 00
87366.7,0x29D,4,00 00 00 20
87371.6,0x381,8,0A 00 00 00 00 00 00 00
87377.6,0x2C1,8,21 2B 0D 0A 02 00 00 00
87387.6,0x201,8,59 28 98 00 01 00 00 00
87397.8,0x2C1,8,02 19 06 00 00 D0 92 09
87403.9,0x2F1,8,10 00 00 DA 13 00 00 00
87409.6,0x381,8,0B 00 00 00 00 00 00 00
87412.6,0x201,8,02 00 00 00 00 00 00 00
87417.6,0x2C1,8,B3 1A 98 00 00 00 00 00
87437.9,0x201,8,03 00 00 00 00 00 00 00
87438.1,0x2C1,8,04 00 00 00 00 00 00 00
87447.6,0x381,8,0C 00 00 00 00 00 00 00
87457.6,0x2C1,8,50 44 FE 00 50 8E 02 00
87459.1,0x224,8,04 08 00 40 E3 00 10 08
87459.8,0x281,6,13 00 FF 1F 00 01
87460.5,0x2B4,6,3A 05 0C 0F 00 01
87462.6,0x201,8,00 32 4F 19 00 E4 FF 00
87467.0,0x29D,4,00 00 00 20
87477.8,0x2C1,8,21 2B 0D 0A 02 00 00 00
87486.0,0x381,8,0D 00 00 00 00 00 00 00
87487.6,0x201,8,59 28 98 00 01 00 00 00
87497.6,0x2C1,8,02 19 06 00 00 D0 92 09
87503.8,0x2F1,8,11 54 00 4B 00 7B 0C 00
87512.7,0x201,8,02 00 00 00 00 00 00 00
87517.8,0x2C1,8,B3 1A 98 00 00 00 00 00
87523.6,0x381,8,0E 00 00 00 00 E0 FF 00
87537.8,0x201,8,03 00 00 00 00 00 00 00
87538.3,0x2C1,8,04 00 00 00 00 00 00 00
87557.6,0x2C1,8,50 44 FE 00 50 8E 02 00
87559.8,0x281,6,14 00 FF 1F 00 01
87560.2,0x2B4,6,38 05 0C 0F F6 00
87561.4,0x224,8,04 08 00 40 E3 00 10 08
87562.3,0x381,8,EF FF FF CD 03 00 CF 0C
87562.7,0x201,8,00 32 4F 1A 00 E4 FF 00
87566.7,0x29D,4,00 00 00 20
87577.6,0x2C1,8,21 2B 0D 0A 02 00 00 00
87587.6,0x201,8,59 28 98 00 01 00 00 00
87597.8,0x2C1,8,02 19 06 00 00 D0 92 09
87599.6,0x381,8,10 00 00 00 00 00 00 00
87604.1,0x2F1,8,32 10 00 00 00 01 00 00
87612.6,0x201,8,02 00 00 00 00 00 00 00
87617.9,0x2C1,8,B3 1A 98 00 00 00 00 00
87637.8,0x201,8,03 00 00 00 00 00 00 00
87638.1,0x2C1,8,04 00 00 00 00 00 00 00
87638.4,0x381,8,11 00 00 00 00 00 00 00
87657.6,0x2C1,8,50 44 FE 00 50 8E 02 00
87659.6,0x224,8,04 08 00 80 E3 00 10 08
87660.1,0x281,6,15 00 FF 1F 00 01
87660.5,0x2B4,6,3A 05 0E 0F F9 00
87662.7,0x201,8,00 32 50 1A 00 E4 FF 00
87666.2,0x29D,4,00 00 00 20
87670.9,0x333,5,84 0C 2F 07 00
87676.0,0x381,8,B2 00 00 00 00 00 A8 00
87677.9,0x2C1,8,21 2B 0D 0A 02 00 00 00
87687.9,0x201,8,59 28 98 00 01 00 00 00
87697.6,0x2C1,8,02 19 06 00 00 D0 92 09
87703.9,0x2F1,8,00 91 34 01 43 80 0E 00
87712.6,0x201,8,02 00 00 00 00 00 00 00
87713.6,0x381,8,13 00 00 00 00 04 FC FF
87717.6,0x2C1,8,B3 1A 98 00 00 00 00 00
87737.6,0x2C1,8,04 00 00 00 00 00 00 00
87737.9,0x201,8,03 00 00 00 00 00 00 00
87751.7,0x381,8,14 00 00 00 00 00 00 00
87758.1,0x2C1,8,50 44 FE 00 50 8E 02 00
87760.0,0x281,6,15 00 FF 1F 00 01
87760.7,0x2B4,6,3C 05 0C 0F F8 00
87761.5,0x224,8,04 08 00 00 E3 00 10 08
87762.8,0x201,8,00 32 50 1A 00 E4 FF 00
87766.7,0x29D,4,00 00 00 20
87777.6,0x2C1,8,21 2B 0D 0A 02 00 00 00
87787.6,0x201,8,59 28 98 00 01 00 00 00
87790.8,0x381,8,15 20 58 32 50 00 1A 01
87797.6,0x2C1,8,02 19 06 00 00 D0 92 09
87803.9,0x2F1,8,01 91 37 01 43 80 08 00
87812.7,0x201,8,02 00 00 00 00 00 00 00
87817.6,0x2C1,8,B3 1A 98 00 00 00 00 00
87828.1,0x381,8,16 10 00 00 00 7F 00 00
87837.6,0x301,8,1F 00 00 00 FF FF FF FF
87837.9,0x201,8,03 00 00 00 00 00 00 00
87838.4,0x2C1,8,04 00 00 00 00 00 00 00
87857.6,0x2C1,8,50 44 FE 00 50 8E 02 00
87859.6,0x224,8,04 08 00 20 E3 00 10 08
87860.3,0x281,6,16 00 FF 1F 00 01
87861.0,0x2B4,6,39 05 0E 0F FA 00
87862.8,0x201,8,00 33 50 1A 00 E4 FF 00
87866.3,0x381,8,17 00 00 00 00 00 00 00
87866.7,0x29D,4,00 00 00 20
87877.6,0x2C1,8,21 2B 0D 0A 02 00 00 00
87887.6,0x201,8,59 28 98 00 01 00 00 00
87897.8,0x2C1,8,02 19 06 00 00 D0 92 09
87903.6,0x2F1,8,02 91 3A 81 42 00 00 00
87904.1,0x381,8,18 00 00 00 00 00 00 00
87912.7,0x201,8,02 00 00 00 00 00 00 00
87917.9,0x2C1,8,B3 1A 98 00 00 00 00 00
87937.9,0x201,8,03 00 00 00 00 00 00 00
87938.3,0x2C1,8,04 00 00 00 00 00 00 00
87941.9,0x381,8,19 00 00 00 00 00 00 00
87957.6,0x2C1,8,50 44 FE 00 50 8E 02 00
87958.9,0x224,8,04 08 00 40 E3 00 10 08
87960.1,0x281,6,17 00 FF 1F 00 01
87960.7,0x2B4,6,3A 05 0C 0F FC 00
87962.7,0x201,8,00 32 4F 1A 00 E4 FF 00
87966.5,0x29D,4,00 00 00 20
87977.6,0x2C1,8,21 2B 0D 0A 02 00 00 00
87979.8,0x381,8,80 89 07 40 DE 00 A8 15
87987.6,0x201,8,59 28 98 00 01 00 00 00
87997.8,0x2C1,8,02 19 06 00 00 D0 92 09
88003.8,0x2F1,8,03 11 36 81 42 00 01 00
88012.7,0x201,8,02 00 00 00 00 00 00 00
88017.8,0x2C1,8,B3 1A 98 00 00 00 00 00
88018.0,0x381,8,81 5D 00 0E 97 94 94 40
88037.8,0x201,8,03 00 00 00 00 00 00 00
88038.1,0x2C1,8,04 00 00 00 00 00 00 00
88055.9,0x381,8,22 A0 F8 77 41 20 00 00
88057.6,0x2C1,8,50 44 FE 00 50 8E 02 00
88058.9,0x224,8,04 08 00 20 E3 00 10 08
88060.1,0x281,6,17 00 FF 1F 00 01
88060.8,0x2B4,6,38 05 0E 0F F8 00
88062.7,0x201,8,00 32 50 1A 00 E4 FF 00
88066.7,0x29D,4,00 00 00 20
88077.9,0x2C1,8,21 2B 0D 0A 02 00 00 00
88087.6,0x201,8,59 28 98 00 01 00 00 00
88094.1,0x381,8,A3 34 3E 00 4C 29 04 00
88097.6,0x2C1,8,02 19 06 00 00 D0 92 09
88103.9,0x2F1,8,04 10 37 81 2F 00 01 00
88112.6,0x201,8,02 00 00 00 00 00 00 00
88117.6,0x2C1,8,B3 1A 98 00 00 00 00 00
88131.6,0x381,8,04 00 00 00 00 00 00 00
88137.9,0x201,8,03 00 00 00 00 00 00 00
88138.4,0x2C1,8,04 00 00 00 00 00 00 00
88157.9,0x2C1,8,50 44 FE 00 50 8E 02 00
88158.9,0x224,8,04 08 00 20 E3 00 10 08
88160.1,0x281,6,18 00 FF 1F 00 01
88160.7,0x2B4,6,3D 05 0C 0F 01 01
88162.8,0x201,8,00 32 4F 1A 00 E4 FF 00
88166.7,0x29D,4,00 00 00 20
88169.7,0x381,8,05 00 00 00 80 D8 64 08
88170.4,0x333,5,84 0C 2F 07 00
88177.9,0x2C1,8,21 2B 0D 0A 02 00 00 00
88187.6,0x201,8,59 28 98 00 01 00 00 00
88197.6,0x2C1,8,02 19 06 00 00 D0 92 09
88203.6,0x2F1,8,05 90 36 01 2F 00 01 00
88207.7,0x381,8,06 00 00 00 00 00 00 00
88212.7,0x201,8,02 00 00 00 00 00 00 00
88217.6,0x2C1,8,B3 1A 98 00 00 00 00 00
88237.6,0x321,8,37 DE A8 91 01 8A 20 1D
88237.9,0x201,8,03 00 00 00 00 00 00 00
88238.3,0x2C1,8,04 00 00 00 00 00 00 00
88245.6,0x381,8,07 00 00 00 00 00 00 00
88257.6,0x2C1,8,50 44 FE 00 50 8E 02 00
88259.0,0x224,8,04 08 00 40 E3 00 10 08
88260.1,0x281,6,18 00 FF 1F 00 01
88260.7,0x2B4,6,37 05 0C 0F F3 00
88262.7,0x201,8,00 32 50 1A 00 E4 FF 00
88266.7,0x29D,4,00 00 00 20
88277.6,0x2C1,8,21 2B 0D 0A 02 00 00 00
88283.9,0x381,8,08 00 00 00 00 00 00 00
88287.6,0x201,8,59 28 98 00 01 00 00 00
88297.6,0x2C1,8,02 19 06 00 00 D0 92 09
88304.1,0x2F1,8,06 90 32 01 08 00 01 00
88312.7,0x201,8,02 00 00 00 00 00 00 00
88318.1,0x2C1,8,B3 1A 98 00 00 00 00 00
88321.7,0x381,8,09 00 00 00 00 00 00 00
88337.7,0x2C1,8,04 00 00 00 00 00 00 00
88337.9,0x201,8,03 00 00 00 00 00 00 00
88357.9,0x2C1,8,50 44 FE 00 50 8E 02 00
88358.9,0x224,8,04 08 00 40 E3 00 10 08
88360.1,0x281,6,17 00 FF 1F 00 01
88360.8,0x2B4,6,3B 05 0D 0F F6 00
88362.6,0x381,8,0A 00 00 00 00 00 00 00
88362.8,0x201,8,00 32 50 1A 00 E4 FF 00
88367.0,0x29D,4,00 00 00 20
88377.7,0x2C1,8,21 2B 0D 0A 02 00 00 00
88387.9,0x201,8,59 28 98 00 01 00 00 00
88397.8,0x2C1,8,02 19 06 00 00 D0 92 09
88398.1,0x381,8,0B 00 00 00 00 00 00 00
88403.6,0x2F1,8,07 00 00 00 00 00 00 00
88412.7,0x201,8,02 00 00 00 00 00 00 00
88417.7,0x2C1,8,B3 1A 98 00 00 00 00 00
88435.6,0x381,8,0C 00 00 00 00 00 00 00
88437.7,0x2C1,8,04 00 00 00 00 00 00 00
88437.9,0x201,8,03 00 00 00 00 00 00 00
88457.9,0x2C1,8,50 44 FE 00 50 8E 02 00
88459.8,0x281,6,16 00 FF 1F 00 01
88460.3,0x2B4,6,3B 05 0D 0F F7 00
88461.5,0x224,8,04 08 00 20 E3 00 10 08
88462.9,0x201,8,00 32 50 1A 00 E4 FF 00
88467.8,0x29D,4,00 00 00 20
88473.6,0x381,8,0D 00 00 00 00 00 00 00
88477.9,0x2C1,8,21 2B 0D 0A 02 00 00 00
88487.7,0x201,8,59 28 98 00 01 00 00 00
88497.6,0x2C1,8,02 19 06 00 00 D0 92 09
88504.0,0x2F1,8,08 01 00 00 00 88 03 00
88511.8,0x381,8,0E 00 00 00 00 E0 FF 00
88512.7,0x201,8,02 00 00 00 00 00 00 00
88517.7,0x2C1,8,B3 1A 98 00 00 00 00 00
88537.8,0x201,8,03 00 00 00 00 00 00 00
88538.3,0x2C1,8,04 00 00 00 00 00 00 00
88549.7,0x381,8,EF FF FF CD 03 00 CF 0C
88558.1,0x2C1,8,50 48 FE 00 50 8E 02 00
88558.9,0x224,8,04 08 00 20 E3 00 10 08
88560.1,0x281,6,15 00 FF 1F 00 01
88560.8,0x2B4,6,39 05 0C 0F F8 00
88562.7,0x201,8,00 33 50 1A 00 E4 FF 00
88566.8,0x29D,4,00 00 00 20
88577.7,0x2C1,8,21 2B 0D 0A 02 00 00 00
88587.6,0x201,8,59 28 98 00 01 00 00 00
88587.9,0x381,8,10 00 00 00 00 00 00 00
88597.9,0x2C1,8,02 19 06 00 00 D0 92 09
88603.7,0x2F1,8,09 01 00 00 00 28 03 00
88612.7,0x201,8,02 00 00 00 00 00 00 00
88617.7,0x2C1,8,B3 1A 98 00 00 00 00 00
88626.2,0x381,8,11 00 00 00 00 00 00 00
88637.9,0x201,8,03 00 00 00 00 00 00 00
88638.4,0x2C1,8,04 00 00 00 00 00 00 00
88657.9,0x2C1,8,50 48 FE 00 50 8E 02 00
88658.9,0x224,8,04 08 00 40 E3 00 10 08
88660.1,0x281,6,15 00 FF 1F 00 01
88660.8,0x2B4,6,3A 05 0D 0F F4 00
88662.7,0x201,8,00 32 4F 19 00 E4 FF 00
88663.7,0x381,8,B2 00 00 00 00 00 A8 00
88666.3,0x29D,4,00 00 00 20
88670.8,0x333,5,84 0C 2F 07 00
88677.7,0x2C1,8,21 2B 0D 0A 02 00 00 00
88687.6,0x201,8,59 28 98 00 01 00 00 00
88697.7,0x2C1,8,02 19 06 00 00 D0 92 09
88702.0,0x381,8,13 00 00 00 00 04 FC FF
88703.9,0x2F1,8,0A 85 01 00 00 00 00 00
88712.7,0x201,8,02 00 00 00 00 00 00 00
88717.9,0x2C1,8,B3 1A 98 00 00 00 00 00
88738.0,0x201,8,03 00 00 00 00 00 00 00
88738.4,0x2C1,8,04 00 00 00 00 00 00 00
88739.7,0x381,8,14 00 00 00 00 00 00 00
88757.7,0x2C1,8,50 48 FE 00 50 8E 02 00
88758.6,0x224,8,04 08 00 20 E3 00 10 08
88760.1,0x281,6,16 00 FF 1F 00 01
88761.0,0x2B4,6,39 05 0B 0F FA 00
88762.7,0x201,8,00 32 50 1A 00 E4 FF 00
88766.9,0x29D,4,00 00 00 20
88777.7,0x2C1,8,21 2B 0D 0A 02 00 00 00
88777.9,0x381,8,15 20 58 32 50 00 1A 01
88787.7,0x201,8,59 28 98 00 01 00 00 00
88797.9,0x2C1,8,02 19 06 00 00 D0 92 09
88803.7,0x2F1,8,2B 78 00 00 00 00 00 00
88812.7,0x201,8,02 00 00 00 00 00 00 00
88816.9,0x381,8,16 10 00 00 00 7F 00 00
88817.7,0x2C1,8,B3 1A 98 00 00 00 00 00
88837.7,0x301,8,20 00 00 00 FF FF FF FF
88837.9,0x201,8,03 00 00 00 00 00 00 00
88838.2,0x2C1,8,04 00 00 00 00 00 00 00
88853.7,0x381,8,17 00 00 00 00 00 00 00
88857.9,0x2C1,8,50 48 FE 00 50 8E 02 00
88859.4,0x224,8,04 08 00 40 E3 00 10 08
88860.3,0x281,6,16 00 FF 1F 00 01
88861.0,0x2B4,6,3B 05 0B 0F FB 00
88862.8,0x201,8,00 31 51 1A 00 E4 FF 00
88866.8,0x29D,4,00 00 00 20
88878.2,0x2C1,8,21 2B 0D 0A 02 00 00 00
88887.7,0x201,8,59 28 98 00 01 00 00 00
88892.2,0x381,8,18 00 00 00 00 00 00 00
88897.7,0x2C1,8,02 19 06 00 00 D0 92 09
88903.7,0x2F1,8,0C 19 40 58 01 86 32 34
88912.7,0x201,8,02 00 00 00 00 00 00 00
88917.7,0x2C1,8,B3 1A 98 00 00 00 00 00
88930.2,0x381,8,19 00 00 00 00 00 00 00
88938.0,0x201,8,03 00 00 00 00 00 00 00
88938.4,0x2C1,8,04 00 00 00 00 00 00 00
88958.6,0x2C1,8,50 48 FE 00 50 8E 02 00
88959.0,0x224,8,04 08 00 60 E3 00 10 08
88960.2,0x281,6,17 00 FF 1F 00 01
88960.8,0x2B4,6,3A 05 0B 0F F5 00
88962.8,0x201,8,00 31 50 1A 00 E4 FF 00
88966.9,0x29D,4,00 00 00 20
88967.7,0x381,8,80 89 07 40 DE 00 A8 15
88977.7,0x2C1,8,21 2B 0D 0A 02 00 00 00
88987.7,0x201,8,59 28 98 00 01 00 00 00
88997.7,0x2C1,8,02 19 06 00 00 D0 92 09
89004.2,0x2F1,8,0D 09 9C 40 21 C0 06 00
89006.3,0x381,8,81 5D 00 0E 97 94 94 40
89012.8,0x201,8,02 00 00 00 00 00 00 00
89017.8,0x2C1,8,B3 1A 98 00 00 00 00 00
89037.9,0x201,8,03 00 00 00 00 00 00 00
89038.4,0x2C1,8,04 00 00 00 00 00 00 00
89043.7,0x381,8,22 A0 F8 77 41 20 00 00
89057.9,0x2C1,8,50 44 FE 00 50 8E 02 00
89059.0,0x224,8,04 08 00 40 E3 00 10 08
89060.1,0x281,6,17 00 FF 1F 00 01
89060.8,0x2B4,6,39 05 0B 0F 04 01
89062.8,0x201,8,00 31 50 1A 00 E4 FF 00
89067.6,0x29D,4,00 00 00 20
89077.7,0x2C1,8,21 2B 0D 0A 02 00 00 00
89082.0,0x381,8,A3 32 3E 00 4C 29 04 00
89087.9,0x201,8,59 28 98 00 01 00 00 00
89097.7,0x2C1,8,02 19 06 00 00 D0 92 09
89104.0,0x2F1,8,0E 00 00 00 00 00 00 00
89112.8,0x201,8,02 00 00 00 00 00 00 00
89117.9,0x2C1,8,B3 1A 98 00 00 00 00 00
89120.2,0x381,8,04 00 00 00 00 00 00 00
89138.0,0x201,8,03 00 00 00 00 00 00 00
89138.5,0x2C1,8,04 00 00 00 00 00 00 00
89158.0,0x2C1,8,50 44 FE 00 50 8E 02 00
89159.8,0x224,8,04 08 00 20 E3 00 10 08
89160.4,0x281,6,18 00 FF 1F 00 01
89161.1,0x2B4,6,39 05 0B 0F F9 00
89162.9,0x201,8,00 31 51 1A 00 E4 FF 00
89163.1,0x381,8,05 00 00 00 80 D8 64 08
89167.1,0x29D,4,00 00 00 20
89170.4,0x333,5,84 0C 2F 07 00
89177.7,0x2C1,8,21 2B 0D 0A 02 00 00 00
89187.7,0x201,8,59 28 98 00 01 00 00 00
89196.1,0x381,8,06 00 00 00 00 00 00 00
89197.9,0x2C1,8,02 19 06 00 00 D0 92 09
89203.7,0x2F1,8,0F 5B 79 96 99 C3 39 00
89212.8,0x201,8,02 00 00 00 00 00 00 00
89217.7,0x2C1,8,B3 1A 98 00 00 00 00 00
89233.7,0x381,8,07 00 00 00 00 00 00 00
89237.9,0x201,8,03 00 00 00 00 00 00 00
89238.1,0x2C1,8,04 00 00 00 00 00 00 00
89238.4,0x321,8,37 DE A8 91 01 8A 30 2D
89257.9,0x2C1,8,50 44 FE 00 50 8E 02 00
89259.0,0x224,8,04 08 00 80 E3 00 10 08
89260.1,0x281,6,16 00 FF 1F 00 01
89260.8,0x2B4,6,3B 05 0D 0F FD 00
89262.8,0x201,8,00 32 4E 19 00 E4 FF 00
89267.1,0x29D,4,00 00 00 20
89272.0,0x381,8,08 00 00 00 00 00 00 00
89278.0,0x2C1,8,21 2B 0D 0A 02 00 00 00
89287.7,0x201,8,59 28 98 00 01 00 00 00
89298.0,0x2C1,8,02 19 06 00 00 D0 92 09
89304.0,0x2F1,8,10 00 00 D3 13 00 00 00
89310.0,0x381,8,09 00 00 00 00 00 00 00
89312.8,0x201,8,02 00 00 00 00 00 00 00
89317.8,0x2C1,8,B3 1A 98 00 00 00 00 00
89337.8,0x2C1,8,04 00 00 00 00 00 00 00
89338.0,0x201,8,03 00 00 00 00 00 00 00
89347.8,0x381,8,0A 00 00 00 00 00 00 00
89358.6,0x2C1,8,50 44 FE 00 50 8E 02 00
89359.0,0x224,8,04 08 00 40 E3 00 10 08
89360.2,0x281,6,15 00 FF 1F 00 01
89360.9,0x2B4,6,3A 05 0C 0F FA 00
89362.9,0x201,8,00 31 4F 1A 00 E4 FF 00
89366.9,0x29D,4,00 00 00 20
89377.8,0x2C1,8,21 2B 0D 0A 02 00 00 00
89385.7,0x381,8,0B 00 00 00 00 00 00 00
89387.7,0x201,8,59 28 98 00 01 00 00 00
89397.7,0x2C1,8,02 19 06 00 00 D0 92 09
89403.7,0x2F1,8,11 54 00 4B 00 7C 0C 00
89412.8,0x201,8,02 00 00 00 00 00 00 00
89417.7,0x2C1,8,B3 1A 98 00 00 00 00 00
89424.0,0x381,8,0C 00 00 00 00 00 00 00
89438.0,0x201,8,03 00 00 00 00 00 00 00
89438.5,0x2C1,8,04 00 00 00 00 00 00 00
89458.0,0x2C1,8,50 44 FE 00 50 8E 02 00
89459.0,0x224,8,04 08 00 60 E3 00 10 08
89460.2,0x281,6,15 00 FF 1F 00 01
89460.8,0x2B4,6,39 05 0C 0F F7 00
89461.8,0x381,8,0D 00 00 00 00 00 00 00
89462.8,0x201,8,00 32 4F 1A 00 E4 FF 00
89468.3,0x29D,4,00 00 00 20
89477.8,0x2C1,8,21 2B 0D 0A 02 00 00 00
89487.8,0x201,8,59 28 98 00 01 00 00 00
89497.7,0x2C1,8,02 19 06 00 00 D0 92 09
89499.7,0x381,8,0E 00 00 00 00 E0 FF 00
89504.2,0x2F1,8,32 11 00 00 00 01 00 00
89512.8,0x201,8,02 00 00 00 00 00 00 00
89518.0,0x2C1,8,B3 1A 98 00 00 00 00 00
89538.0,0x201,8,03 00 00 00 00 00 00 00
89538.4,0x2C1,8,04 00 00 00 00 00 00 00
89538.7,0x381,8,EF FF FF CD 03 00 CF 0C
89558.0,0x2C1,8,50 44 FE 00 50 8E 02 00
89559.0,0x224,8,04 08 00 40 E3 00 10 08
89560.2,0x281,6,14 00 FF 1F 00 01
89560.8,0x2B4,6,3B 05 0D 0F FD 00
89563.0,0x201,8,00 32 4F 1A 00 E4 FF 00
89566.9,0x29D,4,00 00 00 20
89576.2,0x381,8,10 00 00 00 00 00 00 00
89578.0,0x2C1,8,21 2B 0D 0A 02 00 00 00
89587.8,0x201,8,59 28 98 00 01 00 00 00
89598.0,0x2C1,8,02 19 06 00 00 D0 92 09
89603.7,0x2F1,8,00 11 34 01 43 80 0E 00
89612.8,0x201,8,02 00 00 00 00 00 00 00
89614.0,0x381,8,11 00 00 00 00 00 00 00
89617.8,0x2C1,8,B3 1A 98 00 00 00 00 00
89638.0,0x201,8,03 00 00 00 00 00 00 00
89638.2,0x2C1,8,04 00 00 00 00 00 00 00
89652.0,0x381,8,B2 00 00 00 00 00 A8 00
89658.0,0x2C1,8,50 44 FE 00 50 8E 02 00
89659.0,0x224,8,04 08 00 40 E3 00 10 08
89660.2,0x281,6,14 00 FF 1F 00 01
89660.8,0x2B4,6,3B 05 0D 0F F7 00
89662.9,0x201,8,00 32 4F 1A 00 E4 FF 00
89666.4,0x29D,4,00 00 00 20
89671.3,0x333,5,84 0C 2F 07 00
89678.0,0x2C1,8,21 2B 0D 0A 02 00 00 00
89687.7,0x201,8,59 28 98 00 01 00 00 00
89690.7,0x381,8,13 00 00 00 00 04 FC FF
89697.8,0x2C1,8,02 19 06 00 00 D0 92 09
89703.7,0x2F1,8,01 11 37 01 43 00 0A 00
89712.8,0x201,8,02 00 00 00 00 00 00 00
89718.0,0x2C1,8,B3 1A 98 00 00 00 00 00
89727.8,0x381,8,14 00 00 00 00 00 00 00
89737.8,0x2C1,8,04 00 00 00 00 00 00 00
89738.1,0x201,8,03 00 00 00 00 00 00 00
89758.7,0x2C1,8,50 44 FE 00 50 8E 02 00
89759.0,0x224,8,04 08 00 60 E3 00 10 08
89760.2,0x281,6,13 00 FF 1F 00 01
89761.1,0x2B4,6,39 05 0C 0F FF 00
89762.8,0x201,8,00 33 4F 1A 00 E4 FF 00
89766.8,0x29D,4,00 00 00 20
89767.2,0x381,8,15 20 58 32 50 00 1A 01
89777.8,0x2C1,8,21 2B 0D 0A 02 00 00 00
89788.0,0x201,8,59 28 98 00 01 00 00 00
89797.8,0x2C1,8,02 19 06 00 00 D0 92 09
89803.8,0x2F1,8,02 91 3A 81 42 00 00 00
89804.3,0x381,8,16 10 00 00 00 7F 00 00
89812.8,0x201,8,02 00 00 00 00 00 00 00
89817.8,0x2C1,8,B3 1A 98 00 00 00 00 00
89837.8,0x301,8,21 00 00 00 FF FF FF FF
89838.1,0x201,8,03 00 00 00 00 00 00 00
89838.5,0x2C1,8,04 00 00 00 00 00 00 00
89841.8,0x381,8,17 00 00 00 00 00 00 00
89858.0,0x2C1,8,50 44 FE 00 50 8E 02 00
89860.2,0x281,6,14 00 FF 1F 00 01
89860.9,0x2B4,6,3A 05 0C 0F F6 00
89862.9,0x201,8,00 32 4E 19 00 E4 FF 00
89863.9,0x224,8,04 08 00 20 E3 00 10 08
89866.4,0x29D,4,00 00 00 20
89877.8,0x2C1,8,21 2B 0D 0A 02 00 00 00
89880.0,0x381,8,18 00 00 00 00 00 00 00
89887.8,0x201,8,59 28 98 00 01 00 00 00
89897.8,0x2C1,8,02 19 06 00 00 D0 92 09
89903.8,0x2F1,8,03 11 35 81 42 00 01 00
89912.8,0x201,8,02 00 00 00 00 00 00 00
89918.0,0x2C1,8,B3 1A 98 00 00 00 00 00
89918.3,0x381,8,19 00 00 00 00 00 00 00
89938.0,0x201,8,03 00 00 00 00 00 00 00
89938.5,0x2C1,8,04 00 00 00 00 00 00 00
89956.2,0x381,8,80 89 07 40 DE 00 A8 15
89958.0,0x2C1,8,50 44 FE 00 50 8E 02 00
89959.2,0x224,8,04 08 00 40 E3 00 10 08
89960.2,0x281,6,14 00 FF 1F 00 01
89960.6,0x2B4,6,3B 05 0E 0F FC 00
89963.0,0x201,8,00 32 50 1A 00 E4 FF 00
89966.9,0x29D,4,00 00 00 20
89977.8,0x2C1,8,21 2B 0D 0A 02 00 00 00
89987.8,0x201,8,59 28 98 00 01 00 00 00
89993.8,0x381,8,81 5D 00 0E 97 94 94 40
89998.2,0x2C1,8,02 19 06 00 00 D0 92 09
90004.3,0x2F1,8,04 10 37 81 2F 00 01 00
90012.8,0x201,8,02 00 00 00 00 00 00 00
90017.9,0x2C1,8,B3 1A 98 00 00 00 00 00
90031.8,0x381,8,22 A0 F8 77 41 20 00 00
90038.0,0x201,8,03 00 00 00 00 00 00 00
90038.2,0x2C1,8,04 00 00 00 00 00 00 00
90058.0,0x2C1,8,50 44 FE 00 50 8E 02 00
90059.3,0x224,8,04 08 00 20 E3 00 10 08
90060.2,0x281,6,15 00 FF 1F 00 01
90060.6,0x2B4,6,3A 05 0C 0F 01 01
90063.0,0x201,8,00 32 4F 1A 00 E4 FF 00
90067.7,0x29D,4,00 00 00 20
90070.0,0x381,8,A3 34 3E 00 4C 29 04 00
90078.0,0x2C1,8,21 2B 0D 0A 02 00 00 00
90087.8,0x201,8,59 28 98 00 01 00 00 00
90097.8,0x2C1,8,02 19 06 00 00 D0 92 09
90103.8,0x2F1,8,05 10 36 01 2F 00 01 00
90107.8,0x381,8,04 00 00 00 00 00 00 00
90112.9,0x201,8,02 00 00 00 00 00 00 00
90117.8,0x2C1,8,B3 1A 98 00 00 00 00 00
90138.1,0x201,8,03 00 00 00 00 00 00 00
90138.5,0x2C1,8,04 00 00 00 00 00 00 00
90146.2,0x381,8,05 00 00 00 80 D8 64 08
90159.3,0x224,8,04 08 00 60 E3 00 10 08
90160.2,0x281,6,15 00 FF 1F 00 01
90160.6,0x2B4,6,3B 05 0A 0F F9 00
90160.9,0x2C1,8,50 44 FE 00 50 8E 02 00
90162.9,0x201,8,00 32 4F 1A 00 E4 FF 00
90166.9,0x29D,4,00 00 00 20
90170.4,0x333,5,84 0C 2F 07 00
90177.8,0x2C1,8,21 2B 0D 0A 02 00 00 00
90183.8,0x381,8,06 00 00 00 00 00 00 00
90187.8,0x201,8,59 28 98 00 01 00 00 00
90197.8,0x2C1,8,02 19 06 00 00 D0 92 09
90203.8,0x2F1,8,06 10 33 01 08 00 01 00
90212.8,0x201,8,02 00 00 00 00 00 00 00
90217.8,0x2C1,8,B3 1A 98 00 00 00 00 00
90222.9,0x381,8,07 00 00 00 00 00 00 00
90237.8,0x321,8,37 DE A8 91 01 8A 40 3D
90238.0,0x201,8,03 00 00 00 00 00 00 00
90238.6,0x2C1,8,04 00 00 00 00 00 00 00
90258.0,0x2C1,8,50 44 FE 00 50 8E 02 00
90259.3,0x224,8,04 08 00 60 E3 00 10 08
90260.2,0x281,6,15 00 FF 1F 00 01
90260.6,0x2B4,6,3B 05 0F 0F F9 00
90262.2,0x381,8,08 00 00 00 00 00 00 00
90262.9,0x201,8,00 32 50 1A 00 E4 FF 00
90267.8,0x29D,4,00 00 00 20
90278.1,0x2C1,8,21 2B 0D 0A 02 00 00 00
90287.8,0x201,8,59 28 98 00 01 00 00 00
90297.8,0x2C1,8,02 19 06 00 00 D0 92 09
90298.1,0x381,8,09 00 00 00 00 00 00 00
90303.8,0x2F1,8,07 00 00 00 00 00 00 00
90312.8,0x201,8,02 00 00 00 00 00 00 00
90318.1,0x2C1,8,B3 1A 98 00 00 00 00 00
90336.2,0x381,8,0A 00 00 00 00 00 00 00
90337.8,0x2C1,8,04 00 00 00 00 00 00 00
90338.1,0x201,8,03 00 00 00 00 00 00 00
90358.0,0x2C1,8,58 44 FE 00 50 8E 02 00
90359.3,0x224,8,04 08 00 80 E3 00 10 08
90360.2,0x281,6,15 00 FF 1F 00 01
90360.7,0x2B4,6,3B 05 0D 0F F4 00
90362.9,0x201,8,00 33 4F 1A 00 E4 FF 00
90366.9,0x29D,4,00 00 00 20
90373.8,0x381,8,0B 00 00 00 00 00 00 00
90378.0,0x2C1,8,21 2B 0D 0A 02 00 00 00
90387.8,0x201,8,59 28 98 00 01 00 00 00
90398.3,0x2C1,8,02 19 06 00 00 D0 92 09
90403.8,0x2F1,8,08 01 00 00 00 50 03 00
90411.8,0x381,8,0C 00 00 00 00 00 00 00
90413.0,0x201,8,02 00 00 00 00 00 00 00
90418.1,0x2C1,8,B3 1A 98 00 00 00 00 00
90437.9,0x2C1,8,04 00 00 00 00 00 00 00
90438.1,0x201,8,03 00 00 00 00 00 00 00
90449.9,0x381,8,0D 00 00 00 00 00 00 00
90458.0,0x2C1,8,58 44 FE 00 50 8E 02 00
90459.3,0x224,8,04 08 00 20 E3 00 10 08
90460.2,0x281,6,15 00 FF 1F 00 01
90460.6,0x2B4,6,3A 05 0C 0F FA 00
90463.1,0x201,8,00 32 4F 1A 00 E4 FF 00
90468.0,0x29D,4,00 00 00 20
90478.1,0x2C1,8,21 2B 0D 0A 02 00 00 00
90488.0,0x201,8,59 28 98 00 01 00 00 00
90488.3,0x381,8,0E 00 00 00 00 E0 FF 00
90497.9,0x2C1,8,02 19 06 00 00 D0 92 09
90503.8,0x2F1,8,09 01 00 00 00 68 03 00
90512.9,0x201,8,02 00 00 00 00 00 00 00
90517.8,0x2C1,8,B3 1A 98 00 00 00 00 00
90526.9,0x381,8,EF FF FF CD 03 00 CF 0C
90537.9,0x201,8,03 00 00 00 00 00 00 00
90538.4,0x2C1,8,04 00 00 00 00 00 00 00
90559.3,0x224,8,04 08 00 20 E3 00 10 08
90560.2,0x281,6,15 00 FF 1F 00 01
90560.7,0x2B4,6,3B 05 0C 0F F4 00
90560.9,0x2C1,8,58 44 FE 00 50 8E 02 00
90562.9,0x201,8,00 32 50 1A 00 E4 FF 00
90564.0,0x381,8,10 00 00 00 00 00 00 00
90567.0,0x29D,4,00 00 00 20
90577.9,0x2C1,8,21 2B 0D 0A 02 00 00 00
90587.8,0x201,8,59 28 98 00 01 00 00 00
90597.8,0x2C1,8,02 19 06 00 00 D0 92 09
90601.8,0x381,8,11 00 00 00 00 00 00 00
90603.8,0x2F1,8,0A 85 01 00 00 00 00 00
90612.9,0x201,8,02 00 00 00 00 00 00 00
90617.8,0x2C1,8,B3 1A 98 00 00 00 00 00
90638.1,0x201,8,03 00 00 00 00 00 00 00
90638.6,0x2C1,8,04 00 00 00 00 00 00 00
90639.9,0x381,8,B2 00 00 00 00 00 A8 00
90658.0,0x2C1,8,58 44 FE 00 50 8E 02 00
90659.3,0x224,8,04 08 00 40 E3 00 10 08
90660.2,0x281,6,15 00 FF 1F 00 01
90660.6,0x2B4,6,3A 05 0D 0F 01 01
90663.0,0x201,8,00 33 4F 1A 00 E4 FF 00
90666.5,0x29D,4,00 00 00 20
90671.4,0x333,5,84 0C 2F 07 00
90677.9,0x2C1,8,21 2B 0D 0A 02 00 00 00
90678.1,0x381,8,13 00 00 00 00 03 FC FF
90687.9,0x201,8,59 28 98 00 01 00 00 00
90698.1,0x2C1,8,02 19 06 00 00 D0 92 09
90703.9,0x2F1,8,2B 6E 00 00 00 00 00 00
90712.9,0x201,8,02 00 00 00 00 00 00 00
90716.3,0x381,8,14 00 00 00 00 00 00 00
90718.1,0x2C1,8,B3 1A 98 00 00 00 00 00
90738.2,0x201,8,03 00 00 00 00 00 00 00
90738.4,0x2C1,8,04 00 00 00 00 00 00 00
90754.3,0x381,8,15 20 58 32 50 00 1A 01
90757.9,0x2C1,8,58 44 FE 00 50 8E 02 00
90758.8,0x224,8,04 08 00 00 E3 00 10 08
90760.1,0x281,6,15 00 FF 1F 00 01
90761.7,0x2B4,6,38 05 0D 0F FA 00
90763.0,0x201,8,00 32 50 1A 00 E4 FF 00
90766.4,0x29D,4,00 00 00 20
90777.8,0x2C1,8,21 2B 0D 0A 02 00 00 00
90787.8,0x201,8,59 28 98 00 01 00 00 00
90792.4,0x381,8,16 10 00 00 00 7F 00 00
90798.1,0x2C1,8,02 19 06 00 00 D0 92 09
90803.8,0x2F1,8,0C 19 40 18 01 86 32 35
90812.9,0x201,8,02 00 00 00 00 00 00 00
90817.9,0x2C1,8,B3 1A 98 00 00 00 00 00
90830.4,0x381,8,17 00 00 00 00 00 00 00
90837.8,0x301,8,0A 01 05 00 04 00 86 00
90838.1,0x201,8,03 00 00 00 00 00 00 00
90838.4,0x2C1,8,04 00 00 00 00 00 00 00
90857.9,0x2C1,8,58 44 FE 00 50 8E 02 00
90860.3,0x281,6,16 00 FF 1F 00 01
90861.4,0x2B4,6,39 05 0E 0F F9 00
90863.0,0x201,8,00 33 4F 1A 00 E4 FF 00
90864.3,0x224,8,04 08 00 80 E3 00 10 08
90867.0,0x29D,4,00 00 00 20
90868.0,0x381,8,18 00 00 00 00 00 00 00
90878.1,0x2C1,8,21 2B 0D 0A 02 00 00 00
90887.8,0x201,8,59 28 98 00 01 00 00 00
90897.9,0x2C1,8,02 19 06 00 00 D0 92 09
90904.3,0x2F1,8,0D 49 9C 40 21 80 07 00
90906.5,0x381,8,19 00 00 00 00 00 00 00
90912.9,0x201,8,02 00 00 00 00 00 00 00
90917.8,0x2C1,8,B3 1A 98 00 00 00 00 00
90938.2,0x201,8,03 00 00 00 00 00 00 00
90938.7,0x2C1,8,04 00 00 00 00 00 00 00
90943.9,0x381,8,80 89 07 40 DE 00 A8 15
90959.3,0x224,8,04 08 00 00 E3 00 10 08
90960.2,0x281,6,17 00 FF 1F 00 01
90961.4,0x2B4,6,39 05 0C 0F 03 01
90961.6,0x2C1,8,50 44 FE 00 50 8E 02 00
90963.0,0x201,8,00 33 50 1A 00 E4 FF 00
90966.9,0x29D,4,00 00 00 20
90978.2,0x2C1,8,21 2B 0D 0A 02 00 00 00
90982.1,0x381,8,81 5D 00 0E 97 94 94 40
90987.9,0x201,8,59 28 98 00 01 00 00 00
90997.9,0x2C1,8,02 19 06 00 00 D0 92 09
91003.9,0x2F1,8,0E 00 00 00 00 00 00 00
91012.9,0x201,8,02 00 00 00 00 00 00 00
91017.9,0x2C1,8,B3 1A 98 00 00 00 00 00
91020.6,0x381,8,22 A0 F8 77 41 20 00 00
91038.1,0x201,8,03 00 00 00 00 00 00 00
91038.5,0x2C1,8,04 00 00 00 00 00 00 00
91057.9,0x2C1,8,50 44 FE 00 50 8E 02 00
91059.2,0x224,8,04 08 00 00 E3 00 10 08
91060.1,0x281,6,16 00 FF 1F 00 01
91061.0,0x2B4,6,3B 05 0D 0F FE 00
91062.6,0x381,8,A3 32 3E 00 4C 29 04 00
91063.2,0x201,8,00 32 4F 19 00 E4 FF 00
91067.9,0x29D,4,00 00 00 20
91077.9,0x2C1,8,21 2B 0D 0A 02 00 00 00
91088.1,0x201,8,59 28 98 00 01 00 00 00
91096.3,0x381,8,04 00 00 00 00 00 00 00
91097.9,0x2C1,8,02 19 06 00 00 D0 92 09
91103.9,0x2F1,8,0F 5F 39 96 99 C3 39 00
91113.0,0x201,8,02 00 00 00 00 00 00 00
91118.4,0x2C1,8,B3 1A 98 00 00 00 00 00
91134.4,0x381,8,05 00 00 00 80 D8 64 08
91138.2,0x201,8,03 00 00 00 00 00 00 00
91138.6,0x2C1,8,04 00 00 00 00 00 00 00
91159.1,0x224,8,04 08 00 60 E3 00 10 08
91159.6,0x2C1,8,50 44 FE 00 50 8E 02 00
91160.3,0x281,6,15 00 FF 1F 00 01
91161.0,0x2B4,6,3A 05 0C 0F F9 00
91163.0,0x201,8,00 32 50 1A 00 E4 FF 00
91167.0,0x29D,4,00 00 00 20
91170.5,0x333,5,84 0C 2F 07 00
91172.0,0x381,8,06 00 00 00 00 00 00 00
91177.9,0x2C1,8,21 2B 0D 0A 02 00 00 00
91188.1,0x201,8,59 28 98 00 01 00 00 00
91198.1,0x2C1,8,02 19 06 00 00 D0 92 09
91203.9,0x2F1,8,10 00 00 D8 13 00 00 00
91210.2,0x381,8,07 00 00 00 00 00 00 00
91212.9,0x201,8,02 00 00 00 00 00 00 00
91217.9,0x2C1,8,B3 1A 98 00 00 00 00 00
91237.9,0x321,8,37 DE A8 91 01 8A 50 4D
91238.1,0x201,8,03 00 00 00 00 00 00 00
91238.4,0x2C1,8,04 00 00 00 00 00 00 00
91248.2,0x381,8,08 00 00 00 00 00 00 00
91259.2,0x224,8,04 08 00 40 E3 00 10 08
91260.1,0x281,6,15 00 FF 1F 00 01
91261.0,0x2B4,6,3B 05 0C 0F FA 00
91261.5,0x2C1,8,50 44 FE 00 50 8E 02 00
91263.1,0x201,8,00 32 4F 1A 00 E4 FF 00
91267.9,0x29D,4,00 00 00 20
91278.2,0x2C1,8,21 2B 0D 0A 02 00 00 00
91286.4,0x381,8,09 00 00 00 00 00 00 00
91287.9,0x201,8,59 28 98 00 01 00 00 00
91297.9,0x2C1,8,02 19 06 00 00 D0 92 09
91304.4,0x2F1,8,11 54 00 4B 00 7E 0C 00
91312.9,0x201,8,02 00 00 00 00 00 00 00
91317.9,0x2C1,8,B3 1A 98 00 00 00 00 00
91323.9,0x381,8,0A 00 00 00 00 00 00 00
91337.9,0x2C1,8,04 00 00 00 00 00 00 00
91338.2,0x201,8,03 00 00 00 00 00 00 00
91359.2,0x224,8,04 08 00 20 E3 00 10 08
91360.1,0x281,6,15 00 FF 1F 00 01
91361.0,0x2B4,6,3A 05 0C 0F FA 00
91361.5,0x2C1,8,50 44 FE 00 50 8E 02 00
91362.8,0x381,8,0B 00 00 00 00 00 00 00
91363.1,0x201,8,00 33 50 1A 00 E4 FF 00
91367.9,0x29D,4,00 00 00 20
91377.9,0x2C1,8,21 2B 0D 0A 02 00 00 00
91387.9,0x201,8,59 28 98 00 01 00 00 00
91398.2,0x2C1,8,02 19 06 00 00 D0 92 09
91399.9,0x381,8,0C 00 00 00 00 00 00 00
91404.3,0x2F1,8,32 16 00 00 00 01 00 00
91413.0,0x201,8,02 00 00 00 00 00 00 00
91418.0,0x2C1,8,B3 1A 98 00 00 00 00 00
91438.2,0x201,8,03 00 00 00 00 00 00 00
91438.4,0x2C1,8,04 00 00 00 00 00 00 00
91438.7,0x381,8,0D 00 00 00 00 00 00 00
91457.9,0x2C1,8,50 44 FE 00 50 8E 02 00
91459.0,0x224,8,04 08 00 20 E3 00 10 08
91460.6,0x281,6,16 00 FF 1F 00 01
91461.0,0x2B4,6,3B 05 0F 0F F8 00
91463.0,0x201,8,00 32 50 1A 00 E4 FF 00
91468.4,0x29D,4,00 00 00 20
91476.2,0x381,8,0E 00 00 00 00 E0 FF 00
91477.9,0x2C1,8,21 2B 0D 0A 02 00 00 00
91487.9,0x201,8,59 28 98 00 01 00 00 00
91498.0,0x2C1,8,02 19 06 00 00 D0 92 09
91504.0,0x2F1,8,00 91 34 01 43 00 10 00
91512.9,0x201,8,02 00 00 00 00 00 00 00
91514.0,0x381,8,EF FF FF CD 03 00 CF 0C
91518.2,0x2C1,8,B3 1A 98 00 00 00 00 00
91538.2,0x201,8,03 00 00 00 00 00 00 00
91538.6,0x2C1,8,04 00 00 00 00 00 00 00
91552.3,0x381,8,10 00 00 00 00 00 00 00
91557.9,0x2C1,8,50 48 FE 00 50 8E 02 00
91559.0,0x224,8,04 08 00 40 E3 00 10 08
91560.6,0x281,6,16 00 FF 1F 00 01
91561.1,0x2B4,6,3B 05 0D 0F FD 00
91563.0,0x201,8,00 33 50 1A 00 E4 FF 00
91566.6,0x29D,4,00 00 00 20
91578.0,0x2C1,8,21 2B 0D 0A 02 00 00 00
91587.9,0x201,8,59 28 98 00 01 00 00 00
91590.6,0x381,8,11 00 00 00 00 00 00 00
91598.2,0x2C1,8,02 19 06 00 00 D0 92 09
91603.9,0x2F1,8,01 11 37 01 43 80 08 00
91613.0,0x201,8,02 00 00 00 00 00 00 00
91618.0,0x2C1,8,B3 1A 98 00 00 00 00 00
91628.0,0x381,8,B2 00 00 00 00 00 A8 00
91638.2,0x201,8,03 00 00 00 00 00 00 00
91638.5,0x2C1,8,04 00 00 00 00 00 00 00
91659.2,0x224,8,04 08 00 20 E3 00 10 08
91659.6,0x2C1,8,50 48 FE 00 50 8E 02 00
91660.8,0x281,6,16 00 FF 1F 00 01
91661.0,0x2B4,6,3B 05 0D 0F FC 00
91663.1,0x201,8,00 32 4F 19 00 E4 FF 00
91666.6,0x381,8,13 00 00 00 00 04 FC FF
91667.1,0x29D,4,00 00 00 20
91672.0,0x333,5,84 0C 2F 07 00
91678.4,0x2C1,8,21 2B 0D 0A 02 00 00 00
91688.0,0x201,8,59 28 98 00 01 00 00 00
91698.0,0x2C1,8,02 19 06 00 00 D0 92 09
91704.0,0x2F1,8,02 91 3A 81 42 00 00 00
91704.4,0x381,8,14 00 00 00 00 00 00 00
91713.0,0x201,8,02 00 00 00 00 00 00 00
91718.0,0x2C1,8,B3 1A 98 00 00 00 00 00
91738.0,0x2C1,8,04 00 00 00 00 00 00 00
91738.2,0x201,8,03 00 00 00 00 00 00 00
91742.2,0x381,8,15 20 58 32 50 00 1A 01
91758.5,0x2C1,8,50 48 FE 00 50 8E 02 00
91758.9,0x224,8,04 08 00 20 E3 00 10 08
91760.6,0x281,6,17 00 FF 1F 00 01
91761.8,0x2B4,6,3A 05 0C 0F F9 00
91763.1,0x201,8,00 31 50 1A 00 E4 FF 00
91767.0,0x29D,4,00 00 00 20
91778.2,0x2C1,8,21 2B 0D 0A 02 00 00 00
91780.0,0x381,8,16 10 00 00 00 7F 00 00
91788.0,0x201,8,59 28 98 00 01 00 00 00
91798.0,0x2C1,8,02 19 06 00 00 D0 92 09
91804.0,0x2F1,8,03 91 35 81 42 00 01 00
91813.0,0x201,8,02 00 00 00 00 00 00 00
91818.2,0x2C1,8,B3 1A 98 00 00 00 00 00
91818.4,0x381,8,17 00 00 00 00 00 00 00
91838.0,0x301,8,0B 04 00 00 00 00 00 00
91838.2,0x201,8,03 00 00 00 00 00 00 00
91838.7,0x2C1,8,04 00 00 00 00 00 00 00
91856.2,0x381,8,18 00 00 00 00 00 00 00
91858.0,0x2C1,8,50 48 FE 00 50 8E 02 00
91859.6,0x224,8,04 08 00 20 E3 00 10 08
91861.0,0x281,6,16 00 FF 1F 00 01
91861.9,0x2B4,6,39 05 0C 0F FA 00
91863.1,0x201,8,00 31 50 1A 00 E4 FF 00
91867.0,0x29D,4,00 00 00 20
91878.0,0x2C1,8,21 2B 0D 0A 02 00 00 00
91888.2,0x201,8,59 28 98 00 01 00 00 00
91894.0,0x381,8,19 00 00 00 00 00 00 00
91898.0,0x2C1,8,02 19 06 00 00 D0 92 09
91904.0,0x2F1,8,04 90 36 81 2F 00 01 00
91913.0,0x201,8,02 00 00 00 00 00 00 00
91918.2,0x2C1,8,B3 1A 98 00 00 00 00 00
91932.0,0x381,8,80 89 07 40 DE 00 A8 15
91938.1,0x201,8,03 00 00 00 00 00 00 00
91938.6,0x2C1,8,04 00 00 00 00 00 00 00
91959.3,0x224,8,04 08 00 00 E3 00 10 08
91960.7,0x281,6,15 00 FF 1F 00 01
91961.1,0x2B4,6,39 05 0C 0F FE 00
91961.6,0x2C1,8,50 48 FE 00 50 8E 02 00
91963.0,0x201,8,00 31 51 1A 00 E4 FF 00
91967.0,0x29D,4,00 00 00 20
91970.2,0x381,8,81 5D 00 0E 97 94 94 40
91978.0,0x2C1,8,21 2B 0D 0A 02 00 00 00
91988.0,0x201,8,59 28 98 00 01 00 00 00
91998.2,0x2C1,8,02 19 06 00 00 D0 92 09
92004.0,0x2F1,8,05 10 35 01 2F 00 01 00
92008.0,0x381,8,22 A0 F8 77 41 20 00 00
92013.0,0x201,8,02 00 00 00 00 00 00 00
92018.0,0x2C1,8,B3 1A 98 00 00 00 00 00
92038.2,0x201,8,03 00 00 00 00 00 00 00
92038.4,0x2C1,8,04 00 00 00 00 00 00 00
92046.4,0x381,8,A3 32 3E 00 4C 29 04 00
92058.1,0x2C1,8,50 48 FE 00 50 8E 02 00
92059.1,0x224,8,04 08 00 40 E3 00 10 08
92060.7,0x281,6,14 00 FF 1F 00 01
92061.4,0x2B4,6,39 05 0D 0F FB 00
92063.1,0x201,8,00 32 50 1A 00 E4 FF 00
92068.1,0x29D,4,00 00 00 20
92078.3,0x2C1,8,21 2B 0D 0A 02 00 00 00
92084.3,0x381,8,04 00 00 00 00 00 00 00
92088.2,0x201,8,59 28 98 00 01 00 00 00
92098.3,0x2C1,8,02 19 06 00 00 D0 92 09
92104.0,0x2F1,8,06 10 33 01 08 00 00 00
92113.1,0x201,8,02 00 00 00 00 00 00 00
92118.0,0x2C1,8,B3 1A 98 00 00 00 00 00
92122.1,0x381,8,05 00 00 00 80 D8 64 08
92138.3,0x201,8,03 00 00 00 00 00 00 00
92138.8,0x2C1,8,04 00 00 00 00 00 00 00
92159.1,0x224,8,04 08 00 40 E3 00 10 08
92160.7,0x281,6,14 00 FF 1F 00 01
92161.1,0x2B4,6,3B 05 0D 0F F2 00
92161.6,0x2C1,8,50 44 FE 00 50 8E 02 00
92162.7,0x381,8,06 00 00 00 00 00 00 00
92163.2,0x201,8,00 30 51 1A 00 E4 FF 00
92167.1,0x29D,4,00 00 00 20
92169.6,0x333,5,84 0C 2F 07 00
92178.0,0x2C1,8,21 2B 0D 0A 02 00 00 00
92188.0,0x201,8,59 28 98 00 01 00 00 00
92198.0,0x2C1,8,02 19 06 00 00 D0 92 09
92198.3,0x381,8,07 00 00 00 00 00 00 00
92204.0,0x2F1,8,07 00 00 00 00 00 00 00
92213.1,0x201,8,02 00 00 00 00 00 00 00
92218.0,0x2C1,8,B3 1A 98 00 00 00 00 00
92236.2,0x381,8,08 00 00 00 00 00 00 00
92238.0,0x321,8,37 DE A8 91 01 8A 60 5D
92238.3,0x201,8,03 00 00 00 00 00 00 00
92238.8,0x2C1,8,04 00 00 00 00 00 00 00
92258.0,0x2C1,8,50 44 FE 00 50 8E 02 00
92259.1,0x224,8,04 08 00 20 E3 00 10 08
92260.5,0x281,6,14 00 FF 1F 00 01
92261.4,0x2B4,6,3B 05 0D 0F FC 00
92263.0,0x201,8,00 32 4F 19 00 E4 FF 00
92268.1,0x29D,4,00 00 00 20
92274.3,0x381,8,09 00 00 00 00 00 00 00
92278.1,0x2C1,8,21 2B 0D 0A 02 00 00 00
92288.0,0x201,8,59 28 98 00 01 00 00 00
92298.0,0x2C1,8,02 19 06 00 00 D0 92 09
92304.0,0x2F1,8,08 01 00 00 00 58 03 00
92312.0,0x381,8,0A 00 00 00 00 00 00 00
92313.0,0x201,8,02 00 00 00 00 00 00 00
92318.3,0x2C1,8,B3 1A 98 00 00 00 00 00
92338.1,0x2C1,8,04 00 00 00 00 00 00 00
92338.3,0x201,8,03 00 00 00 00 00 00 00
92350.7,0x381,8,0B 00 00 00 00 00 00 00
92358.1,0x2C1,8,50 44 FE 00 50 8E 02 00
92359.1,0x224,8,04 08 00 20 E3 00 10 08
92360.5,0x281,6,14 00 FF 1F 00 01
92361.4,0x2B4,6,39 05 0D 0F F6 00
92363.2,0x201,8,00 32 4F 1A 00 E4 FF 00
92367.1,0x29D,4,00 00 00 20
92378.3,0x2C1,8,21 2B 0D 0A 02 00 00 00
92388.1,0x201,8,59 28 98 00 01 00 00 00
92388.3,0x381,8,0C 00 00 00 00 00 00 00
92398.4,0x2C1,8,02 19 06 00 00 D0 92 09
92404.1,0x2F1,8,09 01 00 00 00 48 03 00
92413.1,0x201,8,02 00 00 00 00 00 00 00
92418.1,0x2C1,8,B3 1A 98 00 00 00 00 00
92426.5,0x381,8,0D 00 00 00 00 00 00 00
92438.1,0x2C1,8,04 00 00 00 00 00 00 00
92438.3,0x201,8,03 00 00 00 00 00 00 00
92458.0,0x2C1,8,50 44 FE 00 50 8E 02 00
92459.1,0x224,8,04 08 00 40 E3 00 10 08
92460.5,0x281,6,14 00 FF 1F 00 01
92461.4,0x2B4,6,3A 05 0E 0F F3 00
92463.1,0x201,8,00 31 4F 1A 00 E4 FF 00
92464.1,0x381,8,0E 00 00 00 00 E0 FF 00
92468.5,0x29D,4,00 00 00 20
92478.3,0x2C1,8,21 2B 0D 0A 02 00 00 00
92488.0,0x201,8,59 28 98 00 01 00 00 00
92498.1,0x2C1,8,02 19 06 00 00 D0 92 09
92502.1,0x381,8,EF FF FF CD 03 00 CF 0C
92504.6,0x2F1,8,0A 85 01 00 00 00 00 00
92513.1,0x201,8,02 00 00 00 00 00 00 00
92518.3,0x2C1,8,B3 1A 98 00 00 00 00 00
92538.3,0x201,8,03 00 00 00 00 00 00 00
92538.7,0x2C1,8,04 00 00 00 00 00 00 00
92540.1,0x381,8,10 00 00 00 00 00 00 00
92559.1,0x224,8,04 08 00 20 E3 00 10 08
92560.5,0x281,6,15 00 FF 1F 00 01
92561.4,0x2B4,6,3A 05 0D 0F 01 01
92561.6,0x2C1,8,50 44 FE 00 50 8E 02 00
92563.2,0x201,8,00 32 4F 1A 00 E4 FF 00
92566.6,0x29D,4,00 00 00 20
92578.1,0x2C1,8,21 2B 0D 0A 02 00 00 00
92578.3,0x381,8,11 00 00 00 00 00 00 00
92588.3,0x201,8,59 28 98 00 01 00 00 00
92598.0,0x2C1,8,02 19 06 00 00 D0 92 09
92604.3,0x2F1,8,2B 82 00 00 00 00 00 00
92613.1,0x201,8,02 00 00 00 00 00 00 00
92617.4,0x381,8,B2 00 00 00 00 00 A8 00
92618.1,0x2C1,8,B3 1A 98 00 00 00 00 00
92638.3,0x201,8,03 00 00 00 00 00 00 00
92638.8,0x2C1,8,04 00 00 00 00 00 00 00
92654.6,0x381,8,13 00 00 00 00 04 FC FF
92659.2,0x224,8,04 08 00 20 E3 00 10 08
92660.5,0x281,6,15 00 FF 1F 00 01
92661.4,0x2B4,6,39 05 0D 0F FC 00
92661.7,0x2C1,8,50 44 FE 00 50 8E 02 00
92663.2,0x201,8,00 32 4F 1A 00 E4 FF 00
92666.4,0x29D,4,00 00 00 20
92671.5,0x333,5,84 0C 2F 07 00
92678.1,0x2C1,8,21 2B 0D 0A 02 00 00 00
92688.1,0x201,8,59 28 98 00 01 00 00 00
92692.2,0x381,8,14 00 00 00 00 00 00 00
92698.1,0x2C1,8,02 19 06 00 00 D0 92 09
92704.1,0x2F1,8,0C 1D 40 98 00 86 32 35
92713.1,0x201,8,02 00 00 00 00 00 00 00
92718.3,0x2C1,8,B3 1A 98 00 00 00 00 00
92730.4,0x381,8,15 20 58 32 50 00 1A 01
92738.1,0x2C1,8,04 00 00 00 00 00 00 00
92738.3,0x201,8,03 00 00 00 00 00 00 00
92758.1,0x2C1,8,50 44 FE 00 50 8E 02 00
92759.2,0x224,8,04 08 00 40 E3 00 10 08
92760.8,0x281,6,15 00 FF 1F 00 01
92761.9,0x2B4,6,39 05 0E 0F FD 00
92763.1,0x201,8,00 32 4E 1A 00 E4 FF 00
92766.7,0x29D,4,00 00 00 20
92768.1,0x381,8,16 10 00 00 00 7F 00 00
92778.3,0x2C1,8,21 2B 0D 0A 02 00 00 00
92788.1,0x201,8,59 28 98 00 01 00 00 00
92799.0,0x2C1,8,02 19 06 00 00 D0 92 09
92804.1,0x2F1,8,0D C9 9B 40 21 00 08 00
92806.3,0x381,8,17 00 00 00 00 00 00 00
92813.1,0x201,8,02 00 00 00 00 00 00 00
92818.1,0x2C1,8,B3 1A 98 00 00 00 00 00
92838.1,0x301,8,0D 5F FE 36 6F 00 00 00
92838.3,0x201,8,03 00 00 00 00 00 00 00
92838.6,0x2C1,8,04 00 00 00 00 00 00 00
92844.1,0x381,8,18 00 00 00 00 00 00 00
92858.1,0x2C1,8,50 44 FE 00 50 8E 02 00
92859.2,0x224,8,04 08 00 40 E3 00 10 08
92860.5,0x281,6,14 00 FF 1F 00 01
92861.4,0x2B4,6,3B 05 0C 0F FB 00
92863.4,0x201,8,00 32 4F 1A 00 E4 FF 00
92867.1,0x29D,4,00 00 00 20
92878.3,0x2C1,8,21 2B 0D 0A 02 00 00 00
92882.7,0x381,8,19 00 00 00 00 00 00 00
92888.1,0x201,8,59 28 98 00 01 00 00 00
92898.1,0x2C1,8,02 19 06 00 00 D0 92 09
92904.1,0x2F1,8,0E 00 00 00 00 00 00 00
92913.1,0x201,8,02 00 00 00 00 00 00 00
92918.1,0x2C1,8,B3 1A 98 00 00 00 00 00
92920.6,0x381,8,80 89 07 40 DE 00 A8 15
92938.3,0x201,8,03 00 00 00 00 00 00 00
92938.7,0x2C1,8,04 00 00 00 00 00 00 00
92959.2,0x224,8,04 08 00 40 E3 00 10 08
92960.6,0x281,6,13 00 FF 1F 00 01
92961.5,0x2B4,6,3B 05 10 0F FE 00
92961.7,0x2C1,8,50 44 FE 00 50 8E 02 00
92962.8,0x381,8,81 5D 00 0E 97 94 94 40
92963.3,0x201,8,00 32 4F 1A 00 E4 FF 00
92967.1,0x29D,4,00 00 00 20
92978.1,0x2C1,8,21 2B 0D 0A 02 00 00 00
92988.1,0x201,8,59 28 98 00 01 00 00 00
92996.3,0x381,8,22 A0 F8 77 41 20 00 00
92998.1,0x2C1,8,02 19 06 00 00 D0 92 09
93004.1,0x2F1,8,0F 5A 69 96 99 B3 39 00
93013.1,0x201,8,02 00 00 00 00 00 00 00
93018.1,0x2C1,8,B3 1A 98 00 00 00 00 00
93034.3,0x381,8,A3 32 3E 00 4C 29 04 00
93038.3,0x201,8,03 00 00 00 00 00 00 00
93038.8,0x2C1,8,04 00 00 00 00 00 00 00
93058.1,0x2C1,8,50 44 FE 00 50 8E 02 00
93059.2,0x224,8,04 08 00 40 E3 00 10 08
93060.6,0x281,6,13 00 FF 1F 00 01
93061.5,0x2B4,6,38 05 0D 0F F3 00
93063.2,0x201,8,00 31 4F 1A 00 E4 FF 00
93067.9,0x29D,4,00 00 00 20
93072.4,0x381,8,04 00 00 00 00 00 00 00
93078.4,0x2C1,8,21 2B 0D 0A 02 00 00 00
93088.1,0x201,8,59 28 98 00 01 00 00 00
93098.1,0x2C1,8,02 19 06 00 00 D0 92 09
93104.6,0x2F1,8,10 00 00 D8 13 00 00 00
93110.1,0x381,8,05 00 00 00 00 D8 64 08
93113.1,0x201,8,02 00 00 00 00 00 00 00
93118.4,0x2C1,8,B3 1A 98 00 00 00 00 00
93138.4,0x201,8,03 00 00 00 00 00 00 00
93138.9,0x2C1,8,04 00 00 00 00 00 00 00
93148.6,0x381,8,06 00 00 00 00 00 00 00
93158.1,0x2C1,8,50 44 FE 00 50 8E 02 00
93159.2,0x224,8,04 08 00 40 E3 00 10 08
93160.6,0x281,6,13 00 FF 1F 00 01
93161.5,0x2B4,6,3B 05 10 0F 00 01
93163.3,0x201,8,00 32 4F 1A 00 E4 FF 00
93167.2,0x29D,4,00 00 00 20
93170.4,0x333,5,84 0C 2F 07 00
93178.2,0x2C1,8,21 2B 0D 0A 02 00 00 00
93186.3,0x381,8,07 00 00 00 00 00 00 00
93188.1,0x201,8,59 28 98 00 01 00 00 00
93198.4,0x2C1,8,02 19 06 00 00 D0 92 09
93205.0,0x2F1,8,11 54 00 4B 00 7D 0C 00
93213.1,0x201,8,02 00 00 00 00 00 00 00
93218.4,0x2C1,8,B3 1A 98 00 00 00 00 00
93224.1,0x381,8,08 00 00 00 00 00 00 00
93238.1,0x321,8,37 DE A8 91 01 8A 70 6D
93238.4,0x201,8,03 00 00 00 00 00 00 00
93238.7,0x2C1,8,04 00 00 00 00 00 00 00
93258.2,0x2C1,8,50 44 FE 00 50 8E 02 00
93259.2,0x224,8,04 08 00 40 E3 00 10 08
93260.6,0x281,6,13 00 FF 1F 00 01
93261.5,0x2B4,6,38 05 0D 0F FA 00
93262.8,0x381,8,09 00 00 00 00 00 00 00
93263.3,0x201,8,00 32 4F 1A 00 E4 FF 00
93267.1,0x29D,4,00 00 00 20
93278.4,0x2C1,8,21 2B 0D 0A 02 00 00 00
93288.4,0x201,8,59 28 98 00 01 00 00 00
93298.2,0x2C1,8,02 19 06 00 00 D0 92 09
93300.4,0x381,8,0A 00 00 00 00 00 00 00
93304.2,0x2F1,8,32 14 00 00 00 01 00 00
93313.2,0x201,8,02 00 00 00 00 00 00 00
93318.1,0x2C1,8,B3 1A 98 00 00 00 00 00
93338.2,0x2C1,8,04 00 00 00 00 00 00 00
93338.4,0x201,8,03 00 00 00 00 00 00 00
93338.9,0x381,8,0B 00 00 00 00 00 00 00
93359.2,0x224,8,04 08 00 40 E3 00 10 08
93360.8,0x281,6,14 00 FF 1F 00 01
93361.8,0x2B4,6,3C 05 0D 0F F6 00
93362.0,0x2C1,8,50 44 FE 00 50 8E 02 00
93363.3,0x201,8,00 33 50 1A 00 E4 FF 00
93367.2,0x29D,4,00 00 00 20
93376.3,0x381,8,0C 00 00 00 00 00 00 00
93378.2,0x2C1,8,21 2B 0D 0A 02 00 00 00
93388.2,0x201,8,59 28 98 00 01 00 00 00
93398.2,0x2C1,8,02 19 06 00 00 D0 92 09
93404.6,0x2F1,8,00 91 34 01 43 00 10 00
93413.2,0x201,8,02 00 00 00 00 00 00 00
93414.4,0x381,8,0D 00 00 00 00 00 00 00
93418.2,0x2C1,8,B3 1A 98 00 00 00 00 00
93438.4,0x201,8,03 00 00 00 00 00 00 00
93438.7,0x2C1,8,04 00 00 00 00 00 00 00
93452.3,0x381,8,0E 00 00 00 00 E0 FF 00
93459.3,0x224,8,04 08 00 40 E3 00 10 08
93460.5,0x281,6,13 00 FF 1F 00 01
93461.1,0x2B4,6,39 05 10 0F F7 00
93461.6,0x2C1,8,50 44 FE 00 50 8E 02 00
93463.2,0x201,8,00 33 4E 19 00 E4 FF 00
93468.3,0x29D,4,00 00 00 20
93478.4,0x2C1,8,21 2B 0D 0A 02 00 00 00
93488.1,0x201,8,59 28 98 00 01 00 00 00
93491.1,0x381,8,EF FF FF CD 03 00 CF 0C
93498.4,0x2C1,8,02 19 06 00 00 D0 92 09
93504.5,0x2F1,8,01 11 37 01 43 80 08 00
93513.2,0x201,8,02 00 00 00 00 00 00 00
93518.4,0x2C1,8,B3 1A 98 00 00 00 00 00
93528.2,0x381,8,10 00 00 00 00 00 00 00
93538.4,0x201,8,03 00 00 00 00 00 00 00
93538.8,0x2C1,8,04 00 00 00 00 00 00 00
93558.2,0x2C1,8,58 44 FE 00 50 8E 02 00
93559.3,0x224,8,04 08 00 40 E3 00 10 08
93560.6,0x281,6,13 00 FF 1F 00 01
93561.5,0x2B4,6,39 05 0D 0F F8 00
93563.5,0x201,8,00 32 50 1A 00 E4 FF 00
93567.1,0x29D,4,00 00 00 20
93567.7,0x381,8,11 00 00 00 00 00 00 00
93578.2,0x2C1,8,21 2B 0D 0A 02 00 00 00
93588.2,0x201,8,59 28 98 00 01 00 00 00
93598.4,0x2C1,8,02 19 06 00 00 D0 92 09
93604.2,0x2F1,8,02 11 3A 81 42 00 00 00
93604.7,0x381,8,B2 00 00 00 00 00 A8 00
93613.2,0x201,8,02 00 00 00 00 00 00 00
93618.2,0x2C1,8,B3 1A 98 00 00 00 00 00
93638.4,0x201,8,03 00 00 00 00 00 00 00
93638.7,0x2C1,8,04 00 00 00 00 00 00 00
93642.2,0x381,8,13 00 00 00 00 04 FC FF
93658.2,0x2C1,8,58 44 FE 00 50 8E 02 00
93659.3,0x224,8,04 08 00 20 E3 00 10 08
93660.6,0x281,6,12 00 FF 1F 00 01
93661.5,0x2B4,6,3A 05 0E 0F FE 00
93663.3,0x201,8,00 32 4F 1A 00 E4 FF 00
93666.5,0x29D,4,00 00 00 20
93671.5,0x333,5,84 0C 2F 07 00
93678.4,0x2C1,8,21 2B 0D 0A 02 00 00 00
93680.6,0x381,8,14 00 00 00 00 00 00 00
93688.2,0x201,8,59 28 98 00 01 00 00 00
93698.2,0x2C1,8,02 19 06 00 00 D0 92 09
93704.2,0x2F1,8,03 11 36 81 42 00 01 00
93713.2,0x201,8,02 00 00 00 00 00 00 00
93718.2,0x2C1,8,B3 1A 98 00 00 00 00 00
93718.4,0x381,8,15 20 58 32 50 00 1A 01
93738.2,0x2C1,8,04 00 00 00 00 00 00 00
93738.5,0x201,8,03 00 00 00 00 00 00 00
93756.3,0x381,8,16 10 00 00 00 7F 00 00
93759.3,0x224,8,04 08 00 40 E3 00 10 08
93760.6,0x281,6,12 00 FF 1F 00 01
93761.8,0x2B4,6,3A 05 0E 0F F8 00
93762.0,0x2C1,8,58 44 FE 00 50 8E 02 00
93763.4,0x201,8,00 33 50 1A 00 E4 FF 00
93766.7,0x29D,4,00 00 00 20
93778.4,0x2C1,8,21 2B 0D 0A 02 00 00 00
93788.2,0x201,8,59 28 98 00 01 00 00 00
93794.5,0x381,8,17 00 00 00 00 00 00 00
93798.2,0x2C1,8,02 19 06 00 00 D0 92 09
93804.2,0x2F1,8,04 10 37 81 2F 00 01 00
93813.2,0x201,8,02 00 00 00 00 00 00 00
93818.2,0x2C1,8,B3 1A 98 00 00 00 00 00
93832.3,0x381,8,18 00 00 00 00 00 00 00
93838.2,0x301,8,11 00 00 00 00 00 00 00
93838.5,0x201,8,03 00 00 00 00 00 00 00
93838.9,0x2C1,8,04 00 00 00 00 00 00 00
93859.3,0x2C1,8,58 44 FE 00 50 8E 02 00
93860.4,0x281,6,11 00 FF 1F 00 01
93861.1,0x2B4,6,3A 05 0D 0F FD 00
93863.3,0x201,8,00 32 50 1A 00 E4 FF 00
93864.9,0x224,8,04 08 00 40 E3 00 10 08
93867.2,0x29D,4,00 00 00 20
93870.5,0x381,8,19 00 00 00 00 00 00 00
93878.2,0x2C1,8,21 2B 0D 0A 02 00 00 00
93888.2,0x201,8,59 28 98 00 01 00 00 00
93898.2,0x2C1,8,02 19 06 00 00 D0 92 09
93905.1,0x2F1,8,05 90 35 01 2F 00 01 00
93908.2,0x381,8,80 89 07 40 DE 00 A8 15
93913.2,0x201,8,02 00 00 00 00 00 00 00
93918.7,0x2C1,8,B3 1A 98 00 00 00 00 00
93938.5,0x201,8,03 00 00 00 00 00 00 00
93938.9,0x2C1,8,04 00 00 00 00 00 00 00
93946.5,0x381,8,81 5D 00 0E 97 94 94 40
93959.4,0x224,8,04 08 00 00 E3 00 10 08
93960.5,0x281,6,11 00 FF 1F 00 01
93961.0,0x2B4,6,3A 05 0D 0F F8 00
93961.2,0x2C1,8,50 48 FE 00 50 8E 02 00
93963.3,0x201,8,00 33 50 1A 00 E4 FF 00
93967.1,0x29D,4,00 00 00 20
93978.2,0x2C1,8,21 2B 0D 0A 02 00 00 00
93984.2,0x381,8,22 A0 F8 77 41 20 00 00
93988.4,0x201,8,59 28 98 00 01 00 00 00
93998.4,0x2C1,8,02 19 06 00 00 D0 92 09
94004.2,0x2F1,8,06 10 33 01 08 00 01 00
94013.2,0x201,8,02 00 00 00 00 00 00 00
94018.4,0x2C1,8,B3 1A 98 00 00 00 00 00
94022.4,0x381,8,A3 32 3E 00 4C 29 04 00
94038.4,0x201,8,03 00 00 00 00 00 00 00
94038.6,0x2C1,8,04 00 00 00 00 00 00 00
94059.4,0x224,8,04 08 00 A0 E3 00 10 08
94060.5,0x281,6,11 00 FF 1F 00 01
94060.9,0x2B4,6,3B 05 0D 0F F7 00
94061.2,0x2C1,8,50 44 FE 00 50 8E 02 00
94062.7,0x381,8,04 00 00 00 00 00 00 00
94063.3,0x201,8,00 33 4F 19 00 E4 FF 00
94067.2,0x29D,4,00 00 00 20
94078.5,0x2C1,8,21 2B 0D 0A 02 00 00 00
94088.3,0x201,8,59 28 98 00 01 00 00 00
94098.2,0x2C1,8,02 19 06 00 00 D0 92 09
94098.4,0x381,8,05 00 00 00 80 D8 64 08
94104.2,0x2F1,8,07 00 00 00 00 00 00 00
94113.2,0x201,8,02 00 00 00 00 00 00 00
94118.2,0x2C1,8,B3 1A 98 00 00 00 00 00
94136.5,0x381,8,06 00 00 00 00 00 00 00
94138.5,0x201,8,03 00 00 00 00 00 00 00
94139.0,0x2C1,8,04 00 00 00 00 00 00 00
94159.4,0x224,8,04 08 00 20 E3 00 10 08
94160.5,0x281,6,11 00 FF 1F 00 01
94161.2,0x2B4,6,3A 05 0E 0F F9 00
94161.7,0x2C1,8,50 48 FE 00 50 8E 02 00
94163.5,0x201,8,00 32 50 1A 00 E4 FF 00
94167.3,0x29D,4,00 00 00 20
94171.1,0x333,5,84 0C 2F 07 00
94174.6,0x381,8,07 00 00 00 00 00 00 00
94178.2,0x2C1,8,21 2B 0D 0A 02 00 00 00
94188.2,0x201,8,59 28 98 00 01 00 00 00
94198.5,0x2C1,8,02 19 06 00 00 D0 92 09
94204.2,0x2F1,8,08 01 00 00 00 18 03 00
94212.4,0x381,8,08 00 00 00 00 00 00 00
94213.2,0x201,8,02 00 00 00 00 00 00 00
94218.4,0x2C1,8,B3 1A 98 00 00 00 00 00
94238.2,0x321,8,37 DE A8 91 01 8A 80 7D
94238.5,0x201,8,03 00 00 00 00 00 00 00
94238.9,0x2C1,8,04 00 00 00 00 00 00 00
94250.2,0x381,8,09 00 00 00 00 00 00 00
94258.3,0x2C1,8,50 48 FE 00 50 8E 02 00
94260.5,0x281,6,10 00 FF 1F 00 01
94260.7,0x2B4,6,39 05 10 0F EE 00
94261.6,0x224,8,04 08 00 80 E3 00 10 08
94263.2,0x201,8,00 32 50 1A 00 E4 FF 00
94268.0,0x29D,4,00 00 00 20
94278.2,0x2C1,8,21 2B 0D 0A 02 00 00 00
94288.2,0x201,8,59 28 98 00 01 00 00 00
94288.5,0x381,8,0A 00 00 00 00 00 00 00
94298.3,0x2C1,8,02 19 06 00 00 D0 92 09
94304.2,0x2F1,8,09 01 00 00 00 40 03 00
94313.2,0x201,8,02 00 00 00 00 00 00 00
94318.5,0x2C1,8,B3 1A 98 00 00 00 00 00
94327.3,0x381,8,0B 00 00 00 00 00 00 00
94338.5,0x201,8,03 00 00 00 00 00 00 00
94339.0,0x2C1,8,04 00 00 00 00 00 00 00
94359.3,0x224,8,04 08 00 80 E3 00 10 08
94360.6,0x281,6,0F 00 FF 1F 00 01
94360.8,0x2B4,6,38 05 10 0F F2 00
94361.1,0x2C1,8,50 48 FE 00 50 8E 02 00
94363.5,0x201,8,00 33 51 1A 00 E4 FF 00
94364.2,0x381,8,0C 00 00 00 00 00 00 00
94368.3,0x29D,4,00 00 00 20
94378.3,0x2C1,8,21 2B 0D 0A 02 00 00 00
94388.2,0x201,8,59 28 98 00 01 00 00 00
94398.4,0x2C1,8,02 19 06 00 00 D0 92 09
94402.5,0x381,8,0D 00 00 00 00 00 00 00
94404.7,0x2F1,8,0A 85 01 00 00 00 00 00
94413.2,0x201,8,02 00 00 00 00 00 00 00
94418.2,0x2C1,8,B3 1A 98 00 00 00 00 00
94438.3,0x2C1,8,04 00 00 00 00 00 00 00
94438.5,0x201,8,03 00 00 00 00 00 00 00
94440.3,0x381,8,0E 00 00 00 00 E0 FF 00
94458.3,0x2C1,8,50 48 FE 00 50 8E 02 00
94459.4,0x224,8,04 08 00 80 E3 00 10 08
94460.5,0x281,6,10 00 FF 1F 00 01
94461.0,0x2B4,6,39 05 0C 0F F4 00
94463.3,0x201,8,00 32 50 19 00 E4 FF 00
94468.4,0x29D,4,00 00 00 20
94478.7,0x2C1,8,21 2B 0D 0A 02 00 00 00
94479.1,0x381,8,EF FF FF CD 03 00 CF 0C
94488.2,0x201,8,59 28 98 00 01 00 00 00
94498.2,0x2C1,8,02 19 06 00 00 D0 92 09
94504.3,0x2F1,8,2B 92 00 00 00 00 00 00
94513.3,0x201,8,02 00 00 00 00 00 00 00
94517.4,0x381,8,10 00 00 00 00 00 00 00
94518.3,0x2C1,8,B3 1A 98 00 00 00 00 00
94538.4,0x201,8,03 00 00 00 00 00 00 00
94539.0,0x2C1,8,04 00 00 00 00 00 00 00
94554.7,0x381,8,11 00 00 00 00 00 00 00
94559.3,0x224,8,04 08 00 60 E3 00 10 08
94560.5,0x281,6,10 00 FF 1F 00 01
94560.9,0x2B4,6,3A 05 0E 0F FB 00
94561.1,0x2C1,8,50 48 FE 00 50 8E 02 00
94563.3,0x201,8,00 31 51 1A 00 E4 FF 00
94567.2,0x29D,4,00 00 00 20
94578.3,0x2C1,8,21 2B 0D 0A 02 00 00 00
94588.3,0x201,8,59 28 98 00 01 00 00 00
94592.4,0x381,8,B2 00 00 00 00 00 A8 00
94598.3,0x2C1,8,02 19 06 00 00 D0 92 09
94604.3,0x2F1,8,0C 19 40 18 01 86 32 35
94613.3,0x201,8,02 00 00 00 00 00 00 00
94618.5,0x2C1,8,B3 1A 98 00 00 00 00 00
94630.8,0x381,8,13 00 00 00 00 03 FC FF
94638.5,0x201,8,03 00 00 00 00 00 00 00
94639.0,0x2C1,8,04 00 00 00 00 00 00 00
